{
  "target": "m1",
  "mode": "per_group",
  "num_samples": 1160,
  "analyzed_teeth": [
    "t16",
    "t26",
    "t36",
    "t46"
  ],
  "C": 15,
  "L": 12,
  "coord_mm": {
    "mean": 2.5836660861968994,
    "median": 2.040004253387451,
    "pck@1mm": 0.21221264367816092,
    "pck@2mm": 0.49008620689655175,
    "pck@3mm": 0.6725574712643678
  },
  "heatmap_mse": {
    "mean": 0.01925341784954071,
    "median": 0.012111369520425797
  }
}