{
  "predictions": {
    "t27": {
      "landmarks_local": {
        "mb": [
          3.4031028747558594,
          -0.2359027862548828,
          3.264585494995117
        ],
        "db": [
          2.0169143676757812,
          -0.9655380249023438,
          -2.8376731872558594
        ],
        "ml": [
          -2.7634925842285156,
          -3.118741035461426,
          0.5179557800292969
        ],
        "dl": [
          -2.208660125732422,
          -2.3934326171875,
          -4.372287750244141
        ],
        "bg": [
          2.673839569091797,
          -0.35428524017333984,
          -1.201242446899414
        ],
        "m": [
          -0.4119529724121094,
          0.8316764831542969,
          0.07107734680175781
        ],
        "mr": [
          -1.2415275573730469,
          -0.035858154296875,
          4.666116714477539
        ],
        "dr": [
          -1.2105674743652344,
          0.11097908020019531,
          -6.124149322509766
        ],
        "mc": [
          -1.416616439819336,
          0.06595230102539062,
          4.651369094848633
        ],
        "dc": [
          -0.8018169403076172,
          0.547602653503418,
          -6.1051177978515625
        ],
        "bgb": [
          4.2404022216796875,
          4.720369815826416,
          -1.9673271179199219
        ],
        "lgb": [
          -6.181171417236328,
          -1.4943914413452148,
          -1.90264892578125
        ]
      },
      "landmarks_global": {
        "mb": [
          3.4031028747558594,
          -0.2359027862548828,
          3.264585494995117
        ],
        "db": [
          2.0169143676757812,
          -0.9655380249023438,
          -2.8376731872558594
        ],
        "ml": [
          -2.7634925842285156,
          -3.118741035461426,
          0.5179557800292969
        ],
        "dl": [
          -2.208660125732422,
          -2.3934326171875,
          -4.372287750244141
        ],
        "bg": [
          2.673839569091797,
          -0.35428524017333984,
          -1.201242446899414
        ],
        "m": [
          -0.4119529724121094,
          0.8316764831542969,
          0.07107734680175781
        ],
        "mr": [
          -1.2415275573730469,
          -0.035858154296875,
          4.666116714477539
        ],
        "dr": [
          -1.2105674743652344,
          0.11097908020019531,
          -6.124149322509766
        ],
        "mc": [
          -1.416616439819336,
          0.06595230102539062,
          4.651369094848633
        ],
        "dc": [
          -0.8018169403076172,
          0.547602653503418,
          -6.1051177978515625
        ],
        "bgb": [
          4.2404022216796875,
          4.720369815826416,
          -1.9673271179199219
        ],
        "lgb": [
          -6.181171417236328,
          -1.4943914413452148,
          -1.90264892578125
        ]
      },
      "indices": {
        "mb": 2034,
        "db": 1048,
        "ml": 783,
        "dl": 487,
        "bg": 1313,
        "m": 2566,
        "mr": 972,
        "dr": 120,
        "mc": 2561,
        "dc": 606,
        "bgb": 2833,
        "lgb": 7
      },
      "scores": {
        "mb": 0.9292715787887573,
        "db": 0.9421107769012451,
        "ml": 0.9267843961715698,
        "dl": 0.9435902833938599,
        "bg": 0.9447779655456543,
        "m": 0.9494804739952087,
        "mr": 0.9468217492103577,
        "dr": 0.9610649347305298,
        "mc": 0.9477702379226685,
        "dc": 0.9665740132331848,
        "bgb": 0.9370057582855225,
        "lgb": 0.9382188320159912
      },
      "top1": {
        "mb": 0.9292715787887573,
        "db": 0.9421107769012451,
        "ml": 0.9267843961715698,
        "dl": 0.9435902833938599,
        "bg": 0.9447779655456543,
        "m": 0.9494804739952087,
        "mr": 0.9468217492103577,
        "dr": 0.9610649347305298,
        "mc": 0.9477702379226685,
        "dc": 0.9665740132331848,
        "bgb": 0.9370057582855225,
        "lgb": 0.9382188320159912
      },
      "peak_scores": {
        "mb": 0.9292715787887573,
        "db": 0.9421107769012451,
        "ml": 0.9267843961715698,
        "dl": 0.9435902833938599,
        "bg": 0.9447779655456543,
        "m": 0.9494804739952087,
        "mr": 0.9468217492103577,
        "dr": 0.9610649347305298,
        "mc": 0.9477702379226685,
        "dc": 0.9665740132331848,
        "bgb": 0.9370057582855225,
        "lgb": 0.9382188320159912
      },
      "top2": {
        "mb": 0.9291353821754456,
        "db": 0.9419439435005188,
        "ml": 0.9264723062515259,
        "dl": 0.9432302713394165,
        "bg": 0.9442603588104248,
        "m": 0.948513925075531,
        "mr": 0.9467823505401611,
        "dr": 0.9607958793640137,
        "mc": 0.9476378560066223,
        "dc": 0.9662182331085205,
        "bgb": 0.9367430210113525,
        "lgb": 0.9363126158714294
      },
      "second_scores": {
        "mb": 0.9291353821754456,
        "db": 0.9419439435005188,
        "ml": 0.9264723062515259,
        "dl": 0.9432302713394165,
        "bg": 0.9442603588104248,
        "m": 0.948513925075531,
        "mr": 0.9467823505401611,
        "dr": 0.9607958793640137,
        "mc": 0.9476378560066223,
        "dc": 0.9662182331085205,
        "bgb": 0.9367430210113525,
        "lgb": 0.9363126158714294
      },
      "margin": {
        "mb": 0.00013619661331176758,
        "db": 0.00016683340072631836,
        "ml": 0.0003120899200439453,
        "dl": 0.0003600120544433594,
        "bg": 0.0005176067352294922,
        "m": 0.0009665489196777344,
        "mr": 3.93986701965332e-05,
        "dr": 0.0002690553665161133,
        "mc": 0.00013238191604614258,
        "dc": 0.00035578012466430664,
        "bgb": 0.0002627372741699219,
        "lgb": 0.0019062161445617676
      },
      "meta": {
        "case_id": "001",
        "arch": "U",
        "fdi": 27,
        "tooth_id": 14,
        "sigma_mm": 5.0,
        "unit": "mm"
      }
    }
  },
  "meta": {
    "root": "C:\\MISC\\Deepcare\\Orthodontics\\datasets\\landmarks_dataset\\cooked\\p0\\samples_case001U"
  }
}