{
  "predictions": {
    "t27": {
      "landmarks_local": {
        "mb": [
          3.6825809478759766,
          0.058175086975097656,
          3.65878963470459
        ],
        "db": [
          1.7260551452636719,
          -1.0980873107910156,
          -2.634235382080078
        ],
        "ml": [
          -2.9567527770996094,
          -3.184981346130371,
          0.6313190460205078
        ],
        "dl": [
          -2.4557647705078125,
          -2.4819021224975586,
          -4.333827972412109
        ],
        "bg": [
          2.978057861328125,
          0.17810535430908203,
          -0.8018970489501953
        ],
        "m": [
          -0.04649925231933594,
          0.5988950729370117,
          -0.5095977783203125
        ],
        "mr": [
          -1.5094795227050781,
          -0.42289066314697266,
          4.089484214782715
        ],
        "dr": [
          -1.5086631774902344,
          -0.15293312072753906,
          -6.145931243896484
        ],
        "mc": [
          -1.722097396850586,
          0.16473674774169922,
          4.555551528930664
        ],
        "dc": [
          -1.2105674743652344,
          0.11097908020019531,
          -6.124149322509766
        ],
        "bgb": [
          4.2404022216796875,
          4.720369815826416,
          -1.9673271179199219
        ],
        "lgb": [
          -6.181171417236328,
          -1.4943914413452148,
          -1.90264892578125
        ]
      },
      "landmarks_global": {
        "mb": [
          30.809906005859375,
          -10.365077018737793,
          -15.633234977722168
        ],
        "db": [
          28.85338020324707,
          -11.521339416503906,
          -21.926259994506836
        ],
        "ml": [
          24.17057228088379,
          -13.608233451843262,
          -18.66070556640625
        ],
        "dl": [
          24.671560287475586,
          -12.90515422821045,
          -23.625852584838867
        ],
        "bg": [
          30.105382919311523,
          -10.245146751403809,
          -20.093921661376953
        ],
        "m": [
          27.080825805664062,
          -9.824357032775879,
          -19.80162239074707
        ],
        "mr": [
          25.61784553527832,
          -10.846142768859863,
          -15.202540397644043
        ],
        "dr": [
          25.618661880493164,
          -10.57618522644043,
          -25.437955856323242
        ],
        "mc": [
          25.405227661132812,
          -10.258515357971191,
          -14.736473083496094
        ],
        "dc": [
          25.916757583618164,
          -10.312273025512695,
          -25.416173934936523
        ],
        "bgb": [
          31.367727279663086,
          -5.702882289886475,
          -21.25935173034668
        ],
        "lgb": [
          20.94615364074707,
          -11.917643547058105,
          -21.194673538208008
        ]
      },
      "indices": {
        "mb": 769,
        "db": 147,
        "ml": 2153,
        "dl": 1902,
        "bg": 1041,
        "m": 261,
        "mr": 149,
        "dr": 735,
        "mc": 1352,
        "dc": 120,
        "bgb": 2833,
        "lgb": 7
      },
      "scores": {
        "mb": 0.9496226906776428,
        "db": 0.9552088975906372,
        "ml": 0.9601802229881287,
        "dl": 0.9592158198356628,
        "bg": 0.9523119330406189,
        "m": 0.9528847932815552,
        "mr": 0.9551706910133362,
        "dr": 0.9667742252349854,
        "mc": 0.9501135945320129,
        "dc": 0.9603023529052734,
        "bgb": 0.9556769132614136,
        "lgb": 0.9511017203330994
      },
      "top1": {
        "mb": 0.9496226906776428,
        "db": 0.9552088975906372,
        "ml": 0.9601802229881287,
        "dl": 0.9592158198356628,
        "bg": 0.9523119330406189,
        "m": 0.9528847932815552,
        "mr": 0.9551706910133362,
        "dr": 0.9667742252349854,
        "mc": 0.9501135945320129,
        "dc": 0.9603023529052734,
        "bgb": 0.9556769132614136,
        "lgb": 0.9511017203330994
      },
      "peak_scores": {
        "mb": 0.9496226906776428,
        "db": 0.9552088975906372,
        "ml": 0.9601802229881287,
        "dl": 0.9592158198356628,
        "bg": 0.9523119330406189,
        "m": 0.9528847932815552,
        "mr": 0.9551706910133362,
        "dr": 0.9667742252349854,
        "mc": 0.9501135945320129,
        "dc": 0.9603023529052734,
        "bgb": 0.9556769132614136,
        "lgb": 0.9511017203330994
      },
      "top2": {
        "mb": 0.949510931968689,
        "db": 0.9548371434211731,
        "ml": 0.9601059556007385,
        "dl": 0.9589101076126099,
        "bg": 0.9521070718765259,
        "m": 0.9520743489265442,
        "mr": 0.9546733498573303,
        "dr": 0.9660224914550781,
        "mc": 0.9498881101608276,
        "dc": 0.9594361186027527,
        "bgb": 0.9550650119781494,
        "lgb": 0.9508408308029175
      },
      "second_scores": {
        "mb": 0.949510931968689,
        "db": 0.9548371434211731,
        "ml": 0.9601059556007385,
        "dl": 0.9589101076126099,
        "bg": 0.9521070718765259,
        "m": 0.9520743489265442,
        "mr": 0.9546733498573303,
        "dr": 0.9660224914550781,
        "mc": 0.9498881101608276,
        "dc": 0.9594361186027527,
        "bgb": 0.9550650119781494,
        "lgb": 0.9508408308029175
      },
      "margin": {
        "mb": 0.00011175870895385742,
        "db": 0.00037175416946411133,
        "ml": 7.426738739013672e-05,
        "dl": 0.0003057122230529785,
        "bg": 0.00020486116409301758,
        "m": 0.0008104443550109863,
        "mr": 0.0004973411560058594,
        "dr": 0.0007517337799072266,
        "mc": 0.00022548437118530273,
        "dc": 0.000866234302520752,
        "bgb": 0.0006119012832641602,
        "lgb": 0.00026088953018188477
      },
      "meta": {
        "case_id": "001",
        "arch": "U",
        "fdi": 27,
        "tooth_id": 14,
        "sigma_mm": 5.0,
        "unit": "mm",
        "offset_mm": [
          27.1273250579834,
          -10.42325210571289,
          -19.292024612426758
        ]
      }
    }
  },
  "meta": {
    "root": "C:\\MISC\\Deepcare\\Orthodontics\\datasets\\landmarks_dataset\\cooked\\p0\\samples",
    "bounds_mm": [
      20.00462532043457,
      31.73103141784668,
      -13.647382736206055,
      -5.091973781585693,
      -25.490760803222656,
      -13.516216278076172
    ]
  }
}