{
  "predictions": {
    "t27": {
      "landmarks_local": {
        "mb": [
          1.8726463317871094,
          1.0556154251098633,
          5.084094047546387
        ],
        "db": [
          4.053874969482422,
          1.4183483123779297,
          -2.9972591400146484
        ],
        "ml": [
          -4.468484878540039,
          -0.2578001022338867,
          2.0067691802978516
        ],
        "dl": [
          -4.415473937988281,
          -0.2652149200439453,
          -5.038745880126953
        ],
        "bg": [
          2.5689315795898438,
          3.0261287689208984,
          4.591852188110352
        ],
        "m": [
          -5.784318923950195,
          1.3147211074829102,
          0.5834016799926758
        ],
        "mr": [
          -4.168926239013672,
          1.0132951736450195,
          2.970852851867676
        ],
        "dr": [
          -4.415473937988281,
          -0.2652149200439453,
          -5.038745880126953
        ],
        "mc": [
          -3.9823570251464844,
          0.9978656768798828,
          3.1224985122680664
        ],
        "dc": [
          -4.034938812255859,
          -0.35253047943115234,
          -5.238151550292969
        ],
        "bgb": [
          4.62165641784668,
          3.864107131958008,
          1.4873228073120117
        ],
        "lgb": [
          -5.398773193359375,
          0.2632770538330078,
          -3.537199020385742
        ]
      },
      "landmarks_global": {
        "mb": [
          1.8726463317871094,
          1.0556154251098633,
          5.084094047546387
        ],
        "db": [
          4.053874969482422,
          1.4183483123779297,
          -2.9972591400146484
        ],
        "ml": [
          -4.468484878540039,
          -0.2578001022338867,
          2.0067691802978516
        ],
        "dl": [
          -4.415473937988281,
          -0.2652149200439453,
          -5.038745880126953
        ],
        "bg": [
          2.5689315795898438,
          3.0261287689208984,
          4.591852188110352
        ],
        "m": [
          -5.784318923950195,
          1.3147211074829102,
          0.5834016799926758
        ],
        "mr": [
          -4.168926239013672,
          1.0132951736450195,
          2.970852851867676
        ],
        "dr": [
          -4.415473937988281,
          -0.2652149200439453,
          -5.038745880126953
        ],
        "mc": [
          -3.9823570251464844,
          0.9978656768798828,
          3.1224985122680664
        ],
        "dc": [
          -4.034938812255859,
          -0.35253047943115234,
          -5.238151550292969
        ],
        "bgb": [
          4.62165641784668,
          3.864107131958008,
          1.4873228073120117
        ],
        "lgb": [
          -5.398773193359375,
          0.2632770538330078,
          -3.537199020385742
        ]
      },
      "indices": {
        "mb": 2534,
        "db": 1105,
        "ml": 1606,
        "dl": 739,
        "bg": 1504,
        "m": 349,
        "mr": 952,
        "dr": 739,
        "mc": 2642,
        "dc": 259,
        "bgb": 1342,
        "lgb": 18
      },
      "scores": {
        "mb": 0.7461468577384949,
        "db": 0.8809232115745544,
        "ml": 0.33521774411201477,
        "dl": 0.5864681601524353,
        "bg": 0.467456191778183,
        "m": 0.5515106916427612,
        "mr": 0.3783283531665802,
        "dr": 0.48869943618774414,
        "mc": 0.32427993416786194,
        "dc": 0.7366741895675659,
        "bgb": 0.7129448652267456,
        "lgb": 0.18069136142730713
      },
      "top1": {
        "mb": 0.7461468577384949,
        "db": 0.8809232115745544,
        "ml": 0.33521774411201477,
        "dl": 0.5864681601524353,
        "bg": 0.467456191778183,
        "m": 0.5515106916427612,
        "mr": 0.3783283531665802,
        "dr": 0.48869943618774414,
        "mc": 0.32427993416786194,
        "dc": 0.7366741895675659,
        "bgb": 0.7129448652267456,
        "lgb": 0.18069136142730713
      },
      "peak_scores": {
        "mb": 0.7461468577384949,
        "db": 0.8809232115745544,
        "ml": 0.33521774411201477,
        "dl": 0.5864681601524353,
        "bg": 0.467456191778183,
        "m": 0.5515106916427612,
        "mr": 0.3783283531665802,
        "dr": 0.48869943618774414,
        "mc": 0.32427993416786194,
        "dc": 0.7366741895675659,
        "bgb": 0.7129448652267456,
        "lgb": 0.18069136142730713
      },
      "top2": {
        "mb": 0.7458831667900085,
        "db": 0.8808003664016724,
        "ml": 0.33504945039749146,
        "dl": 0.5855393409729004,
        "bg": 0.4671744108200073,
        "m": 0.551267683506012,
        "mr": 0.3780716061592102,
        "dr": 0.48798730969429016,
        "mc": 0.3240756690502167,
        "dc": 0.7361659407615662,
        "bgb": 0.7121552228927612,
        "lgb": 0.18066833913326263
      },
      "second_scores": {
        "mb": 0.7458831667900085,
        "db": 0.8808003664016724,
        "ml": 0.33504945039749146,
        "dl": 0.5855393409729004,
        "bg": 0.4671744108200073,
        "m": 0.551267683506012,
        "mr": 0.3780716061592102,
        "dr": 0.48798730969429016,
        "mc": 0.3240756690502167,
        "dc": 0.7361659407615662,
        "bgb": 0.7121552228927612,
        "lgb": 0.18066833913326263
      },
      "margin": {
        "mb": 0.0002636909484863281,
        "db": 0.00012284517288208008,
        "ml": 0.00016829371452331543,
        "dl": 0.0009288191795349121,
        "bg": 0.0002817809581756592,
        "m": 0.00024300813674926758,
        "mr": 0.0002567470073699951,
        "dr": 0.0007121264934539795,
        "mc": 0.00020426511764526367,
        "dc": 0.0005082488059997559,
        "bgb": 0.000789642333984375,
        "lgb": 2.302229404449463e-05
      },
      "meta": {
        "case_id": "002",
        "arch": "U",
        "fdi": 27,
        "tooth_id": 14,
        "sigma_mm": 5.0,
        "unit": "mm"
      }
    }
  },
  "meta": {
    "root": "C:\\MISC\\Deepcare\\Orthodontics\\datasets\\landmarks_dataset\\cooked\\p0\\samples"
  }
}