{
  "predictions": {
    "t27": {
      "landmarks_local": {
        "mb": [
          1.8371734619140625,
          -0.31011390686035156,
          5.050804138183594
        ],
        "db": [
          4.128690719604492,
          0.8977956771850586,
          -3.050044059753418
        ],
        "ml": [
          -4.246091842651367,
          -1.9079504013061523,
          1.5153846740722656
        ],
        "dl": [
          -4.03773307800293,
          0.09292030334472656,
          -5.4823102951049805
        ],
        "bg": [
          2.1461353302001953,
          3.517871379852295,
          5.006709098815918
        ],
        "m": [
          -6.643342971801758,
          2.362304210662842,
          0.14456462860107422
        ],
        "mr": [
          -4.834619522094727,
          2.612776279449463,
          2.711939811706543
        ],
        "dr": [
          -3.216207504272461,
          -0.07699394226074219,
          -6.144209861755371
        ],
        "mc": [
          -4.834619522094727,
          2.612776279449463,
          2.711939811706543
        ],
        "dc": [
          -3.216207504272461,
          -0.07699394226074219,
          -6.144209861755371
        ],
        "bgb": [
          4.709197998046875,
          4.454767227172852,
          1.3626041412353516
        ],
        "lgb": [
          -5.029575347900391,
          -1.524245262145996,
          -0.9553737640380859
        ]
      },
      "landmarks_global": {
        "mb": [
          1.8371734619140625,
          -0.31011390686035156,
          5.050804138183594
        ],
        "db": [
          4.128690719604492,
          0.8977956771850586,
          -3.050044059753418
        ],
        "ml": [
          -4.246091842651367,
          -1.9079504013061523,
          1.5153846740722656
        ],
        "dl": [
          -4.03773307800293,
          0.09292030334472656,
          -5.4823102951049805
        ],
        "bg": [
          2.1461353302001953,
          3.517871379852295,
          5.006709098815918
        ],
        "m": [
          -6.643342971801758,
          2.362304210662842,
          0.14456462860107422
        ],
        "mr": [
          -4.834619522094727,
          2.612776279449463,
          2.711939811706543
        ],
        "dr": [
          -3.216207504272461,
          -0.07699394226074219,
          -6.144209861755371
        ],
        "mc": [
          -4.834619522094727,
          2.612776279449463,
          2.711939811706543
        ],
        "dc": [
          -3.216207504272461,
          -0.07699394226074219,
          -6.144209861755371
        ],
        "bgb": [
          4.709197998046875,
          4.454767227172852,
          1.3626041412353516
        ],
        "lgb": [
          -5.029575347900391,
          -1.524245262145996,
          -0.9553737640380859
        ]
      },
      "indices": {
        "mb": 2880,
        "db": 2277,
        "ml": 1629,
        "dl": 607,
        "bg": 0,
        "m": 46,
        "mr": 2717,
        "dr": 1,
        "mc": 2717,
        "dc": 1,
        "bgb": 2073,
        "lgb": 1300
      },
      "scores": {
        "mb": 0.7634783387184143,
        "db": 0.8784672021865845,
        "ml": 0.3686380386352539,
        "dl": 0.5908550024032593,
        "bg": 0.4673866927623749,
        "m": 0.5762906074523926,
        "mr": 0.40946289896965027,
        "dr": 0.4732975661754608,
        "mc": 0.34120669960975647,
        "dc": 0.7427335977554321,
        "bgb": 0.7063775062561035,
        "lgb": 0.1948210746049881
      },
      "top1": {
        "mb": 0.7634783387184143,
        "db": 0.8784672021865845,
        "ml": 0.3686380386352539,
        "dl": 0.5908550024032593,
        "bg": 0.4673866927623749,
        "m": 0.5762906074523926,
        "mr": 0.40946289896965027,
        "dr": 0.4732975661754608,
        "mc": 0.34120669960975647,
        "dc": 0.7427335977554321,
        "bgb": 0.7063775062561035,
        "lgb": 0.1948210746049881
      },
      "peak_scores": {
        "mb": 0.7634783387184143,
        "db": 0.8784672021865845,
        "ml": 0.3686380386352539,
        "dl": 0.5908550024032593,
        "bg": 0.4673866927623749,
        "m": 0.5762906074523926,
        "mr": 0.40946289896965027,
        "dr": 0.4732975661754608,
        "mc": 0.34120669960975647,
        "dc": 0.7427335977554321,
        "bgb": 0.7063775062561035,
        "lgb": 0.1948210746049881
      },
      "top2": {
        "mb": 0.7634475827217102,
        "db": 0.8783877491950989,
        "ml": 0.3684592843055725,
        "dl": 0.5906587839126587,
        "bg": 0.4670375883579254,
        "m": 0.5758528709411621,
        "mr": 0.40766099095344543,
        "dr": 0.47235530614852905,
        "mc": 0.34004321694374084,
        "dc": 0.740719735622406,
        "bgb": 0.7060928344726562,
        "lgb": 0.19461530447006226
      },
      "second_scores": {
        "mb": 0.7634475827217102,
        "db": 0.8783877491950989,
        "ml": 0.3684592843055725,
        "dl": 0.5906587839126587,
        "bg": 0.4670375883579254,
        "m": 0.5758528709411621,
        "mr": 0.40766099095344543,
        "dr": 0.47235530614852905,
        "mc": 0.34004321694374084,
        "dc": 0.740719735622406,
        "bgb": 0.7060928344726562,
        "lgb": 0.19461530447006226
      },
      "margin": {
        "mb": 3.075599670410156e-05,
        "db": 7.94529914855957e-05,
        "ml": 0.00017875432968139648,
        "dl": 0.00019621849060058594,
        "bg": 0.0003491044044494629,
        "m": 0.00043773651123046875,
        "mr": 0.001801908016204834,
        "dr": 0.0009422600269317627,
        "mc": 0.001163482666015625,
        "dc": 0.002013862133026123,
        "bgb": 0.0002846717834472656,
        "lgb": 0.00020577013492584229
      },
      "meta": {
        "case_id": "003",
        "arch": "U",
        "fdi": 27,
        "tooth_id": 14,
        "sigma_mm": 5.0,
        "unit": "mm"
      }
    }
  },
  "meta": {
    "root": "C:\\MISC\\Deepcare\\Orthodontics\\datasets\\landmarks_dataset\\cooked\\p0\\samples"
  }
}