{
  "predictions": {
    "t27": {
      "landmarks_local": {
        "mb": [
          0.3390007019042969,
          0.4756793975830078,
          5.536228179931641
        ],
        "db": [
          3.671846389770508,
          1.7647666931152344,
          -4.565738677978516
        ],
        "ml": [
          -3.8891525268554688,
          -1.5545921325683594,
          3.724306106567383
        ],
        "dl": [
          -6.356964111328125,
          -1.2830867767333984,
          -3.0830631256103516
        ],
        "bg": [
          0.35179901123046875,
          0.7676525115966797,
          5.603395462036133
        ],
        "m": [
          -7.199886322021484,
          0.7900581359863281,
          1.334798812866211
        ],
        "mr": [
          0.15089797973632812,
          2.5510377883911133,
          5.215137481689453
        ],
        "dr": [
          -6.356964111328125,
          -1.2830867767333984,
          -3.0830631256103516
        ],
        "mc": [
          0.9485664367675781,
          3.3639650344848633,
          4.820932388305664
        ],
        "dc": [
          0.6355190277099609,
          0.5431938171386719,
          -6.368928909301758
        ],
        "bgb": [
          4.087850570678711,
          6.654511451721191,
          1.3921527862548828
        ],
        "lgb": [
          -6.369829177856445,
          -1.9422893524169922,
          -0.8391075134277344
        ]
      },
      "landmarks_global": {
        "mb": [
          0.3390007019042969,
          0.4756793975830078,
          5.536228179931641
        ],
        "db": [
          3.671846389770508,
          1.7647666931152344,
          -4.565738677978516
        ],
        "ml": [
          -3.8891525268554688,
          -1.5545921325683594,
          3.724306106567383
        ],
        "dl": [
          -6.356964111328125,
          -1.2830867767333984,
          -3.0830631256103516
        ],
        "bg": [
          0.35179901123046875,
          0.7676525115966797,
          5.603395462036133
        ],
        "m": [
          -7.199886322021484,
          0.7900581359863281,
          1.334798812866211
        ],
        "mr": [
          0.15089797973632812,
          2.5510377883911133,
          5.215137481689453
        ],
        "dr": [
          -6.356964111328125,
          -1.2830867767333984,
          -3.0830631256103516
        ],
        "mc": [
          0.9485664367675781,
          3.3639650344848633,
          4.820932388305664
        ],
        "dc": [
          0.6355190277099609,
          0.5431938171386719,
          -6.368928909301758
        ],
        "bgb": [
          4.087850570678711,
          6.654511451721191,
          1.3921527862548828
        ],
        "lgb": [
          -6.369829177856445,
          -1.9422893524169922,
          -0.8391075134277344
        ]
      },
      "indices": {
        "mb": 209,
        "db": 34,
        "ml": 1391,
        "dl": 730,
        "bg": 1353,
        "m": 0,
        "mr": 208,
        "dr": 730,
        "mc": 908,
        "dc": 1582,
        "bgb": 20,
        "lgb": 2779
      },
      "scores": {
        "mb": 0.7326861023902893,
        "db": 0.8630775213241577,
        "ml": 0.33803611993789673,
        "dl": 0.647398054599762,
        "bg": 0.39961281418800354,
        "m": 0.5359804034233093,
        "mr": 0.3486182987689972,
        "dr": 0.4826347529888153,
        "mc": 0.31296664476394653,
        "dc": 0.7561241388320923,
        "bgb": 0.6729286909103394,
        "lgb": 0.20778648555278778
      },
      "top1": {
        "mb": 0.7326861023902893,
        "db": 0.8630775213241577,
        "ml": 0.33803611993789673,
        "dl": 0.647398054599762,
        "bg": 0.39961281418800354,
        "m": 0.5359804034233093,
        "mr": 0.3486182987689972,
        "dr": 0.4826347529888153,
        "mc": 0.31296664476394653,
        "dc": 0.7561241388320923,
        "bgb": 0.6729286909103394,
        "lgb": 0.20778648555278778
      },
      "peak_scores": {
        "mb": 0.7326861023902893,
        "db": 0.8630775213241577,
        "ml": 0.33803611993789673,
        "dl": 0.647398054599762,
        "bg": 0.39961281418800354,
        "m": 0.5359804034233093,
        "mr": 0.3486182987689972,
        "dr": 0.4826347529888153,
        "mc": 0.31296664476394653,
        "dc": 0.7561241388320923,
        "bgb": 0.6729286909103394,
        "lgb": 0.20778648555278778
      },
      "top2": {
        "mb": 0.7326272130012512,
        "db": 0.8630664348602295,
        "ml": 0.3374798893928528,
        "dl": 0.6469088196754456,
        "bg": 0.39957091212272644,
        "m": 0.5343394875526428,
        "mr": 0.34788721799850464,
        "dr": 0.4822334051132202,
        "mc": 0.31265684962272644,
        "dc": 0.7559763789176941,
        "bgb": 0.6713636517524719,
        "lgb": 0.2072250247001648
      },
      "second_scores": {
        "mb": 0.7326272130012512,
        "db": 0.8630664348602295,
        "ml": 0.3374798893928528,
        "dl": 0.6469088196754456,
        "bg": 0.39957091212272644,
        "m": 0.5343394875526428,
        "mr": 0.34788721799850464,
        "dr": 0.4822334051132202,
        "mc": 0.31265684962272644,
        "dc": 0.7559763789176941,
        "bgb": 0.6713636517524719,
        "lgb": 0.2072250247001648
      },
      "margin": {
        "mb": 5.888938903808594e-05,
        "db": 1.1086463928222656e-05,
        "ml": 0.0005562305450439453,
        "dl": 0.0004892349243164062,
        "bg": 4.190206527709961e-05,
        "m": 0.001640915870666504,
        "mr": 0.0007310807704925537,
        "dr": 0.0004013478755950928,
        "mc": 0.0003097951412200928,
        "dc": 0.00014775991439819336,
        "bgb": 0.0015650391578674316,
        "lgb": 0.0005614608526229858
      },
      "meta": {
        "case_id": "004",
        "arch": "U",
        "fdi": 27,
        "tooth_id": 14,
        "sigma_mm": 5.0,
        "unit": "mm"
      }
    }
  },
  "meta": {
    "root": "C:\\MISC\\Deepcare\\Orthodontics\\datasets\\landmarks_dataset\\cooked\\p0\\samples"
  }
}