{
  "predictions": {
    "t27": {
      "landmarks_local": {
        "mb": [
          0.9894466400146484,
          -6.085653305053711,
          2.3443760871887207
        ],
        "db": [
          2.1230220794677734,
          -5.080157279968262,
          0.2366495132446289
        ],
        "ml": [
          -5.983123779296875,
          -2.9896812438964844,
          1.1370697021484375
        ],
        "dl": [
          -4.291528701782227,
          -4.089960098266602,
          0.5076162815093994
        ],
        "bg": [
          -2.01446533203125,
          -5.192897796630859,
          0.0019061565399169922
        ],
        "m": [
          -6.7563934326171875,
          -0.5842227935791016,
          0.6917593479156494
        ],
        "mr": [
          0.9894466400146484,
          -6.085653305053711,
          2.3443760871887207
        ],
        "dr": [
          -4.0579376220703125,
          -4.316693305969238,
          -0.2608907222747803
        ],
        "mc": [
          -6.306924819946289,
          -2.4072704315185547,
          1.089362621307373
        ],
        "dc": [
          -5.583147048950195,
          0.5845327377319336,
          -1.0969737768173218
        ],
        "bgb": [
          3.6811771392822266,
          -2.5869531631469727,
          0.07555937767028809
        ],
        "lgb": [
          -6.323396682739258,
          2.060532569885254,
          0.2512996196746826
        ]
      },
      "landmarks_global": {
        "mb": [
          0.9894466400146484,
          -6.085653305053711,
          2.3443760871887207
        ],
        "db": [
          2.1230220794677734,
          -5.080157279968262,
          0.2366495132446289
        ],
        "ml": [
          -5.983123779296875,
          -2.9896812438964844,
          1.1370697021484375
        ],
        "dl": [
          -4.291528701782227,
          -4.089960098266602,
          0.5076162815093994
        ],
        "bg": [
          -2.01446533203125,
          -5.192897796630859,
          0.0019061565399169922
        ],
        "m": [
          -6.7563934326171875,
          -0.5842227935791016,
          0.6917593479156494
        ],
        "mr": [
          0.9894466400146484,
          -6.085653305053711,
          2.3443760871887207
        ],
        "dr": [
          -4.0579376220703125,
          -4.316693305969238,
          -0.2608907222747803
        ],
        "mc": [
          -6.306924819946289,
          -2.4072704315185547,
          1.089362621307373
        ],
        "dc": [
          -5.583147048950195,
          0.5845327377319336,
          -1.0969737768173218
        ],
        "bgb": [
          3.6811771392822266,
          -2.5869531631469727,
          0.07555937767028809
        ],
        "lgb": [
          -6.323396682739258,
          2.060532569885254,
          0.2512996196746826
        ]
      },
      "indices": {
        "mb": 1774,
        "db": 1079,
        "ml": 48,
        "dl": 2925,
        "bg": 792,
        "m": 266,
        "mr": 1774,
        "dr": 2649,
        "mc": 296,
        "dc": 32,
        "bgb": 391,
        "lgb": 2847
      },
      "scores": {
        "mb": 0.79387366771698,
        "db": 0.557252049446106,
        "ml": 0.34001120924949646,
        "dl": 0.164252370595932,
        "bg": 0.6430438160896301,
        "m": 0.6513805985450745,
        "mr": 0.3767748773097992,
        "dr": 0.23696370422840118,
        "mc": 0.3852459192276001,
        "dc": 0.2809465527534485,
        "bgb": 0.6520137786865234,
        "lgb": 0.10489615797996521
      },
      "top1": {
        "mb": 0.79387366771698,
        "db": 0.557252049446106,
        "ml": 0.34001120924949646,
        "dl": 0.164252370595932,
        "bg": 0.6430438160896301,
        "m": 0.6513805985450745,
        "mr": 0.3767748773097992,
        "dr": 0.23696370422840118,
        "mc": 0.3852459192276001,
        "dc": 0.2809465527534485,
        "bgb": 0.6520137786865234,
        "lgb": 0.10489615797996521
      },
      "peak_scores": {
        "mb": 0.79387366771698,
        "db": 0.557252049446106,
        "ml": 0.34001120924949646,
        "dl": 0.164252370595932,
        "bg": 0.6430438160896301,
        "m": 0.6513805985450745,
        "mr": 0.3767748773097992,
        "dr": 0.23696370422840118,
        "mc": 0.3852459192276001,
        "dc": 0.2809465527534485,
        "bgb": 0.6520137786865234,
        "lgb": 0.10489615797996521
      },
      "top2": {
        "mb": 0.7927660346031189,
        "db": 0.5569389462471008,
        "ml": 0.3395327627658844,
        "dl": 0.16422268748283386,
        "bg": 0.6430410146713257,
        "m": 0.648277997970581,
        "mr": 0.3750618100166321,
        "dr": 0.23669154942035675,
        "mc": 0.3846801519393921,
        "dc": 0.28003615140914917,
        "bgb": 0.6519626975059509,
        "lgb": 0.10463111847639084
      },
      "second_scores": {
        "mb": 0.7927660346031189,
        "db": 0.5569389462471008,
        "ml": 0.3395327627658844,
        "dl": 0.16422268748283386,
        "bg": 0.6430410146713257,
        "m": 0.648277997970581,
        "mr": 0.3750618100166321,
        "dr": 0.23669154942035675,
        "mc": 0.3846801519393921,
        "dc": 0.28003615140914917,
        "bgb": 0.6519626975059509,
        "lgb": 0.10463111847639084
      },
      "margin": {
        "mb": 0.001107633113861084,
        "db": 0.00031310319900512695,
        "ml": 0.00047844648361206055,
        "dl": 2.968311309814453e-05,
        "bg": 2.8014183044433594e-06,
        "m": 0.003102600574493408,
        "mr": 0.0017130672931671143,
        "dr": 0.0002721548080444336,
        "mc": 0.0005657672882080078,
        "dc": 0.0009104013442993164,
        "bgb": 5.1081180572509766e-05,
        "lgb": 0.00026503950357437134
      },
      "meta": {
        "case_id": "005",
        "arch": "U",
        "fdi": 27,
        "tooth_id": 14,
        "sigma_mm": 5.0,
        "unit": "mm"
      }
    }
  },
  "meta": {
    "root": "C:\\MISC\\Deepcare\\Orthodontics\\datasets\\landmarks_dataset\\cooked\\p0\\samples"
  }
}