{
  "predictions": {
    "t27": {
      "landmarks_local": {
        "mb": [
          1.6482295989990234,
          -5.647800445556641,
          2.118730068206787
        ],
        "db": [
          2.093414306640625,
          -5.263238906860352,
          0.4176764488220215
        ],
        "ml": [
          -6.113443374633789,
          -2.181222915649414,
          0.5793395042419434
        ],
        "dl": [
          -1.7149620056152344,
          -4.688512802124023,
          0.42123985290527344
        ],
        "bg": [
          2.1045074462890625,
          -5.38334846496582,
          0.7601466178894043
        ],
        "m": [
          -6.986333847045898,
          -0.5394878387451172,
          0.3385031223297119
        ],
        "mr": [
          -6.376638412475586,
          -1.7738914489746094,
          0.4393463134765625
        ],
        "dr": [
          -3.893688201904297,
          -3.016782760620117,
          -1.0738365650177002
        ],
        "mc": [
          -6.767658233642578,
          -1.2487926483154297,
          0.44190025329589844
        ],
        "dc": [
          -4.198846817016602,
          -1.9978199005126953,
          -2.2458367347717285
        ],
        "bgb": [
          3.3783340454101562,
          -4.539997100830078,
          1.4671530723571777
        ],
        "lgb": [
          -6.538568496704102,
          3.0387229919433594,
          -0.07633686065673828
        ]
      },
      "landmarks_global": {
        "mb": [
          1.6482295989990234,
          -5.647800445556641,
          2.118730068206787
        ],
        "db": [
          2.093414306640625,
          -5.263238906860352,
          0.4176764488220215
        ],
        "ml": [
          -6.113443374633789,
          -2.181222915649414,
          0.5793395042419434
        ],
        "dl": [
          -1.7149620056152344,
          -4.688512802124023,
          0.42123985290527344
        ],
        "bg": [
          2.1045074462890625,
          -5.38334846496582,
          0.7601466178894043
        ],
        "m": [
          -6.986333847045898,
          -0.5394878387451172,
          0.3385031223297119
        ],
        "mr": [
          -6.376638412475586,
          -1.7738914489746094,
          0.4393463134765625
        ],
        "dr": [
          -3.893688201904297,
          -3.016782760620117,
          -1.0738365650177002
        ],
        "mc": [
          -6.767658233642578,
          -1.2487926483154297,
          0.44190025329589844
        ],
        "dc": [
          -4.198846817016602,
          -1.9978199005126953,
          -2.2458367347717285
        ],
        "bgb": [
          3.3783340454101562,
          -4.539997100830078,
          1.4671530723571777
        ],
        "lgb": [
          -6.538568496704102,
          3.0387229919433594,
          -0.07633686065673828
        ]
      },
      "indices": {
        "mb": 2818,
        "db": 2216,
        "ml": 531,
        "dl": 1287,
        "bg": 2860,
        "m": 1071,
        "mr": 2013,
        "dr": 662,
        "mc": 973,
        "dc": 1834,
        "bgb": 2059,
        "lgb": 1269
      },
      "scores": {
        "mb": 0.7323834896087646,
        "db": 0.44009801745414734,
        "ml": 0.2909063398838043,
        "dl": 0.13430054485797882,
        "bg": 0.6215103268623352,
        "m": 0.5800132155418396,
        "mr": 0.2549315392971039,
        "dr": 0.2084539234638214,
        "mc": 0.46242716908454895,
        "dc": 0.3737688660621643,
        "bgb": 0.6528208255767822,
        "lgb": 0.11633337289094925
      },
      "top1": {
        "mb": 0.7323834896087646,
        "db": 0.44009801745414734,
        "ml": 0.2909063398838043,
        "dl": 0.13430054485797882,
        "bg": 0.6215103268623352,
        "m": 0.5800132155418396,
        "mr": 0.2549315392971039,
        "dr": 0.2084539234638214,
        "mc": 0.46242716908454895,
        "dc": 0.3737688660621643,
        "bgb": 0.6528208255767822,
        "lgb": 0.11633337289094925
      },
      "peak_scores": {
        "mb": 0.7323834896087646,
        "db": 0.44009801745414734,
        "ml": 0.2909063398838043,
        "dl": 0.13430054485797882,
        "bg": 0.6215103268623352,
        "m": 0.5800132155418396,
        "mr": 0.2549315392971039,
        "dr": 0.2084539234638214,
        "mc": 0.46242716908454895,
        "dc": 0.3737688660621643,
        "bgb": 0.6528208255767822,
        "lgb": 0.11633337289094925
      },
      "top2": {
        "mb": 0.7315127849578857,
        "db": 0.4400513470172882,
        "ml": 0.2906908690929413,
        "dl": 0.13427501916885376,
        "bg": 0.6214466691017151,
        "m": 0.5797210931777954,
        "mr": 0.25479111075401306,
        "dr": 0.2082972377538681,
        "mc": 0.4615907073020935,
        "dc": 0.37370383739471436,
        "bgb": 0.6524448990821838,
        "lgb": 0.11612704396247864
      },
      "second_scores": {
        "mb": 0.7315127849578857,
        "db": 0.4400513470172882,
        "ml": 0.2906908690929413,
        "dl": 0.13427501916885376,
        "bg": 0.6214466691017151,
        "m": 0.5797210931777954,
        "mr": 0.25479111075401306,
        "dr": 0.2082972377538681,
        "mc": 0.4615907073020935,
        "dc": 0.37370383739471436,
        "bgb": 0.6524448990821838,
        "lgb": 0.11612704396247864
      },
      "margin": {
        "mb": 0.0008707046508789062,
        "db": 4.667043685913086e-05,
        "ml": 0.0002154707908630371,
        "dl": 2.5525689125061035e-05,
        "bg": 6.365776062011719e-05,
        "m": 0.00029212236404418945,
        "mr": 0.0001404285430908203,
        "dr": 0.0001566857099533081,
        "mc": 0.0008364617824554443,
        "dc": 6.502866744995117e-05,
        "bgb": 0.00037592649459838867,
        "lgb": 0.00020632892847061157
      },
      "meta": {
        "case_id": "006",
        "arch": "U",
        "fdi": 27,
        "tooth_id": 14,
        "sigma_mm": 5.0,
        "unit": "mm"
      }
    }
  },
  "meta": {
    "root": "C:\\MISC\\Deepcare\\Orthodontics\\datasets\\landmarks_dataset\\cooked\\p0\\samples"
  }
}