{
  "predictions": {
    "t27": {
      "landmarks_local": {
        "mb": [
          3.3837108612060547,
          2.5306363105773926,
          5.242519855499268
        ],
        "db": [
          2.5452136993408203,
          -0.6605446338653564,
          -3.5771312713623047
        ],
        "ml": [
          -4.989408493041992,
          -1.0326430797576904,
          2.3407182693481445
        ],
        "dl": [
          -4.160274505615234,
          -0.007670402526855469,
          -4.923705101013184
        ],
        "bg": [
          1.6036758422851562,
          1.2460122108459473,
          6.058166980743408
        ],
        "m": [
          -7.17945671081543,
          -0.16417908668518066,
          0.08051776885986328
        ],
        "mr": [
          -6.033668518066406,
          0.04844307899475098,
          2.6013031005859375
        ],
        "dr": [
          -3.9780120849609375,
          0.0755152702331543,
          -5.043139457702637
        ],
        "mc": [
          -6.033668518066406,
          0.04844307899475098,
          2.6013031005859375
        ],
        "dc": [
          -3.754192352294922,
          0.16259276866912842,
          -5.168543815612793
        ],
        "bgb": [
          5.471574783325195,
          3.921241283416748,
          -0.7182693481445312
        ],
        "lgb": [
          -5.195463180541992,
          -2.0877699851989746,
          -0.7027463912963867
        ]
      },
      "landmarks_global": {
        "mb": [
          3.3837108612060547,
          2.5306363105773926,
          5.242519855499268
        ],
        "db": [
          2.5452136993408203,
          -0.6605446338653564,
          -3.5771312713623047
        ],
        "ml": [
          -4.989408493041992,
          -1.0326430797576904,
          2.3407182693481445
        ],
        "dl": [
          -4.160274505615234,
          -0.007670402526855469,
          -4.923705101013184
        ],
        "bg": [
          1.6036758422851562,
          1.2460122108459473,
          6.058166980743408
        ],
        "m": [
          -7.17945671081543,
          -0.16417908668518066,
          0.08051776885986328
        ],
        "mr": [
          -6.033668518066406,
          0.04844307899475098,
          2.6013031005859375
        ],
        "dr": [
          -3.9780120849609375,
          0.0755152702331543,
          -5.043139457702637
        ],
        "mc": [
          -6.033668518066406,
          0.04844307899475098,
          2.6013031005859375
        ],
        "dc": [
          -3.754192352294922,
          0.16259276866912842,
          -5.168543815612793
        ],
        "bgb": [
          5.471574783325195,
          3.921241283416748,
          -0.7182693481445312
        ],
        "lgb": [
          -5.195463180541992,
          -2.0877699851989746,
          -0.7027463912963867
        ]
      },
      "indices": {
        "mb": 48,
        "db": 1126,
        "ml": 1914,
        "dl": 2553,
        "bg": 2345,
        "m": 1738,
        "mr": 1604,
        "dr": 1359,
        "mc": 1604,
        "dc": 18,
        "bgb": 1,
        "lgb": 1531
      },
      "scores": {
        "mb": 0.7908558249473572,
        "db": 0.8741171956062317,
        "ml": 0.37424710392951965,
        "dl": 0.39140787720680237,
        "bg": 0.5184829235076904,
        "m": 0.5810095071792603,
        "mr": 0.3835121691226959,
        "dr": 0.3371872305870056,
        "mc": 0.2954757511615753,
        "dc": 0.5808943510055542,
        "bgb": 0.7513384222984314,
        "lgb": 0.17672033607959747
      },
      "top1": {
        "mb": 0.7908558249473572,
        "db": 0.8741171956062317,
        "ml": 0.37424710392951965,
        "dl": 0.39140787720680237,
        "bg": 0.5184829235076904,
        "m": 0.5810095071792603,
        "mr": 0.3835121691226959,
        "dr": 0.3371872305870056,
        "mc": 0.2954757511615753,
        "dc": 0.5808943510055542,
        "bgb": 0.7513384222984314,
        "lgb": 0.17672033607959747
      },
      "peak_scores": {
        "mb": 0.7908558249473572,
        "db": 0.8741171956062317,
        "ml": 0.37424710392951965,
        "dl": 0.39140787720680237,
        "bg": 0.5184829235076904,
        "m": 0.5810095071792603,
        "mr": 0.3835121691226959,
        "dr": 0.3371872305870056,
        "mc": 0.2954757511615753,
        "dc": 0.5808943510055542,
        "bgb": 0.7513384222984314,
        "lgb": 0.17672033607959747
      },
      "top2": {
        "mb": 0.7906783819198608,
        "db": 0.8738699555397034,
        "ml": 0.37416523694992065,
        "dl": 0.39083003997802734,
        "bg": 0.5182337760925293,
        "m": 0.5808565020561218,
        "mr": 0.3819204866886139,
        "dr": 0.3361578583717346,
        "mc": 0.294349730014801,
        "dc": 0.5807039141654968,
        "bgb": 0.7513290047645569,
        "lgb": 0.17658400535583496
      },
      "second_scores": {
        "mb": 0.7906783819198608,
        "db": 0.8738699555397034,
        "ml": 0.37416523694992065,
        "dl": 0.39083003997802734,
        "bg": 0.5182337760925293,
        "m": 0.5808565020561218,
        "mr": 0.3819204866886139,
        "dr": 0.3361578583717346,
        "mc": 0.294349730014801,
        "dc": 0.5807039141654968,
        "bgb": 0.7513290047645569,
        "lgb": 0.17658400535583496
      },
      "margin": {
        "mb": 0.0001774430274963379,
        "db": 0.0002472400665283203,
        "ml": 8.186697959899902e-05,
        "dl": 0.0005778372287750244,
        "bg": 0.0002491474151611328,
        "m": 0.00015300512313842773,
        "mr": 0.0015916824340820312,
        "dr": 0.001029372215270996,
        "mc": 0.001126021146774292,
        "dc": 0.00019043684005737305,
        "bgb": 9.417533874511719e-06,
        "lgb": 0.0001363307237625122
      },
      "meta": {
        "case_id": "007",
        "arch": "U",
        "fdi": 27,
        "tooth_id": 14,
        "sigma_mm": 5.0,
        "unit": "mm"
      }
    }
  },
  "meta": {
    "root": "C:\\MISC\\Deepcare\\Orthodontics\\datasets\\landmarks_dataset\\cooked\\p0\\samples"
  }
}