{
  "predictions": {
    "t27": {
      "landmarks_local": {
        "mb": [
          3.161060333251953,
          1.720332145690918,
          4.711967945098877
        ],
        "db": [
          3.5692367553710938,
          2.1319122314453125,
          -4.6277008056640625
        ],
        "ml": [
          -4.99615478515625,
          -1.4410629272460938,
          1.4383916854858398
        ],
        "dl": [
          -4.275402069091797,
          -3.087675094604492,
          -3.3706674575805664
        ],
        "bg": [
          1.1343498229980469,
          2.8521833419799805,
          5.06925106048584
        ],
        "m": [
          -6.600603103637695,
          1.7844934463500977,
          0.1411266326904297
        ],
        "mr": [
          1.0169143676757812,
          4.114617347717285,
          4.703274726867676
        ],
        "dr": [
          -3.8383445739746094,
          -1.8877983093261719,
          -5.509356498718262
        ],
        "mc": [
          -4.314085006713867,
          2.336033821105957,
          3.470628261566162
        ],
        "dc": [
          -3.8383445739746094,
          -1.8877983093261719,
          -5.509356498718262
        ],
        "bgb": [
          4.161903381347656,
          5.3376264572143555,
          0.4544410705566406
        ],
        "lgb": [
          -5.240863800048828,
          -1.6749725341796875,
          -0.3306694030761719
        ]
      },
      "landmarks_global": {
        "mb": [
          3.161060333251953,
          1.720332145690918,
          4.711967945098877
        ],
        "db": [
          3.5692367553710938,
          2.1319122314453125,
          -4.6277008056640625
        ],
        "ml": [
          -4.99615478515625,
          -1.4410629272460938,
          1.4383916854858398
        ],
        "dl": [
          -4.275402069091797,
          -3.087675094604492,
          -3.3706674575805664
        ],
        "bg": [
          1.1343498229980469,
          2.8521833419799805,
          5.06925106048584
        ],
        "m": [
          -6.600603103637695,
          1.7844934463500977,
          0.1411266326904297
        ],
        "mr": [
          1.0169143676757812,
          4.114617347717285,
          4.703274726867676
        ],
        "dr": [
          -3.8383445739746094,
          -1.8877983093261719,
          -5.509356498718262
        ],
        "mc": [
          -4.314085006713867,
          2.336033821105957,
          3.470628261566162
        ],
        "dc": [
          -3.8383445739746094,
          -1.8877983093261719,
          -5.509356498718262
        ],
        "bgb": [
          4.161903381347656,
          5.3376264572143555,
          0.4544410705566406
        ],
        "lgb": [
          -5.240863800048828,
          -1.6749725341796875,
          -0.3306694030761719
        ]
      },
      "indices": {
        "mb": 1889,
        "db": 874,
        "ml": 2167,
        "dl": 1482,
        "bg": 2298,
        "m": 58,
        "mr": 16,
        "dr": 122,
        "mc": 2627,
        "dc": 122,
        "bgb": 88,
        "lgb": 1607
      },
      "scores": {
        "mb": 0.7739918231964111,
        "db": 0.8490201830863953,
        "ml": 0.4271978437900543,
        "dl": 0.6953378319740295,
        "bg": 0.4072348177433014,
        "m": 0.549239993095398,
        "mr": 0.41520774364471436,
        "dr": 0.4718371629714966,
        "mc": 0.36439433693885803,
        "dc": 0.7440190315246582,
        "bgb": 0.6205767393112183,
        "lgb": 0.2566746175289154
      },
      "top1": {
        "mb": 0.7739918231964111,
        "db": 0.8490201830863953,
        "ml": 0.4271978437900543,
        "dl": 0.6953378319740295,
        "bg": 0.4072348177433014,
        "m": 0.549239993095398,
        "mr": 0.41520774364471436,
        "dr": 0.4718371629714966,
        "mc": 0.36439433693885803,
        "dc": 0.7440190315246582,
        "bgb": 0.6205767393112183,
        "lgb": 0.2566746175289154
      },
      "peak_scores": {
        "mb": 0.7739918231964111,
        "db": 0.8490201830863953,
        "ml": 0.4271978437900543,
        "dl": 0.6953378319740295,
        "bg": 0.4072348177433014,
        "m": 0.549239993095398,
        "mr": 0.41520774364471436,
        "dr": 0.4718371629714966,
        "mc": 0.36439433693885803,
        "dc": 0.7440190315246582,
        "bgb": 0.6205767393112183,
        "lgb": 0.2566746175289154
      },
      "top2": {
        "mb": 0.7739545106887817,
        "db": 0.8487992882728577,
        "ml": 0.42603740096092224,
        "dl": 0.6952247023582458,
        "bg": 0.40702012181282043,
        "m": 0.5489873886108398,
        "mr": 0.4146629273891449,
        "dr": 0.47035112977027893,
        "mc": 0.364078164100647,
        "dc": 0.7435988187789917,
        "bgb": 0.619600236415863,
        "lgb": 0.25666090846061707
      },
      "second_scores": {
        "mb": 0.7739545106887817,
        "db": 0.8487992882728577,
        "ml": 0.42603740096092224,
        "dl": 0.6952247023582458,
        "bg": 0.40702012181282043,
        "m": 0.5489873886108398,
        "mr": 0.4146629273891449,
        "dr": 0.47035112977027893,
        "mc": 0.364078164100647,
        "dc": 0.7435988187789917,
        "bgb": 0.619600236415863,
        "lgb": 0.25666090846061707
      },
      "margin": {
        "mb": 3.731250762939453e-05,
        "db": 0.00022089481353759766,
        "ml": 0.00116044282913208,
        "dl": 0.0001131296157836914,
        "bg": 0.00021469593048095703,
        "m": 0.00025260448455810547,
        "mr": 0.000544816255569458,
        "dr": 0.0014860332012176514,
        "mc": 0.00031617283821105957,
        "dc": 0.0004202127456665039,
        "bgb": 0.0009765028953552246,
        "lgb": 1.3709068298339844e-05
      },
      "meta": {
        "case_id": "008",
        "arch": "U",
        "fdi": 27,
        "tooth_id": 14,
        "sigma_mm": 5.0,
        "unit": "mm"
      }
    }
  },
  "meta": {
    "root": "C:\\MISC\\Deepcare\\Orthodontics\\datasets\\landmarks_dataset\\cooked\\p0\\samples"
  }
}