{
  "predictions": {
    "t27": {
      "landmarks_local": {
        "mb": [
          1.4814949035644531,
          -6.50428581237793,
          1.18617582321167
        ],
        "db": [
          -1.3130340576171875,
          -5.552349090576172,
          -1.8456511497497559
        ],
        "ml": [
          -4.253257751464844,
          -3.91461181640625,
          -1.5524444580078125
        ],
        "dl": [
          -5.5826568603515625,
          -3.357999801635742,
          -0.827387809753418
        ],
        "bg": [
          2.3373489379882812,
          -6.446643829345703,
          2.01497220993042
        ],
        "m": [
          -6.257915496826172,
          -2.7333412170410156,
          -0.5161209106445312
        ],
        "mr": [
          -6.663354873657227,
          -2.335460662841797,
          -0.39328479766845703
        ],
        "dr": [
          -2.6936416625976562,
          -4.643390655517578,
          -2.427717685699463
        ],
        "mc": [
          -5.750175476074219,
          -3.2353954315185547,
          -0.6512107849121094
        ],
        "dc": [
          -2.6936416625976562,
          -4.643390655517578,
          -2.427717685699463
        ],
        "bgb": [
          3.9483699798583984,
          -5.166265487670898,
          1.337094783782959
        ],
        "lgb": [
          -7.195222854614258,
          -0.4858531951904297,
          -0.8201274871826172
        ]
      },
      "landmarks_global": {
        "mb": [
          1.4814949035644531,
          -6.50428581237793,
          1.18617582321167
        ],
        "db": [
          -1.3130340576171875,
          -5.552349090576172,
          -1.8456511497497559
        ],
        "ml": [
          -4.253257751464844,
          -3.91461181640625,
          -1.5524444580078125
        ],
        "dl": [
          -5.5826568603515625,
          -3.357999801635742,
          -0.827387809753418
        ],
        "bg": [
          2.3373489379882812,
          -6.446643829345703,
          2.01497220993042
        ],
        "m": [
          -6.257915496826172,
          -2.7333412170410156,
          -0.5161209106445312
        ],
        "mr": [
          -6.663354873657227,
          -2.335460662841797,
          -0.39328479766845703
        ],
        "dr": [
          -2.6936416625976562,
          -4.643390655517578,
          -2.427717685699463
        ],
        "mc": [
          -5.750175476074219,
          -3.2353954315185547,
          -0.6512107849121094
        ],
        "dc": [
          -2.6936416625976562,
          -4.643390655517578,
          -2.427717685699463
        ],
        "bgb": [
          3.9483699798583984,
          -5.166265487670898,
          1.337094783782959
        ],
        "lgb": [
          -7.195222854614258,
          -0.4858531951904297,
          -0.8201274871826172
        ]
      },
      "indices": {
        "mb": 2574,
        "db": 1544,
        "ml": 84,
        "dl": 0,
        "bg": 263,
        "m": 153,
        "mr": 411,
        "dr": 990,
        "mc": 1615,
        "dc": 990,
        "bgb": 1108,
        "lgb": 797
      },
      "scores": {
        "mb": 0.6418927907943726,
        "db": 0.40582525730133057,
        "ml": 0.2774485945701599,
        "dl": 0.11528854817152023,
        "bg": 0.5281937718391418,
        "m": 0.5083997249603271,
        "mr": 0.21713076531887054,
        "dr": 0.2334505319595337,
        "mc": 0.536127507686615,
        "dc": 0.4493480324745178,
        "bgb": 0.6229763627052307,
        "lgb": 0.12512874603271484
      },
      "top1": {
        "mb": 0.6418927907943726,
        "db": 0.40582525730133057,
        "ml": 0.2774485945701599,
        "dl": 0.11528854817152023,
        "bg": 0.5281937718391418,
        "m": 0.5083997249603271,
        "mr": 0.21713076531887054,
        "dr": 0.2334505319595337,
        "mc": 0.536127507686615,
        "dc": 0.4493480324745178,
        "bgb": 0.6229763627052307,
        "lgb": 0.12512874603271484
      },
      "peak_scores": {
        "mb": 0.6418927907943726,
        "db": 0.40582525730133057,
        "ml": 0.2774485945701599,
        "dl": 0.11528854817152023,
        "bg": 0.5281937718391418,
        "m": 0.5083997249603271,
        "mr": 0.21713076531887054,
        "dr": 0.2334505319595337,
        "mc": 0.536127507686615,
        "dc": 0.4493480324745178,
        "bgb": 0.6229763627052307,
        "lgb": 0.12512874603271484
      },
      "top2": {
        "mb": 0.6412101984024048,
        "db": 0.40550628304481506,
        "ml": 0.27694204449653625,
        "dl": 0.11513115465641022,
        "bg": 0.5266748666763306,
        "m": 0.508285641670227,
        "mr": 0.21697290241718292,
        "dr": 0.23311956226825714,
        "mc": 0.5359859466552734,
        "dc": 0.4490448236465454,
        "bgb": 0.6228787302970886,
        "lgb": 0.12494424730539322
      },
      "second_scores": {
        "mb": 0.6412101984024048,
        "db": 0.40550628304481506,
        "ml": 0.27694204449653625,
        "dl": 0.11513115465641022,
        "bg": 0.5266748666763306,
        "m": 0.508285641670227,
        "mr": 0.21697290241718292,
        "dr": 0.23311956226825714,
        "mc": 0.5359859466552734,
        "dc": 0.4490448236465454,
        "bgb": 0.6228787302970886,
        "lgb": 0.12494424730539322
      },
      "margin": {
        "mb": 0.0006825923919677734,
        "db": 0.00031897425651550293,
        "ml": 0.0005065500736236572,
        "dl": 0.00015739351511001587,
        "bg": 0.0015189051628112793,
        "m": 0.00011408329010009766,
        "mr": 0.00015786290168762207,
        "dr": 0.0003309696912765503,
        "mc": 0.00014156103134155273,
        "dc": 0.0003032088279724121,
        "bgb": 9.763240814208984e-05,
        "lgb": 0.00018449872732162476
      },
      "meta": {
        "case_id": "009",
        "arch": "U",
        "fdi": 27,
        "tooth_id": 14,
        "sigma_mm": 5.0,
        "unit": "mm"
      }
    }
  },
  "meta": {
    "root": "C:\\MISC\\Deepcare\\Orthodontics\\datasets\\landmarks_dataset\\cooked\\p0\\samples"
  }
}