{
  "predictions": {
    "t27": {
      "landmarks_local": {
        "mb": [
          0.9028377532958984,
          -4.913359642028809,
          2.4834389686584473
        ],
        "db": [
          1.7756481170654297,
          -3.9929256439208984,
          0.4228858947753906
        ],
        "ml": [
          -5.575931549072266,
          -1.732222557067871,
          -0.23534345626831055
        ],
        "dl": [
          -4.262439727783203,
          -1.7089529037475586,
          -1.2662506103515625
        ],
        "bg": [
          -0.29024505615234375,
          -4.470926284790039,
          0.8865199089050293
        ],
        "m": [
          -6.160564422607422,
          -0.7010259628295898,
          -0.49469709396362305
        ],
        "mr": [
          0.9028377532958984,
          -4.913359642028809,
          2.4834389686584473
        ],
        "dr": [
          -5.158563613891602,
          -1.9479789733886719,
          -0.5173144340515137
        ],
        "mc": [
          -5.575931549072266,
          -1.732222557067871,
          -0.23534345626831055
        ],
        "dc": [
          -4.935462951660156,
          0.9062681198120117,
          -2.2391436100006104
        ],
        "bgb": [
          3.1650314331054688,
          -2.921889305114746,
          1.8334693908691406
        ],
        "lgb": [
          -5.688396453857422,
          1.7043333053588867,
          -1.561387062072754
        ]
      },
      "landmarks_global": {
        "mb": [
          0.9028377532958984,
          -4.913359642028809,
          2.4834389686584473
        ],
        "db": [
          1.7756481170654297,
          -3.9929256439208984,
          0.4228858947753906
        ],
        "ml": [
          -5.575931549072266,
          -1.732222557067871,
          -0.23534345626831055
        ],
        "dl": [
          -4.262439727783203,
          -1.7089529037475586,
          -1.2662506103515625
        ],
        "bg": [
          -0.29024505615234375,
          -4.470926284790039,
          0.8865199089050293
        ],
        "m": [
          -6.160564422607422,
          -0.7010259628295898,
          -0.49469709396362305
        ],
        "mr": [
          0.9028377532958984,
          -4.913359642028809,
          2.4834389686584473
        ],
        "dr": [
          -5.158563613891602,
          -1.9479789733886719,
          -0.5173144340515137
        ],
        "mc": [
          -5.575931549072266,
          -1.732222557067871,
          -0.23534345626831055
        ],
        "dc": [
          -4.935462951660156,
          0.9062681198120117,
          -2.2391436100006104
        ],
        "bgb": [
          3.1650314331054688,
          -2.921889305114746,
          1.8334693908691406
        ],
        "lgb": [
          -5.688396453857422,
          1.7043333053588867,
          -1.561387062072754
        ]
      },
      "indices": {
        "mb": 2775,
        "db": 2605,
        "ml": 834,
        "dl": 1687,
        "bg": 2013,
        "m": 0,
        "mr": 2775,
        "dr": 1538,
        "mc": 834,
        "dc": 2167,
        "bgb": 1783,
        "lgb": 1037
      },
      "scores": {
        "mb": 0.7795193195343018,
        "db": 0.46681585907936096,
        "ml": 0.3351063132286072,
        "dl": 0.16063536703586578,
        "bg": 0.6303618550300598,
        "m": 0.6391265392303467,
        "mr": 0.31348955631256104,
        "dr": 0.23392407596111298,
        "mc": 0.4018744230270386,
        "dc": 0.3180156946182251,
        "bgb": 0.6519277095794678,
        "lgb": 0.10984212905168533
      },
      "top1": {
        "mb": 0.7795193195343018,
        "db": 0.46681585907936096,
        "ml": 0.3351063132286072,
        "dl": 0.16063536703586578,
        "bg": 0.6303618550300598,
        "m": 0.6391265392303467,
        "mr": 0.31348955631256104,
        "dr": 0.23392407596111298,
        "mc": 0.4018744230270386,
        "dc": 0.3180156946182251,
        "bgb": 0.6519277095794678,
        "lgb": 0.10984212905168533
      },
      "peak_scores": {
        "mb": 0.7795193195343018,
        "db": 0.46681585907936096,
        "ml": 0.3351063132286072,
        "dl": 0.16063536703586578,
        "bg": 0.6303618550300598,
        "m": 0.6391265392303467,
        "mr": 0.31348955631256104,
        "dr": 0.23392407596111298,
        "mc": 0.4018744230270386,
        "dc": 0.3180156946182251,
        "bgb": 0.6519277095794678,
        "lgb": 0.10984212905168533
      },
      "top2": {
        "mb": 0.7778794765472412,
        "db": 0.4665396511554718,
        "ml": 0.3335741460323334,
        "dl": 0.16030554473400116,
        "bg": 0.6303510069847107,
        "m": 0.6383978724479675,
        "mr": 0.31178951263427734,
        "dr": 0.23260951042175293,
        "mc": 0.4004344642162323,
        "dc": 0.31792449951171875,
        "bgb": 0.6518964767456055,
        "lgb": 0.10935007035732269
      },
      "second_scores": {
        "mb": 0.7778794765472412,
        "db": 0.4665396511554718,
        "ml": 0.3335741460323334,
        "dl": 0.16030554473400116,
        "bg": 0.6303510069847107,
        "m": 0.6383978724479675,
        "mr": 0.31178951263427734,
        "dr": 0.23260951042175293,
        "mc": 0.4004344642162323,
        "dc": 0.31792449951171875,
        "bgb": 0.6518964767456055,
        "lgb": 0.10935007035732269
      },
      "margin": {
        "mb": 0.0016398429870605469,
        "db": 0.00027620792388916016,
        "ml": 0.0015321671962738037,
        "dl": 0.000329822301864624,
        "bg": 1.0848045349121094e-05,
        "m": 0.0007286667823791504,
        "mr": 0.0017000436782836914,
        "dr": 0.0013145655393600464,
        "mc": 0.0014399588108062744,
        "dc": 9.119510650634766e-05,
        "bgb": 3.123283386230469e-05,
        "lgb": 0.0004920586943626404
      },
      "meta": {
        "case_id": "010",
        "arch": "U",
        "fdi": 27,
        "tooth_id": 14,
        "sigma_mm": 5.0,
        "unit": "mm"
      }
    }
  },
  "meta": {
    "root": "C:\\MISC\\Deepcare\\Orthodontics\\datasets\\landmarks_dataset\\cooked\\p0\\samples"
  }
}