{
  "predictions": {
    "t27": {
      "landmarks_local": {
        "mb": [
          2.2418746948242188,
          -5.237845420837402,
          1.8970072269439697
        ],
        "db": [
          1.7225570678710938,
          -5.120120048522949,
          1.0857107639312744
        ],
        "ml": [
          -5.415210723876953,
          -2.837919235229492,
          1.055053949356079
        ],
        "dl": [
          -3.843660354614258,
          -3.591035842895508,
          0.17136430740356445
        ],
        "bg": [
          1.2573280334472656,
          -5.250582695007324,
          1.082460641860962
        ],
        "m": [
          -6.090394973754883,
          -1.5146217346191406,
          1.1089403629302979
        ],
        "mr": [
          -6.025840759277344,
          -2.0580692291259766,
          1.266040563583374
        ],
        "dr": [
          -5.074863433837891,
          -2.1675148010253906,
          -0.18659615516662598
        ],
        "mc": [
          -5.607364654541016,
          -2.6786861419677734,
          1.1326611042022705
        ],
        "dc": [
          -4.222719192504883,
          -0.31002235412597656,
          -2.278282642364502
        ],
        "bgb": [
          4.974760055541992,
          -2.873990058898926,
          1.9507076740264893
        ],
        "lgb": [
          -5.473766326904297,
          3.4798126220703125,
          0.06231403350830078
        ]
      },
      "landmarks_global": {
        "mb": [
          2.2418746948242188,
          -5.237845420837402,
          1.8970072269439697
        ],
        "db": [
          1.7225570678710938,
          -5.120120048522949,
          1.0857107639312744
        ],
        "ml": [
          -5.415210723876953,
          -2.837919235229492,
          1.055053949356079
        ],
        "dl": [
          -3.843660354614258,
          -3.591035842895508,
          0.17136430740356445
        ],
        "bg": [
          1.2573280334472656,
          -5.250582695007324,
          1.082460641860962
        ],
        "m": [
          -6.090394973754883,
          -1.5146217346191406,
          1.1089403629302979
        ],
        "mr": [
          -6.025840759277344,
          -2.0580692291259766,
          1.266040563583374
        ],
        "dr": [
          -5.074863433837891,
          -2.1675148010253906,
          -0.18659615516662598
        ],
        "mc": [
          -5.607364654541016,
          -2.6786861419677734,
          1.1326611042022705
        ],
        "dc": [
          -4.222719192504883,
          -0.31002235412597656,
          -2.278282642364502
        ],
        "bgb": [
          4.974760055541992,
          -2.873990058898926,
          1.9507076740264893
        ],
        "lgb": [
          -5.473766326904297,
          3.4798126220703125,
          0.06231403350830078
        ]
      },
      "indices": {
        "mb": 2422,
        "db": 1942,
        "ml": 1600,
        "dl": 256,
        "bg": 1389,
        "m": 1580,
        "mr": 506,
        "dr": 512,
        "mc": 23,
        "dc": 131,
        "bgb": 1316,
        "lgb": 817
      },
      "scores": {
        "mb": 0.7581796050071716,
        "db": 0.47693708539009094,
        "ml": 0.32020100951194763,
        "dl": 0.14777174592018127,
        "bg": 0.6340346336364746,
        "m": 0.6209627389907837,
        "mr": 0.29836955666542053,
        "dr": 0.22419238090515137,
        "mc": 0.4260440468788147,
        "dc": 0.3324509263038635,
        "bgb": 0.666681706905365,
        "lgb": 0.10903705656528473
      },
      "top1": {
        "mb": 0.7581796050071716,
        "db": 0.47693708539009094,
        "ml": 0.32020100951194763,
        "dl": 0.14777174592018127,
        "bg": 0.6340346336364746,
        "m": 0.6209627389907837,
        "mr": 0.29836955666542053,
        "dr": 0.22419238090515137,
        "mc": 0.4260440468788147,
        "dc": 0.3324509263038635,
        "bgb": 0.666681706905365,
        "lgb": 0.10903705656528473
      },
      "peak_scores": {
        "mb": 0.7581796050071716,
        "db": 0.47693708539009094,
        "ml": 0.32020100951194763,
        "dl": 0.14777174592018127,
        "bg": 0.6340346336364746,
        "m": 0.6209627389907837,
        "mr": 0.29836955666542053,
        "dr": 0.22419238090515137,
        "mc": 0.4260440468788147,
        "dc": 0.3324509263038635,
        "bgb": 0.666681706905365,
        "lgb": 0.10903705656528473
      },
      "top2": {
        "mb": 0.7575794458389282,
        "db": 0.4765251576900482,
        "ml": 0.3196620047092438,
        "dl": 0.1475839763879776,
        "bg": 0.6333483457565308,
        "m": 0.6209036707878113,
        "mr": 0.29799965023994446,
        "dr": 0.2241588830947876,
        "mc": 0.42552459239959717,
        "dc": 0.33229753375053406,
        "bgb": 0.6665790677070618,
        "lgb": 0.10851458460092545
      },
      "second_scores": {
        "mb": 0.7575794458389282,
        "db": 0.4765251576900482,
        "ml": 0.3196620047092438,
        "dl": 0.1475839763879776,
        "bg": 0.6333483457565308,
        "m": 0.6209036707878113,
        "mr": 0.29799965023994446,
        "dr": 0.2241588830947876,
        "mc": 0.42552459239959717,
        "dc": 0.33229753375053406,
        "bgb": 0.6665790677070618,
        "lgb": 0.10851458460092545
      },
      "margin": {
        "mb": 0.0006001591682434082,
        "db": 0.0004119277000427246,
        "ml": 0.0005390048027038574,
        "dl": 0.00018776953220367432,
        "bg": 0.0006862878799438477,
        "m": 5.906820297241211e-05,
        "mr": 0.0003699064254760742,
        "dr": 3.349781036376953e-05,
        "mc": 0.0005194544792175293,
        "dc": 0.00015339255332946777,
        "bgb": 0.00010263919830322266,
        "lgb": 0.0005224719643592834
      },
      "meta": {
        "case_id": "011",
        "arch": "U",
        "fdi": 27,
        "tooth_id": 14,
        "sigma_mm": 5.0,
        "unit": "mm"
      }
    }
  },
  "meta": {
    "root": "C:\\MISC\\Deepcare\\Orthodontics\\datasets\\landmarks_dataset\\cooked\\p0\\samples"
  }
}