{
  "predictions": {
    "t27": {
      "landmarks_local": {
        "mb": [
          1.450124740600586,
          -6.513692855834961,
          0.1912250518798828
        ],
        "db": [
          1.450124740600586,
          -6.513692855834961,
          0.1912250518798828
        ],
        "ml": [
          -6.680625915527344,
          -2.4925498962402344,
          0.8096351623535156
        ],
        "dl": [
          -1.2925338745117188,
          -5.096132278442383,
          -0.3424816131591797
        ],
        "bg": [
          1.450124740600586,
          -6.513692855834961,
          0.1912250518798828
        ],
        "m": [
          -6.786712646484375,
          -1.9148025512695312,
          0.4654879570007324
        ],
        "mr": [
          -6.367792129516602,
          -2.927947998046875,
          0.9506511688232422
        ],
        "dr": [
          -3.448244094848633,
          -3.2617416381835938,
          -0.9824984073638916
        ],
        "mc": [
          -6.88585090637207,
          -2.13763427734375,
          0.7032780647277832
        ],
        "dc": [
          -4.679910659790039,
          -0.5442123413085938,
          -2.2042551040649414
        ],
        "bgb": [
          4.264795303344727,
          -4.450187683105469,
          2.65092134475708
        ],
        "lgb": [
          -5.819862365722656,
          2.7754955291748047,
          -0.34165191650390625
        ]
      },
      "landmarks_global": {
        "mb": [
          1.450124740600586,
          -6.513692855834961,
          0.1912250518798828
        ],
        "db": [
          1.450124740600586,
          -6.513692855834961,
          0.1912250518798828
        ],
        "ml": [
          -6.680625915527344,
          -2.4925498962402344,
          0.8096351623535156
        ],
        "dl": [
          -1.2925338745117188,
          -5.096132278442383,
          -0.3424816131591797
        ],
        "bg": [
          1.450124740600586,
          -6.513692855834961,
          0.1912250518798828
        ],
        "m": [
          -6.786712646484375,
          -1.9148025512695312,
          0.4654879570007324
        ],
        "mr": [
          -6.367792129516602,
          -2.927947998046875,
          0.9506511688232422
        ],
        "dr": [
          -3.448244094848633,
          -3.2617416381835938,
          -0.9824984073638916
        ],
        "mc": [
          -6.88585090637207,
          -2.13763427734375,
          0.7032780647277832
        ],
        "dc": [
          -4.679910659790039,
          -0.5442123413085938,
          -2.2042551040649414
        ],
        "bgb": [
          4.264795303344727,
          -4.450187683105469,
          2.65092134475708
        ],
        "lgb": [
          -5.819862365722656,
          2.7754955291748047,
          -0.34165191650390625
        ]
      },
      "indices": {
        "mb": 592,
        "db": 592,
        "ml": 1966,
        "dl": 162,
        "bg": 592,
        "m": 2150,
        "mr": 1619,
        "dr": 2131,
        "mc": 2508,
        "dc": 2188,
        "bgb": 1300,
        "lgb": 1666
      },
      "scores": {
        "mb": 0.7387912273406982,
        "db": 0.4622977077960968,
        "ml": 0.2916775643825531,
        "dl": 0.1344459354877472,
        "bg": 0.6191723942756653,
        "m": 0.5723344683647156,
        "mr": 0.26675280928611755,
        "dr": 0.20854660868644714,
        "mc": 0.4720124304294586,
        "dc": 0.37499165534973145,
        "bgb": 0.6621181964874268,
        "lgb": 0.11490418016910553
      },
      "top1": {
        "mb": 0.7387912273406982,
        "db": 0.4622977077960968,
        "ml": 0.2916775643825531,
        "dl": 0.1344459354877472,
        "bg": 0.6191723942756653,
        "m": 0.5723344683647156,
        "mr": 0.26675280928611755,
        "dr": 0.20854660868644714,
        "mc": 0.4720124304294586,
        "dc": 0.37499165534973145,
        "bgb": 0.6621181964874268,
        "lgb": 0.11490418016910553
      },
      "peak_scores": {
        "mb": 0.7387912273406982,
        "db": 0.4622977077960968,
        "ml": 0.2916775643825531,
        "dl": 0.1344459354877472,
        "bg": 0.6191723942756653,
        "m": 0.5723344683647156,
        "mr": 0.26675280928611755,
        "dr": 0.20854660868644714,
        "mc": 0.4720124304294586,
        "dc": 0.37499165534973145,
        "bgb": 0.6621181964874268,
        "lgb": 0.11490418016910553
      },
      "top2": {
        "mb": 0.7374821901321411,
        "db": 0.4601673483848572,
        "ml": 0.29159146547317505,
        "dl": 0.13437503576278687,
        "bg": 0.6189371943473816,
        "m": 0.5716957449913025,
        "mr": 0.26651760935783386,
        "dr": 0.2085062861442566,
        "mc": 0.47198486328125,
        "dc": 0.37498852610588074,
        "bgb": 0.6618454456329346,
        "lgb": 0.1142473965883255
      },
      "second_scores": {
        "mb": 0.7374821901321411,
        "db": 0.4601673483848572,
        "ml": 0.29159146547317505,
        "dl": 0.13437503576278687,
        "bg": 0.6189371943473816,
        "m": 0.5716957449913025,
        "mr": 0.26651760935783386,
        "dr": 0.2085062861442566,
        "mc": 0.47198486328125,
        "dc": 0.37498852610588074,
        "bgb": 0.6618454456329346,
        "lgb": 0.1142473965883255
      },
      "margin": {
        "mb": 0.001309037208557129,
        "db": 0.002130359411239624,
        "ml": 8.609890937805176e-05,
        "dl": 7.089972496032715e-05,
        "bg": 0.0002351999282836914,
        "m": 0.0006387233734130859,
        "mr": 0.0002351999282836914,
        "dr": 4.032254219055176e-05,
        "mc": 2.7567148208618164e-05,
        "dc": 3.129243850708008e-06,
        "bgb": 0.0002727508544921875,
        "lgb": 0.0006567835807800293
      },
      "meta": {
        "case_id": "012",
        "arch": "U",
        "fdi": 27,
        "tooth_id": 14,
        "sigma_mm": 5.0,
        "unit": "mm"
      }
    }
  },
  "meta": {
    "root": "C:\\MISC\\Deepcare\\Orthodontics\\datasets\\landmarks_dataset\\cooked\\p0\\samples"
  }
}