{
  "predictions": {
    "t27": {
      "landmarks_local": {
        "mb": [
          -0.15753746032714844,
          0.35556745529174805,
          5.632055282592773
        ],
        "db": [
          2.9344024658203125,
          -0.634674072265625,
          -2.0621414184570312
        ],
        "ml": [
          -4.86598014831543,
          -0.24567317962646484,
          2.3365373611450195
        ],
        "dl": [
          -2.27911376953125,
          -0.32512474060058594,
          -4.529048919677734
        ],
        "bg": [
          1.9753646850585938,
          1.1124958992004395,
          5.03144645690918
        ],
        "m": [
          -5.545186996459961,
          -0.4091958999633789,
          1.109161376953125
        ],
        "mr": [
          -3.2425689697265625,
          0.33072829246520996,
          4.05202579498291
        ],
        "dr": [
          -2.7874107360839844,
          0.19152379035949707,
          -4.730745315551758
        ],
        "mc": [
          -3.2425689697265625,
          0.33072829246520996,
          4.05202579498291
        ],
        "dc": [
          -2.4727630615234375,
          0.4210371971130371,
          -5.140254974365234
        ],
        "bgb": [
          4.3974609375,
          2.730012893676758,
          1.2831001281738281
        ],
        "lgb": [
          -4.532552719116211,
          -1.4666380882263184,
          -0.9051361083984375
        ]
      },
      "landmarks_global": {
        "mb": [
          -0.15753746032714844,
          0.35556745529174805,
          5.632055282592773
        ],
        "db": [
          2.9344024658203125,
          -0.634674072265625,
          -2.0621414184570312
        ],
        "ml": [
          -4.86598014831543,
          -0.24567317962646484,
          2.3365373611450195
        ],
        "dl": [
          -2.27911376953125,
          -0.32512474060058594,
          -4.529048919677734
        ],
        "bg": [
          1.9753646850585938,
          1.1124958992004395,
          5.03144645690918
        ],
        "m": [
          -5.545186996459961,
          -0.4091958999633789,
          1.109161376953125
        ],
        "mr": [
          -3.2425689697265625,
          0.33072829246520996,
          4.05202579498291
        ],
        "dr": [
          -2.7874107360839844,
          0.19152379035949707,
          -4.730745315551758
        ],
        "mc": [
          -3.2425689697265625,
          0.33072829246520996,
          4.05202579498291
        ],
        "dc": [
          -2.4727630615234375,
          0.4210371971130371,
          -5.140254974365234
        ],
        "bgb": [
          4.3974609375,
          2.730012893676758,
          1.2831001281738281
        ],
        "lgb": [
          -4.532552719116211,
          -1.4666380882263184,
          -0.9051361083984375
        ]
      },
      "indices": {
        "mb": 344,
        "db": 1174,
        "ml": 2757,
        "dl": 1327,
        "bg": 535,
        "m": 55,
        "mr": 2026,
        "dr": 1841,
        "mc": 2026,
        "dc": 1,
        "bgb": 110,
        "lgb": 2605
      },
      "scores": {
        "mb": 0.7344343066215515,
        "db": 0.8779051899909973,
        "ml": 0.3139800727367401,
        "dl": 0.4638032019138336,
        "bg": 0.4861868619918823,
        "m": 0.5179286003112793,
        "mr": 0.3482298254966736,
        "dr": 0.4238288104534149,
        "mc": 0.31280532479286194,
        "dc": 0.6922911405563354,
        "bgb": 0.743007481098175,
        "lgb": 0.1601787656545639
      },
      "top1": {
        "mb": 0.7344343066215515,
        "db": 0.8779051899909973,
        "ml": 0.3139800727367401,
        "dl": 0.4638032019138336,
        "bg": 0.4861868619918823,
        "m": 0.5179286003112793,
        "mr": 0.3482298254966736,
        "dr": 0.4238288104534149,
        "mc": 0.31280532479286194,
        "dc": 0.6922911405563354,
        "bgb": 0.743007481098175,
        "lgb": 0.1601787656545639
      },
      "peak_scores": {
        "mb": 0.7344343066215515,
        "db": 0.8779051899909973,
        "ml": 0.3139800727367401,
        "dl": 0.4638032019138336,
        "bg": 0.4861868619918823,
        "m": 0.5179286003112793,
        "mr": 0.3482298254966736,
        "dr": 0.4238288104534149,
        "mc": 0.31280532479286194,
        "dc": 0.6922911405563354,
        "bgb": 0.743007481098175,
        "lgb": 0.1601787656545639
      },
      "top2": {
        "mb": 0.7341811060905457,
        "db": 0.8778976798057556,
        "ml": 0.31346070766448975,
        "dl": 0.46366187930107117,
        "bg": 0.4860341250896454,
        "m": 0.517876148223877,
        "mr": 0.34795767068862915,
        "dr": 0.42371636629104614,
        "mc": 0.3122062385082245,
        "dc": 0.6911622285842896,
        "bgb": 0.7409650683403015,
        "lgb": 0.1599847972393036
      },
      "second_scores": {
        "mb": 0.7341811060905457,
        "db": 0.8778976798057556,
        "ml": 0.31346070766448975,
        "dl": 0.46366187930107117,
        "bg": 0.4860341250896454,
        "m": 0.517876148223877,
        "mr": 0.34795767068862915,
        "dr": 0.42371636629104614,
        "mc": 0.3122062385082245,
        "dc": 0.6911622285842896,
        "bgb": 0.7409650683403015,
        "lgb": 0.1599847972393036
      },
      "margin": {
        "mb": 0.0002532005310058594,
        "db": 7.510185241699219e-06,
        "ml": 0.0005193650722503662,
        "dl": 0.00014132261276245117,
        "bg": 0.00015273690223693848,
        "m": 5.245208740234375e-05,
        "mr": 0.0002721548080444336,
        "dr": 0.00011244416236877441,
        "mc": 0.0005990862846374512,
        "dc": 0.0011289119720458984,
        "bgb": 0.002042412757873535,
        "lgb": 0.00019396841526031494
      },
      "meta": {
        "case_id": "013",
        "arch": "U",
        "fdi": 27,
        "tooth_id": 14,
        "sigma_mm": 5.0,
        "unit": "mm"
      }
    }
  },
  "meta": {
    "root": "C:\\MISC\\Deepcare\\Orthodontics\\datasets\\landmarks_dataset\\cooked\\p0\\samples"
  }
}