{
  "predictions": {
    "t27": {
      "landmarks_local": {
        "mb": [
          2.0953369140625,
          4.021523952484131,
          5.826244354248047
        ],
        "db": [
          -1.7869701385498047,
          -3.6507081985473633,
          -0.8604106903076172
        ],
        "ml": [
          -5.749881744384766,
          -1.2297197580337524,
          2.403278350830078
        ],
        "dl": [
          -5.161319732666016,
          -0.8134509325027466,
          -4.270654678344727
        ],
        "bg": [
          2.557811737060547,
          4.283937931060791,
          5.280966758728027
        ],
        "m": [
          -6.440778732299805,
          -0.6950623989105225,
          2.39898681640625
        ],
        "mr": [
          -5.286405563354492,
          -0.2996910810470581,
          3.4833765029907227
        ],
        "dr": [
          -3.939504623413086,
          0.12394022941589355,
          -5.740703582763672
        ],
        "mc": [
          -5.286405563354492,
          -0.2996910810470581,
          3.4833765029907227
        ],
        "dc": [
          -3.574432373046875,
          0.34605395793914795,
          -5.981050491333008
        ],
        "bgb": [
          3.2719860076904297,
          5.313401699066162,
          3.8544797897338867
        ],
        "lgb": [
          -4.974510192871094,
          -2.5909314155578613,
          -1.729513168334961
        ]
      },
      "landmarks_global": {
        "mb": [
          2.0953369140625,
          4.021523952484131,
          5.826244354248047
        ],
        "db": [
          -1.7869701385498047,
          -3.6507081985473633,
          -0.8604106903076172
        ],
        "ml": [
          -5.749881744384766,
          -1.2297197580337524,
          2.403278350830078
        ],
        "dl": [
          -5.161319732666016,
          -0.8134509325027466,
          -4.270654678344727
        ],
        "bg": [
          2.557811737060547,
          4.283937931060791,
          5.280966758728027
        ],
        "m": [
          -6.440778732299805,
          -0.6950623989105225,
          2.39898681640625
        ],
        "mr": [
          -5.286405563354492,
          -0.2996910810470581,
          3.4833765029907227
        ],
        "dr": [
          -3.939504623413086,
          0.12394022941589355,
          -5.740703582763672
        ],
        "mc": [
          -5.286405563354492,
          -0.2996910810470581,
          3.4833765029907227
        ],
        "dc": [
          -3.574432373046875,
          0.34605395793914795,
          -5.981050491333008
        ],
        "bgb": [
          3.2719860076904297,
          5.313401699066162,
          3.8544797897338867
        ],
        "lgb": [
          -4.974510192871094,
          -2.5909314155578613,
          -1.729513168334961
        ]
      },
      "indices": {
        "mb": 0,
        "db": 2910,
        "ml": 1143,
        "dl": 85,
        "bg": 2960,
        "m": 2383,
        "mr": 1022,
        "dr": 1,
        "mc": 1022,
        "dc": 516,
        "bgb": 851,
        "lgb": 1116
      },
      "scores": {
        "mb": 0.7978847026824951,
        "db": 0.8677786588668823,
        "ml": 0.38871049880981445,
        "dl": 0.42494380474090576,
        "bg": 0.5200989842414856,
        "m": 0.6020727753639221,
        "mr": 0.3711659908294678,
        "dr": 0.40916314721107483,
        "mc": 0.29506373405456543,
        "dc": 0.669959306716919,
        "bgb": 0.7945318222045898,
        "lgb": 0.17267119884490967
      },
      "top1": {
        "mb": 0.7978847026824951,
        "db": 0.8677786588668823,
        "ml": 0.38871049880981445,
        "dl": 0.42494380474090576,
        "bg": 0.5200989842414856,
        "m": 0.6020727753639221,
        "mr": 0.3711659908294678,
        "dr": 0.40916314721107483,
        "mc": 0.29506373405456543,
        "dc": 0.669959306716919,
        "bgb": 0.7945318222045898,
        "lgb": 0.17267119884490967
      },
      "peak_scores": {
        "mb": 0.7978847026824951,
        "db": 0.8677786588668823,
        "ml": 0.38871049880981445,
        "dl": 0.42494380474090576,
        "bg": 0.5200989842414856,
        "m": 0.6020727753639221,
        "mr": 0.3711659908294678,
        "dr": 0.40916314721107483,
        "mc": 0.29506373405456543,
        "dc": 0.669959306716919,
        "bgb": 0.7945318222045898,
        "lgb": 0.17267119884490967
      },
      "top2": {
        "mb": 0.7978371381759644,
        "db": 0.8677744269371033,
        "ml": 0.3884912431240082,
        "dl": 0.42317625880241394,
        "bg": 0.5200781226158142,
        "m": 0.601715624332428,
        "mr": 0.37038326263427734,
        "dr": 0.4091617166996002,
        "mc": 0.29374930262565613,
        "dc": 0.6698050498962402,
        "bgb": 0.7944460511207581,
        "lgb": 0.17259465157985687
      },
      "second_scores": {
        "mb": 0.7978371381759644,
        "db": 0.8677744269371033,
        "ml": 0.3884912431240082,
        "dl": 0.42317625880241394,
        "bg": 0.5200781226158142,
        "m": 0.601715624332428,
        "mr": 0.37038326263427734,
        "dr": 0.4091617166996002,
        "mc": 0.29374930262565613,
        "dc": 0.6698050498962402,
        "bgb": 0.7944460511207581,
        "lgb": 0.17259465157985687
      },
      "margin": {
        "mb": 4.756450653076172e-05,
        "db": 4.231929779052734e-06,
        "ml": 0.00021925568580627441,
        "dl": 0.0017675459384918213,
        "bg": 2.086162567138672e-05,
        "m": 0.0003571510314941406,
        "mr": 0.0007827281951904297,
        "dr": 1.430511474609375e-06,
        "mc": 0.0013144314289093018,
        "dc": 0.00015425682067871094,
        "bgb": 8.577108383178711e-05,
        "lgb": 7.654726505279541e-05
      },
      "meta": {
        "case_id": "014",
        "arch": "U",
        "fdi": 27,
        "tooth_id": 14,
        "sigma_mm": 5.0,
        "unit": "mm"
      }
    }
  },
  "meta": {
    "root": "C:\\MISC\\Deepcare\\Orthodontics\\datasets\\landmarks_dataset\\cooked\\p0\\samples"
  }
}