{
  "predictions": {
    "t27": {
      "landmarks_local": {
        "mb": [
          2.268857955932617,
          0.5367422103881836,
          5.039111137390137
        ],
        "db": [
          4.426752090454102,
          1.1954641342163086,
          -1.9615516662597656
        ],
        "ml": [
          -5.925569534301758,
          -0.8412675857543945,
          3.361538887023926
        ],
        "dl": [
          -4.296346664428711,
          -2.085597038269043,
          -5.31721305847168
        ],
        "bg": [
          2.148172378540039,
          2.8870983123779297,
          5.139410972595215
        ],
        "m": [
          -6.929838180541992,
          0.7316837310791016,
          2.169595718383789
        ],
        "mr": [
          0.3665885925292969,
          3.3455629348754883,
          5.31870174407959
        ],
        "dr": [
          -3.300832748413086,
          -1.7953243255615234,
          -6.133710861206055
        ],
        "mc": [
          0.3665885925292969,
          3.3455629348754883,
          5.31870174407959
        ],
        "dc": [
          -2.5129356384277344,
          -1.2135753631591797,
          -6.467891693115234
        ],
        "bgb": [
          4.011898040771484,
          6.605590343475342,
          1.418844223022461
        ],
        "lgb": [
          -6.131380081176758,
          -1.7740964889526367,
          -1.0739307403564453
        ]
      },
      "landmarks_global": {
        "mb": [
          2.268857955932617,
          0.5367422103881836,
          5.039111137390137
        ],
        "db": [
          4.426752090454102,
          1.1954641342163086,
          -1.9615516662597656
        ],
        "ml": [
          -5.925569534301758,
          -0.8412675857543945,
          3.361538887023926
        ],
        "dl": [
          -4.296346664428711,
          -2.085597038269043,
          -5.31721305847168
        ],
        "bg": [
          2.148172378540039,
          2.8870983123779297,
          5.139410972595215
        ],
        "m": [
          -6.929838180541992,
          0.7316837310791016,
          2.169595718383789
        ],
        "mr": [
          0.3665885925292969,
          3.3455629348754883,
          5.31870174407959
        ],
        "dr": [
          -3.300832748413086,
          -1.7953243255615234,
          -6.133710861206055
        ],
        "mc": [
          0.3665885925292969,
          3.3455629348754883,
          5.31870174407959
        ],
        "dc": [
          -2.5129356384277344,
          -1.2135753631591797,
          -6.467891693115234
        ],
        "bgb": [
          4.011898040771484,
          6.605590343475342,
          1.418844223022461
        ],
        "lgb": [
          -6.131380081176758,
          -1.7740964889526367,
          -1.0739307403564453
        ]
      },
      "indices": {
        "mb": 2126,
        "db": 673,
        "ml": 1482,
        "dl": 303,
        "bg": 2285,
        "m": 269,
        "mr": 137,
        "dr": 2654,
        "mc": 137,
        "dc": 1473,
        "bgb": 850,
        "lgb": 1522
      },
      "scores": {
        "mb": 0.7348909974098206,
        "db": 0.8754962086677551,
        "ml": 0.36201512813568115,
        "dl": 0.6211045384407043,
        "bg": 0.4591525197029114,
        "m": 0.5627663135528564,
        "mr": 0.3540215790271759,
        "dr": 0.5041362643241882,
        "mc": 0.34018951654434204,
        "dc": 0.7581432461738586,
        "bgb": 0.7424262762069702,
        "lgb": 0.18857316672801971
      },
      "top1": {
        "mb": 0.7348909974098206,
        "db": 0.8754962086677551,
        "ml": 0.36201512813568115,
        "dl": 0.6211045384407043,
        "bg": 0.4591525197029114,
        "m": 0.5627663135528564,
        "mr": 0.3540215790271759,
        "dr": 0.5041362643241882,
        "mc": 0.34018951654434204,
        "dc": 0.7581432461738586,
        "bgb": 0.7424262762069702,
        "lgb": 0.18857316672801971
      },
      "peak_scores": {
        "mb": 0.7348909974098206,
        "db": 0.8754962086677551,
        "ml": 0.36201512813568115,
        "dl": 0.6211045384407043,
        "bg": 0.4591525197029114,
        "m": 0.5627663135528564,
        "mr": 0.3540215790271759,
        "dr": 0.5041362643241882,
        "mc": 0.34018951654434204,
        "dc": 0.7581432461738586,
        "bgb": 0.7424262762069702,
        "lgb": 0.18857316672801971
      },
      "top2": {
        "mb": 0.7348830103874207,
        "db": 0.8754227161407471,
        "ml": 0.3602851927280426,
        "dl": 0.6183153986930847,
        "bg": 0.45897385478019714,
        "m": 0.5622866749763489,
        "mr": 0.35290172696113586,
        "dr": 0.503375232219696,
        "mc": 0.3394966125488281,
        "dc": 0.7577722072601318,
        "bgb": 0.7418299317359924,
        "lgb": 0.18817760050296783
      },
      "second_scores": {
        "mb": 0.7348830103874207,
        "db": 0.8754227161407471,
        "ml": 0.3602851927280426,
        "dl": 0.6183153986930847,
        "bg": 0.45897385478019714,
        "m": 0.5622866749763489,
        "mr": 0.35290172696113586,
        "dr": 0.503375232219696,
        "mc": 0.3394966125488281,
        "dc": 0.7577722072601318,
        "bgb": 0.7418299317359924,
        "lgb": 0.18817760050296783
      },
      "margin": {
        "mb": 7.987022399902344e-06,
        "db": 7.349252700805664e-05,
        "ml": 0.0017299354076385498,
        "dl": 0.002789139747619629,
        "bg": 0.0001786649227142334,
        "m": 0.00047963857650756836,
        "mr": 0.001119852066040039,
        "dr": 0.0007610321044921875,
        "mc": 0.000692903995513916,
        "dc": 0.00037103891372680664,
        "bgb": 0.0005963444709777832,
        "lgb": 0.0003955662250518799
      },
      "meta": {
        "case_id": "015",
        "arch": "U",
        "fdi": 27,
        "tooth_id": 14,
        "sigma_mm": 5.0,
        "unit": "mm"
      }
    }
  },
  "meta": {
    "root": "C:\\MISC\\Deepcare\\Orthodontics\\datasets\\landmarks_dataset\\cooked\\p0\\samples"
  }
}