{
  "predictions": {
    "t27": {
      "landmarks_local": {
        "mb": [
          4.012989044189453,
          -3.0069808959960938,
          4.554644584655762
        ],
        "db": [
          3.5424842834472656,
          2.445237159729004,
          -0.1781902313232422
        ],
        "ml": [
          -6.32786750793457,
          -2.0214157104492188,
          0.4226665496826172
        ],
        "dl": [
          -5.473550796508789,
          -2.911928176879883,
          0.19368267059326172
        ],
        "bg": [
          3.2786216735839844,
          2.885636329650879,
          4.185624122619629
        ],
        "m": [
          -6.556600570678711,
          1.7906599044799805,
          1.0077600479125977
        ],
        "mr": [
          -3.6670284271240234,
          4.900487899780273,
          1.9426555633544922
        ],
        "dr": [
          -4.646688461303711,
          -0.3877296447753906,
          -2.567413330078125
        ],
        "mc": [
          -2.8779220581054688,
          5.194100379943848,
          1.9720125198364258
        ],
        "dc": [
          -4.189201354980469,
          -0.46231842041015625,
          -2.7810745239257812
        ],
        "bgb": [
          1.7149162292480469,
          4.418353080749512,
          2.9713802337646484
        ],
        "lgb": [
          -6.32786750793457,
          -2.0214157104492188,
          0.4226665496826172
        ]
      },
      "landmarks_global": {
        "mb": [
          4.012989044189453,
          -3.0069808959960938,
          4.554644584655762
        ],
        "db": [
          3.5424842834472656,
          2.445237159729004,
          -0.1781902313232422
        ],
        "ml": [
          -6.32786750793457,
          -2.0214157104492188,
          0.4226665496826172
        ],
        "dl": [
          -5.473550796508789,
          -2.911928176879883,
          0.19368267059326172
        ],
        "bg": [
          3.2786216735839844,
          2.885636329650879,
          4.185624122619629
        ],
        "m": [
          -6.556600570678711,
          1.7906599044799805,
          1.0077600479125977
        ],
        "mr": [
          -3.6670284271240234,
          4.900487899780273,
          1.9426555633544922
        ],
        "dr": [
          -4.646688461303711,
          -0.3877296447753906,
          -2.567413330078125
        ],
        "mc": [
          -2.8779220581054688,
          5.194100379943848,
          1.9720125198364258
        ],
        "dc": [
          -4.189201354980469,
          -0.46231842041015625,
          -2.7810745239257812
        ],
        "bgb": [
          1.7149162292480469,
          4.418353080749512,
          2.9713802337646484
        ],
        "lgb": [
          -6.32786750793457,
          -2.0214157104492188,
          0.4226665496826172
        ]
      },
      "indices": {
        "mb": 183,
        "db": 1022,
        "ml": 164,
        "dl": 2549,
        "bg": 12,
        "m": 1515,
        "mr": 1,
        "dr": 546,
        "mc": 708,
        "dc": 2678,
        "bgb": 728,
        "lgb": 164
      },
      "scores": {
        "mb": 0.7790175080299377,
        "db": 0.8284229040145874,
        "ml": 0.38272565603256226,
        "dl": 0.6299257874488831,
        "bg": 0.4119102656841278,
        "m": 0.49035465717315674,
        "mr": 0.3779575824737549,
        "dr": 0.43907973170280457,
        "mc": 0.3608485758304596,
        "dc": 0.7132144570350647,
        "bgb": 0.5849326252937317,
        "lgb": 0.21272720396518707
      },
      "top1": {
        "mb": 0.7790175080299377,
        "db": 0.8284229040145874,
        "ml": 0.38272565603256226,
        "dl": 0.6299257874488831,
        "bg": 0.4119102656841278,
        "m": 0.49035465717315674,
        "mr": 0.3779575824737549,
        "dr": 0.43907973170280457,
        "mc": 0.3608485758304596,
        "dc": 0.7132144570350647,
        "bgb": 0.5849326252937317,
        "lgb": 0.21272720396518707
      },
      "peak_scores": {
        "mb": 0.7790175080299377,
        "db": 0.8284229040145874,
        "ml": 0.38272565603256226,
        "dl": 0.6299257874488831,
        "bg": 0.4119102656841278,
        "m": 0.49035465717315674,
        "mr": 0.3779575824737549,
        "dr": 0.43907973170280457,
        "mc": 0.3608485758304596,
        "dc": 0.7132144570350647,
        "bgb": 0.5849326252937317,
        "lgb": 0.21272720396518707
      },
      "top2": {
        "mb": 0.7789757251739502,
        "db": 0.8283685445785522,
        "ml": 0.3808746635913849,
        "dl": 0.6298900842666626,
        "bg": 0.41147127747535706,
        "m": 0.4902876019477844,
        "mr": 0.37795689702033997,
        "dr": 0.43877071142196655,
        "mc": 0.36043497920036316,
        "dc": 0.7131726741790771,
        "bgb": 0.584587812423706,
        "lgb": 0.21258899569511414
      },
      "second_scores": {
        "mb": 0.7789757251739502,
        "db": 0.8283685445785522,
        "ml": 0.3808746635913849,
        "dl": 0.6298900842666626,
        "bg": 0.41147127747535706,
        "m": 0.4902876019477844,
        "mr": 0.37795689702033997,
        "dr": 0.43877071142196655,
        "mc": 0.36043497920036316,
        "dc": 0.7131726741790771,
        "bgb": 0.584587812423706,
        "lgb": 0.21258899569511414
      },
      "margin": {
        "mb": 4.178285598754883e-05,
        "db": 5.435943603515625e-05,
        "ml": 0.0018509924411773682,
        "dl": 3.5703182220458984e-05,
        "bg": 0.00043898820877075195,
        "m": 6.705522537231445e-05,
        "mr": 6.854534149169922e-07,
        "dr": 0.0003090202808380127,
        "mc": 0.00041359663009643555,
        "dc": 4.178285598754883e-05,
        "bgb": 0.00034481287002563477,
        "lgb": 0.000138208270072937
      },
      "meta": {
        "case_id": "016",
        "arch": "U",
        "fdi": 27,
        "tooth_id": 14,
        "sigma_mm": 5.0,
        "unit": "mm"
      }
    }
  },
  "meta": {
    "root": "C:\\MISC\\Deepcare\\Orthodontics\\datasets\\landmarks_dataset\\cooked\\p0\\samples"
  }
}