{
  "predictions": {
    "t27": {
      "landmarks_local": {
        "mb": [
          4.056116104125977,
          -4.522828578948975,
          2.8418922424316406
        ],
        "db": [
          3.0497989654541016,
          -3.2755942344665527,
          -1.6020135879516602
        ],
        "ml": [
          -4.772941589355469,
          -3.0850863456726074,
          0.4681119918823242
        ],
        "dl": [
          0.6803493499755859,
          -4.763164043426514,
          -1.1350078582763672
        ],
        "bg": [
          1.9833927154541016,
          3.598508834838867,
          3.2987632751464844
        ],
        "m": [
          -4.22459602355957,
          4.500598430633545,
          1.0267610549926758
        ],
        "mr": [
          -6.100374221801758,
          -0.06798648834228516,
          1.1898870468139648
        ],
        "dr": [
          -4.661430358886719,
          0.3935885429382324,
          -1.3045530319213867
        ],
        "mc": [
          -4.445034027099609,
          -2.9498658180236816,
          0.2137928009033203
        ],
        "dc": [
          0.051116943359375,
          -3.3745484352111816,
          -2.083390235900879
        ],
        "bgb": [
          3.2762012481689453,
          2.1031322479248047,
          1.2406902313232422
        ],
        "lgb": [
          -5.85386848449707,
          -1.6395373344421387,
          1.014084815979004
        ]
      },
      "landmarks_global": {
        "mb": [
          4.056116104125977,
          -4.522828578948975,
          2.8418922424316406
        ],
        "db": [
          3.0497989654541016,
          -3.2755942344665527,
          -1.6020135879516602
        ],
        "ml": [
          -4.772941589355469,
          -3.0850863456726074,
          0.4681119918823242
        ],
        "dl": [
          0.6803493499755859,
          -4.763164043426514,
          -1.1350078582763672
        ],
        "bg": [
          1.9833927154541016,
          3.598508834838867,
          3.2987632751464844
        ],
        "m": [
          -4.22459602355957,
          4.500598430633545,
          1.0267610549926758
        ],
        "mr": [
          -6.100374221801758,
          -0.06798648834228516,
          1.1898870468139648
        ],
        "dr": [
          -4.661430358886719,
          0.3935885429382324,
          -1.3045530319213867
        ],
        "mc": [
          -4.445034027099609,
          -2.9498658180236816,
          0.2137928009033203
        ],
        "dc": [
          0.051116943359375,
          -3.3745484352111816,
          -2.083390235900879
        ],
        "bgb": [
          3.2762012481689453,
          2.1031322479248047,
          1.2406902313232422
        ],
        "lgb": [
          -5.85386848449707,
          -1.6395373344421387,
          1.014084815979004
        ]
      },
      "indices": {
        "mb": 2251,
        "db": 1241,
        "ml": 181,
        "dl": 577,
        "bg": 2620,
        "m": 1,
        "mr": 2320,
        "dr": 791,
        "mc": 807,
        "dc": 1115,
        "bgb": 948,
        "lgb": 1668
      },
      "scores": {
        "mb": 0.8447471857070923,
        "db": 0.7123907804489136,
        "ml": 0.3542638421058655,
        "dl": 0.28160837292671204,
        "bg": 0.6859315037727356,
        "m": 0.482220858335495,
        "mr": 0.40360721945762634,
        "dr": 0.23416967689990997,
        "mc": 0.2442975789308548,
        "dc": 0.2684290111064911,
        "bgb": 0.47134795784950256,
        "lgb": 0.1994996964931488
      },
      "top1": {
        "mb": 0.8447471857070923,
        "db": 0.7123907804489136,
        "ml": 0.3542638421058655,
        "dl": 0.28160837292671204,
        "bg": 0.6859315037727356,
        "m": 0.482220858335495,
        "mr": 0.40360721945762634,
        "dr": 0.23416967689990997,
        "mc": 0.2442975789308548,
        "dc": 0.2684290111064911,
        "bgb": 0.47134795784950256,
        "lgb": 0.1994996964931488
      },
      "peak_scores": {
        "mb": 0.8447471857070923,
        "db": 0.7123907804489136,
        "ml": 0.3542638421058655,
        "dl": 0.28160837292671204,
        "bg": 0.6859315037727356,
        "m": 0.482220858335495,
        "mr": 0.40360721945762634,
        "dr": 0.23416967689990997,
        "mc": 0.2442975789308548,
        "dc": 0.2684290111064911,
        "bgb": 0.47134795784950256,
        "lgb": 0.1994996964931488
      },
      "top2": {
        "mb": 0.8441751599311829,
        "db": 0.7123630046844482,
        "ml": 0.3528900742530823,
        "dl": 0.2811791002750397,
        "bg": 0.6856096386909485,
        "m": 0.4816334545612335,
        "mr": 0.4036017060279846,
        "dr": 0.23401543498039246,
        "mc": 0.24417810142040253,
        "dc": 0.2681310474872589,
        "bgb": 0.4711698293685913,
        "lgb": 0.19811320304870605
      },
      "second_scores": {
        "mb": 0.8441751599311829,
        "db": 0.7123630046844482,
        "ml": 0.3528900742530823,
        "dl": 0.2811791002750397,
        "bg": 0.6856096386909485,
        "m": 0.4816334545612335,
        "mr": 0.4036017060279846,
        "dr": 0.23401543498039246,
        "mc": 0.24417810142040253,
        "dc": 0.2681310474872589,
        "bgb": 0.4711698293685913,
        "lgb": 0.19811320304870605
      },
      "margin": {
        "mb": 0.0005720257759094238,
        "db": 2.777576446533203e-05,
        "ml": 0.0013737678527832031,
        "dl": 0.0004292726516723633,
        "bg": 0.0003218650817871094,
        "m": 0.0005874037742614746,
        "mr": 5.513429641723633e-06,
        "dr": 0.0001542419195175171,
        "mc": 0.00011947751045227051,
        "dc": 0.00029796361923217773,
        "bgb": 0.00017812848091125488,
        "lgb": 0.001386493444442749
      },
      "meta": {
        "case_id": "017",
        "arch": "U",
        "fdi": 27,
        "tooth_id": 14,
        "sigma_mm": 5.0,
        "unit": "mm"
      }
    }
  },
  "meta": {
    "root": "C:\\MISC\\Deepcare\\Orthodontics\\datasets\\landmarks_dataset\\cooked\\p0\\samples"
  }
}