{
  "predictions": {
    "t27": {
      "landmarks_local": {
        "mb": [
          3.5098953247070312,
          1.033416748046875,
          3.651590347290039
        ],
        "db": [
          2.8885154724121094,
          -2.05963134765625,
          -1.1519241333007812
        ],
        "ml": [
          -3.1603622436523438,
          -3.408712387084961,
          -1.8046798706054688
        ],
        "dl": [
          -3.1603622436523438,
          -3.408712387084961,
          -1.8046798706054688
        ],
        "bg": [
          1.8692779541015625,
          3.7747669219970703,
          3.490306854248047
        ],
        "m": [
          -2.680522918701172,
          5.153592109680176,
          0.8064994812011719
        ],
        "mr": [
          -4.767730712890625,
          2.600132942199707,
          -1.2897682189941406
        ],
        "dr": [
          -5.0792388916015625,
          1.2247047424316406,
          -1.8717403411865234
        ],
        "mc": [
          -5.0438079833984375,
          -1.2168731689453125,
          -1.7787132263183594
        ],
        "dc": [
          -3.1603622436523438,
          -3.408712387084961,
          -1.8046798706054688
        ],
        "bgb": [
          1.8692779541015625,
          3.7747669219970703,
          3.490306854248047
        ],
        "lgb": [
          -5.101139068603516,
          -1.5682830810546875,
          -1.7043781280517578
        ]
      },
      "landmarks_global": {
        "mb": [
          3.5098953247070312,
          1.033416748046875,
          3.651590347290039
        ],
        "db": [
          2.8885154724121094,
          -2.05963134765625,
          -1.1519241333007812
        ],
        "ml": [
          -3.1603622436523438,
          -3.408712387084961,
          -1.8046798706054688
        ],
        "dl": [
          -3.1603622436523438,
          -3.408712387084961,
          -1.8046798706054688
        ],
        "bg": [
          1.8692779541015625,
          3.7747669219970703,
          3.490306854248047
        ],
        "m": [
          -2.680522918701172,
          5.153592109680176,
          0.8064994812011719
        ],
        "mr": [
          -4.767730712890625,
          2.600132942199707,
          -1.2897682189941406
        ],
        "dr": [
          -5.0792388916015625,
          1.2247047424316406,
          -1.8717403411865234
        ],
        "mc": [
          -5.0438079833984375,
          -1.2168731689453125,
          -1.7787132263183594
        ],
        "dc": [
          -3.1603622436523438,
          -3.408712387084961,
          -1.8046798706054688
        ],
        "bgb": [
          1.8692779541015625,
          3.7747669219970703,
          3.490306854248047
        ],
        "lgb": [
          -5.101139068603516,
          -1.5682830810546875,
          -1.7043781280517578
        ]
      },
      "indices": {
        "mb": 911,
        "db": 1542,
        "ml": 22,
        "dl": 22,
        "bg": 387,
        "m": 2536,
        "mr": 1203,
        "dr": 100,
        "mc": 1941,
        "dc": 22,
        "bgb": 387,
        "lgb": 1896
      },
      "scores": {
        "mb": 0.8320594429969788,
        "db": 0.6116573810577393,
        "ml": 0.3031498193740845,
        "dl": 0.3276995122432709,
        "bg": 0.5871887803077698,
        "m": 0.32789793610572815,
        "mr": 0.3649638891220093,
        "dr": 0.1939074546098709,
        "mc": 0.3026827871799469,
        "dc": 0.2786547541618347,
        "bgb": 0.4095676839351654,
        "lgb": 0.22956828773021698
      },
      "top1": {
        "mb": 0.8320594429969788,
        "db": 0.6116573810577393,
        "ml": 0.3031498193740845,
        "dl": 0.3276995122432709,
        "bg": 0.5871887803077698,
        "m": 0.32789793610572815,
        "mr": 0.3649638891220093,
        "dr": 0.1939074546098709,
        "mc": 0.3026827871799469,
        "dc": 0.2786547541618347,
        "bgb": 0.4095676839351654,
        "lgb": 0.22956828773021698
      },
      "peak_scores": {
        "mb": 0.8320594429969788,
        "db": 0.6116573810577393,
        "ml": 0.3031498193740845,
        "dl": 0.3276995122432709,
        "bg": 0.5871887803077698,
        "m": 0.32789793610572815,
        "mr": 0.3649638891220093,
        "dr": 0.1939074546098709,
        "mc": 0.3026827871799469,
        "dc": 0.2786547541618347,
        "bgb": 0.4095676839351654,
        "lgb": 0.22956828773021698
      },
      "top2": {
        "mb": 0.8319623470306396,
        "db": 0.611537516117096,
        "ml": 0.3030814230442047,
        "dl": 0.32764050364494324,
        "bg": 0.5871161222457886,
        "m": 0.3270737826824188,
        "mr": 0.3646441698074341,
        "dr": 0.19372759759426117,
        "mc": 0.3025999367237091,
        "dc": 0.27857014536857605,
        "bgb": 0.40846675634384155,
        "lgb": 0.22878268361091614
      },
      "second_scores": {
        "mb": 0.8319623470306396,
        "db": 0.611537516117096,
        "ml": 0.3030814230442047,
        "dl": 0.32764050364494324,
        "bg": 0.5871161222457886,
        "m": 0.3270737826824188,
        "mr": 0.3646441698074341,
        "dr": 0.19372759759426117,
        "mc": 0.3025999367237091,
        "dc": 0.27857014536857605,
        "bgb": 0.40846675634384155,
        "lgb": 0.22878268361091614
      },
      "margin": {
        "mb": 9.709596633911133e-05,
        "db": 0.00011986494064331055,
        "ml": 6.839632987976074e-05,
        "dl": 5.900859832763672e-05,
        "bg": 7.265806198120117e-05,
        "m": 0.0008241534233093262,
        "mr": 0.0003197193145751953,
        "dr": 0.0001798570156097412,
        "mc": 8.285045623779297e-05,
        "dc": 8.460879325866699e-05,
        "bgb": 0.0011009275913238525,
        "lgb": 0.0007856041193008423
      },
      "meta": {
        "case_id": "018",
        "arch": "U",
        "fdi": 27,
        "tooth_id": 14,
        "sigma_mm": 5.0,
        "unit": "mm"
      }
    }
  },
  "meta": {
    "root": "C:\\MISC\\Deepcare\\Orthodontics\\datasets\\landmarks_dataset\\cooked\\p0\\samples"
  }
}