{
  "predictions": {
    "t27": {
      "landmarks_local": {
        "mb": [
          3.04254150390625,
          -5.94232177734375,
          0.95013427734375
        ],
        "db": [
          2.82293701171875,
          -6.011962890625,
          0.7679424285888672
        ],
        "ml": [
          0.8233642578125,
          -5.948974609375,
          -0.5322551727294922
        ],
        "dl": [
          0.0882568359375,
          -5.8677978515625,
          -0.9391765594482422
        ],
        "bg": [
          3.460906982421875,
          -5.861114501953125,
          1.2584857940673828
        ],
        "m": [
          -6.36334228515625,
          1.06781005859375,
          2.647977828979492
        ],
        "mr": [
          -4.98345947265625,
          -3.14617919921875,
          0.4857616424560547
        ],
        "dr": [
          0.8233642578125,
          -5.948974609375,
          -0.5322551727294922
        ],
        "mc": [
          -5.632354736328125,
          -2.41925048828125,
          1.0733699798583984
        ],
        "dc": [
          -4.499786376953125,
          -1.89947509765625,
          -1.2697067260742188
        ],
        "bgb": [
          2.51763916015625,
          -2.69403076171875,
          -3.2335586547851562
        ],
        "lgb": [
          -6.360137939453125,
          -0.70166015625,
          1.7596263885498047
        ]
      },
      "landmarks_global": {
        "mb": [
          3.04254150390625,
          -5.94232177734375,
          0.95013427734375
        ],
        "db": [
          2.82293701171875,
          -6.011962890625,
          0.7679424285888672
        ],
        "ml": [
          0.8233642578125,
          -5.948974609375,
          -0.5322551727294922
        ],
        "dl": [
          0.0882568359375,
          -5.8677978515625,
          -0.9391765594482422
        ],
        "bg": [
          3.460906982421875,
          -5.861114501953125,
          1.2584857940673828
        ],
        "m": [
          -6.36334228515625,
          1.06781005859375,
          2.647977828979492
        ],
        "mr": [
          -4.98345947265625,
          -3.14617919921875,
          0.4857616424560547
        ],
        "dr": [
          0.8233642578125,
          -5.948974609375,
          -0.5322551727294922
        ],
        "mc": [
          -5.632354736328125,
          -2.41925048828125,
          1.0733699798583984
        ],
        "dc": [
          -4.499786376953125,
          -1.89947509765625,
          -1.2697067260742188
        ],
        "bgb": [
          2.51763916015625,
          -2.69403076171875,
          -3.2335586547851562
        ],
        "lgb": [
          -6.360137939453125,
          -0.70166015625,
          1.7596263885498047
        ]
      },
      "indices": {
        "mb": 1144,
        "db": 1285,
        "ml": 475,
        "dl": 2790,
        "bg": 2023,
        "m": 95,
        "mr": 578,
        "dr": 475,
        "mc": 548,
        "dc": 374,
        "bgb": 2162,
        "lgb": 919
      },
      "scores": {
        "mb": 0.4986479580402374,
        "db": 0.3253493905067444,
        "ml": 0.17913903295993805,
        "dl": 0.0726931020617485,
        "bg": 0.4590114653110504,
        "m": 0.4524773955345154,
        "mr": 0.18302053213119507,
        "dr": 0.13260506093502045,
        "mc": 0.3500092327594757,
        "dc": 0.33482202887535095,
        "bgb": 0.5686743259429932,
        "lgb": 0.09576675295829773
      },
      "top1": {
        "mb": 0.4986479580402374,
        "db": 0.3253493905067444,
        "ml": 0.17913903295993805,
        "dl": 0.0726931020617485,
        "bg": 0.4590114653110504,
        "m": 0.4524773955345154,
        "mr": 0.18302053213119507,
        "dr": 0.13260506093502045,
        "mc": 0.3500092327594757,
        "dc": 0.33482202887535095,
        "bgb": 0.5686743259429932,
        "lgb": 0.09576675295829773
      },
      "peak_scores": {
        "mb": 0.4986479580402374,
        "db": 0.3253493905067444,
        "ml": 0.17913903295993805,
        "dl": 0.0726931020617485,
        "bg": 0.4590114653110504,
        "m": 0.4524773955345154,
        "mr": 0.18302053213119507,
        "dr": 0.13260506093502045,
        "mc": 0.3500092327594757,
        "dc": 0.33482202887535095,
        "bgb": 0.5686743259429932,
        "lgb": 0.09576675295829773
      },
      "top2": {
        "mb": 0.49853041768074036,
        "db": 0.3253013789653778,
        "ml": 0.17913104593753815,
        "dl": 0.07268403470516205,
        "bg": 0.4589836001396179,
        "m": 0.45241430401802063,
        "mr": 0.18298475444316864,
        "dr": 0.1325821727514267,
        "mc": 0.3499801754951477,
        "dc": 0.3348201513290405,
        "bgb": 0.5686436891555786,
        "lgb": 0.09576227515935898
      },
      "second_scores": {
        "mb": 0.49853041768074036,
        "db": 0.3253013789653778,
        "ml": 0.17913104593753815,
        "dl": 0.07268403470516205,
        "bg": 0.4589836001396179,
        "m": 0.45241430401802063,
        "mr": 0.18298475444316864,
        "dr": 0.1325821727514267,
        "mc": 0.3499801754951477,
        "dc": 0.3348201513290405,
        "bgb": 0.5686436891555786,
        "lgb": 0.09576227515935898
      },
      "margin": {
        "mb": 0.00011754035949707031,
        "db": 4.801154136657715e-05,
        "ml": 7.987022399902344e-06,
        "dl": 9.067356586456299e-06,
        "bg": 2.7865171432495117e-05,
        "m": 6.309151649475098e-05,
        "mr": 3.577768802642822e-05,
        "dr": 2.288818359375e-05,
        "mc": 2.905726432800293e-05,
        "dc": 1.8775463104248047e-06,
        "bgb": 3.063678741455078e-05,
        "lgb": 4.477798938751221e-06
      },
      "meta": {
        "case_id": "019",
        "arch": "U",
        "fdi": 27,
        "tooth_id": 14,
        "sigma_mm": 5.0,
        "unit": "mm"
      }
    }
  },
  "meta": {
    "root": "C:\\MISC\\Deepcare\\Orthodontics\\datasets\\landmarks_dataset\\cooked\\p0\\samples"
  }
}