{
  "predictions": {
    "t27": {
      "landmarks_local": {
        "mb": [
          3.7050743103027344,
          -4.404678821563721,
          3.2880725860595703
        ],
        "db": [
          2.337360382080078,
          -4.220259189605713,
          -1.7862815856933594
        ],
        "ml": [
          -6.501806259155273,
          -0.1192358136177063,
          -0.1319713592529297
        ],
        "dl": [
          -4.443883895874023,
          -3.9561562538146973,
          -1.7261285781860352
        ],
        "bg": [
          -2.929962158203125,
          0.13024696707725525,
          -2.5177001953125
        ],
        "m": [
          -4.910125732421875,
          4.078943729400635,
          0.2842693328857422
        ],
        "mr": [
          -6.431434631347656,
          0.9517247080802917,
          -0.09715080261230469
        ],
        "dr": [
          -4.443883895874023,
          -3.9561562538146973,
          -1.7261285781860352
        ],
        "mc": [
          -6.573339462280273,
          0.5129224061965942,
          -0.07330894470214844
        ],
        "dc": [
          1.5695953369140625,
          -4.314685821533203,
          -1.8472328186035156
        ],
        "bgb": [
          3.5690345764160156,
          -2.766404867172241,
          -0.8366546630859375
        ],
        "lgb": [
          -6.115259170532227,
          -2.0055620670318604,
          0.10258293151855469
        ]
      },
      "landmarks_global": {
        "mb": [
          3.7050743103027344,
          -4.404678821563721,
          3.2880725860595703
        ],
        "db": [
          2.337360382080078,
          -4.220259189605713,
          -1.7862815856933594
        ],
        "ml": [
          -6.501806259155273,
          -0.1192358136177063,
          -0.1319713592529297
        ],
        "dl": [
          -4.443883895874023,
          -3.9561562538146973,
          -1.7261285781860352
        ],
        "bg": [
          -2.929962158203125,
          0.13024696707725525,
          -2.5177001953125
        ],
        "m": [
          -4.910125732421875,
          4.078943729400635,
          0.2842693328857422
        ],
        "mr": [
          -6.431434631347656,
          0.9517247080802917,
          -0.09715080261230469
        ],
        "dr": [
          -4.443883895874023,
          -3.9561562538146973,
          -1.7261285781860352
        ],
        "mc": [
          -6.573339462280273,
          0.5129224061965942,
          -0.07330894470214844
        ],
        "dc": [
          1.5695953369140625,
          -4.314685821533203,
          -1.8472328186035156
        ],
        "bgb": [
          3.5690345764160156,
          -2.766404867172241,
          -0.8366546630859375
        ],
        "lgb": [
          -6.115259170532227,
          -2.0055620670318604,
          0.10258293151855469
        ]
      },
      "indices": {
        "mb": 1436,
        "db": 94,
        "ml": 1130,
        "dl": 20,
        "bg": 2458,
        "m": 2424,
        "mr": 14,
        "dr": 20,
        "mc": 1657,
        "dc": 2713,
        "bgb": 359,
        "lgb": 1808
      },
      "scores": {
        "mb": 0.8133352994918823,
        "db": 0.6436567902565002,
        "ml": 0.42205482721328735,
        "dl": 0.23562835156917572,
        "bg": 0.6802102327346802,
        "m": 0.5369195938110352,
        "mr": 0.4308924078941345,
        "dr": 0.22665753960609436,
        "mc": 0.20237025618553162,
        "dc": 0.2548861503601074,
        "bgb": 0.3772195875644684,
        "lgb": 0.16018657386302948
      },
      "top1": {
        "mb": 0.8133352994918823,
        "db": 0.6436567902565002,
        "ml": 0.42205482721328735,
        "dl": 0.23562835156917572,
        "bg": 0.6802102327346802,
        "m": 0.5369195938110352,
        "mr": 0.4308924078941345,
        "dr": 0.22665753960609436,
        "mc": 0.20237025618553162,
        "dc": 0.2548861503601074,
        "bgb": 0.3772195875644684,
        "lgb": 0.16018657386302948
      },
      "peak_scores": {
        "mb": 0.8133352994918823,
        "db": 0.6436567902565002,
        "ml": 0.42205482721328735,
        "dl": 0.23562835156917572,
        "bg": 0.6802102327346802,
        "m": 0.5369195938110352,
        "mr": 0.4308924078941345,
        "dr": 0.22665753960609436,
        "mc": 0.20237025618553162,
        "dc": 0.2548861503601074,
        "bgb": 0.3772195875644684,
        "lgb": 0.16018657386302948
      },
      "top2": {
        "mb": 0.8123824000358582,
        "db": 0.6429138779640198,
        "ml": 0.42085838317871094,
        "dl": 0.2344377338886261,
        "bg": 0.6801049113273621,
        "m": 0.5360694527626038,
        "mr": 0.4305116832256317,
        "dr": 0.22615554928779602,
        "mc": 0.2017117589712143,
        "dc": 0.25486746430397034,
        "bgb": 0.3770238161087036,
        "lgb": 0.1598137468099594
      },
      "second_scores": {
        "mb": 0.8123824000358582,
        "db": 0.6429138779640198,
        "ml": 0.42085838317871094,
        "dl": 0.2344377338886261,
        "bg": 0.6801049113273621,
        "m": 0.5360694527626038,
        "mr": 0.4305116832256317,
        "dr": 0.22615554928779602,
        "mc": 0.2017117589712143,
        "dc": 0.25486746430397034,
        "bgb": 0.3770238161087036,
        "lgb": 0.1598137468099594
      },
      "margin": {
        "mb": 0.0009528994560241699,
        "db": 0.0007429122924804688,
        "ml": 0.001196444034576416,
        "dl": 0.0011906176805496216,
        "bg": 0.00010532140731811523,
        "m": 0.0008501410484313965,
        "mr": 0.0003807246685028076,
        "dr": 0.0005019903182983398,
        "mc": 0.0006584972143173218,
        "dc": 1.868605613708496e-05,
        "bgb": 0.0001957714557647705,
        "lgb": 0.00037282705307006836
      },
      "meta": {
        "case_id": "020",
        "arch": "U",
        "fdi": 27,
        "tooth_id": 14,
        "sigma_mm": 5.0,
        "unit": "mm"
      }
    }
  },
  "meta": {
    "root": "C:\\MISC\\Deepcare\\Orthodontics\\datasets\\landmarks_dataset\\cooked\\p0\\samples"
  }
}