{
  "predictions": {
    "t27": {
      "landmarks_local": {
        "mb": [
          4.066898345947266,
          0.18050479888916016,
          3.9316349029541016
        ],
        "db": [
          2.89215087890625,
          -3.684457778930664,
          -1.4642810821533203
        ],
        "ml": [
          -4.646322250366211,
          -3.1761436462402344,
          -0.030879974365234375
        ],
        "dl": [
          -3.9619827270507812,
          -3.845121383666992,
          -1.3716373443603516
        ],
        "bg": [
          3.0066184997558594,
          2.833407402038574,
          4.289861679077148
        ],
        "m": [
          -4.313528060913086,
          4.5772809982299805,
          0.7989158630371094
        ],
        "mr": [
          -5.762609481811523,
          0.1429300308227539,
          -0.5226707458496094
        ],
        "dr": [
          -4.561777114868164,
          0.9020595550537109,
          -1.9549369812011719
        ],
        "mc": [
          -4.3839111328125,
          -3.6022491455078125,
          -0.6791286468505859
        ],
        "dc": [
          -3.9619827270507812,
          -3.845121383666992,
          -1.3716373443603516
        ],
        "bgb": [
          3.6397247314453125,
          2.7088022232055664,
          2.084379196166992
        ],
        "lgb": [
          -4.171838760375977,
          -3.802093505859375,
          -1.1614151000976562
        ]
      },
      "landmarks_global": {
        "mb": [
          4.066898345947266,
          0.18050479888916016,
          3.9316349029541016
        ],
        "db": [
          2.89215087890625,
          -3.684457778930664,
          -1.4642810821533203
        ],
        "ml": [
          -4.646322250366211,
          -3.1761436462402344,
          -0.030879974365234375
        ],
        "dl": [
          -3.9619827270507812,
          -3.845121383666992,
          -1.3716373443603516
        ],
        "bg": [
          3.0066184997558594,
          2.833407402038574,
          4.289861679077148
        ],
        "m": [
          -4.313528060913086,
          4.5772809982299805,
          0.7989158630371094
        ],
        "mr": [
          -5.762609481811523,
          0.1429300308227539,
          -0.5226707458496094
        ],
        "dr": [
          -4.561777114868164,
          0.9020595550537109,
          -1.9549369812011719
        ],
        "mc": [
          -4.3839111328125,
          -3.6022491455078125,
          -0.6791286468505859
        ],
        "dc": [
          -3.9619827270507812,
          -3.845121383666992,
          -1.3716373443603516
        ],
        "bgb": [
          3.6397247314453125,
          2.7088022232055664,
          2.084379196166992
        ],
        "lgb": [
          -4.171838760375977,
          -3.802093505859375,
          -1.1614151000976562
        ]
      },
      "indices": {
        "mb": 959,
        "db": 598,
        "ml": 1827,
        "dl": 2,
        "bg": 135,
        "m": 1,
        "mr": 1334,
        "dr": 2736,
        "mc": 264,
        "dc": 2,
        "bgb": 399,
        "lgb": 1001
      },
      "scores": {
        "mb": 0.8434130549430847,
        "db": 0.6733205318450928,
        "ml": 0.3393637537956238,
        "dl": 0.31845733523368835,
        "bg": 0.6424418091773987,
        "m": 0.4019775390625,
        "mr": 0.39301010966300964,
        "dr": 0.21626690030097961,
        "mc": 0.27910658717155457,
        "dc": 0.2687523663043976,
        "bgb": 0.4637002944946289,
        "lgb": 0.2193746417760849
      },
      "top1": {
        "mb": 0.8434130549430847,
        "db": 0.6733205318450928,
        "ml": 0.3393637537956238,
        "dl": 0.31845733523368835,
        "bg": 0.6424418091773987,
        "m": 0.4019775390625,
        "mr": 0.39301010966300964,
        "dr": 0.21626690030097961,
        "mc": 0.27910658717155457,
        "dc": 0.2687523663043976,
        "bgb": 0.4637002944946289,
        "lgb": 0.2193746417760849
      },
      "peak_scores": {
        "mb": 0.8434130549430847,
        "db": 0.6733205318450928,
        "ml": 0.3393637537956238,
        "dl": 0.31845733523368835,
        "bg": 0.6424418091773987,
        "m": 0.4019775390625,
        "mr": 0.39301010966300964,
        "dr": 0.21626690030097961,
        "mc": 0.27910658717155457,
        "dc": 0.2687523663043976,
        "bgb": 0.4637002944946289,
        "lgb": 0.2193746417760849
      },
      "top2": {
        "mb": 0.8432145118713379,
        "db": 0.6725387573242188,
        "ml": 0.337764173746109,
        "dl": 0.3166934549808502,
        "bg": 0.6416504383087158,
        "m": 0.40078186988830566,
        "mr": 0.3928269147872925,
        "dr": 0.21571598947048187,
        "mc": 0.27891549468040466,
        "dc": 0.267051637172699,
        "bgb": 0.46366772055625916,
        "lgb": 0.21807025372982025
      },
      "second_scores": {
        "mb": 0.8432145118713379,
        "db": 0.6725387573242188,
        "ml": 0.337764173746109,
        "dl": 0.3166934549808502,
        "bg": 0.6416504383087158,
        "m": 0.40078186988830566,
        "mr": 0.3928269147872925,
        "dr": 0.21571598947048187,
        "mc": 0.27891549468040466,
        "dc": 0.267051637172699,
        "bgb": 0.46366772055625916,
        "lgb": 0.21807025372982025
      },
      "margin": {
        "mb": 0.00019854307174682617,
        "db": 0.0007817745208740234,
        "ml": 0.0015995800495147705,
        "dl": 0.0017638802528381348,
        "bg": 0.0007913708686828613,
        "m": 0.001195669174194336,
        "mr": 0.00018319487571716309,
        "dr": 0.0005509108304977417,
        "mc": 0.00019109249114990234,
        "dc": 0.0017007291316986084,
        "bgb": 3.2573938369750977e-05,
        "lgb": 0.0013043880462646484
      },
      "meta": {
        "case_id": "021",
        "arch": "U",
        "fdi": 27,
        "tooth_id": 14,
        "sigma_mm": 5.0,
        "unit": "mm"
      }
    }
  },
  "meta": {
    "root": "C:\\MISC\\Deepcare\\Orthodontics\\datasets\\landmarks_dataset\\cooked\\p0\\samples"
  }
}