{
  "predictions": {
    "t27": {
      "landmarks_local": {
        "mb": [
          5.3762969970703125,
          -3.809706211090088,
          4.5396575927734375
        ],
        "db": [
          3.291748046875,
          -3.1020588874816895,
          -2.225926399230957
        ],
        "ml": [
          -5.772392272949219,
          -3.261289119720459,
          1.0502805709838867
        ],
        "dl": [
          0.8765792846679688,
          -5.199045658111572,
          -1.5235872268676758
        ],
        "bg": [
          1.6875667572021484,
          3.7988791465759277,
          3.313730239868164
        ],
        "m": [
          -5.104101181030273,
          3.834271192550659,
          1.461543083190918
        ],
        "mr": [
          -6.5247650146484375,
          -0.994835376739502,
          1.8437557220458984
        ],
        "dr": [
          -4.192232131958008,
          -0.7832126617431641,
          -2.711441993713379
        ],
        "mc": [
          -5.964052200317383,
          -3.0019688606262207,
          1.1537322998046875
        ],
        "dc": [
          -3.3545284271240234,
          -0.8990120887756348,
          -3.151258945465088
        ],
        "bgb": [
          3.9799041748046875,
          2.0544910430908203,
          1.4714736938476562
        ],
        "lgb": [
          -5.772392272949219,
          -3.261289119720459,
          1.0502805709838867
        ]
      },
      "landmarks_global": {
        "mb": [
          5.3762969970703125,
          -3.809706211090088,
          4.5396575927734375
        ],
        "db": [
          3.291748046875,
          -3.1020588874816895,
          -2.225926399230957
        ],
        "ml": [
          -5.772392272949219,
          -3.261289119720459,
          1.0502805709838867
        ],
        "dl": [
          0.8765792846679688,
          -5.199045658111572,
          -1.5235872268676758
        ],
        "bg": [
          1.6875667572021484,
          3.7988791465759277,
          3.313730239868164
        ],
        "m": [
          -5.104101181030273,
          3.834271192550659,
          1.461543083190918
        ],
        "mr": [
          -6.5247650146484375,
          -0.994835376739502,
          1.8437557220458984
        ],
        "dr": [
          -4.192232131958008,
          -0.7832126617431641,
          -2.711441993713379
        ],
        "mc": [
          -5.964052200317383,
          -3.0019688606262207,
          1.1537322998046875
        ],
        "dc": [
          -3.3545284271240234,
          -0.8990120887756348,
          -3.151258945465088
        ],
        "bgb": [
          3.9799041748046875,
          2.0544910430908203,
          1.4714736938476562
        ],
        "lgb": [
          -5.772392272949219,
          -3.261289119720459,
          1.0502805709838867
        ]
      },
      "indices": {
        "mb": 1,
        "db": 129,
        "ml": 2538,
        "dl": 2555,
        "bg": 2176,
        "m": 2855,
        "mr": 540,
        "dr": 2847,
        "mc": 54,
        "dc": 240,
        "bgb": 2593,
        "lgb": 2538
      },
      "scores": {
        "mb": 0.8543016314506531,
        "db": 0.7616078853607178,
        "ml": 0.4004058241844177,
        "dl": 0.3426832854747772,
        "bg": 0.6956170797348022,
        "m": 0.4944206774234772,
        "mr": 0.4245803952217102,
        "dr": 0.2557511329650879,
        "mc": 0.27934926748275757,
        "dc": 0.30405041575431824,
        "bgb": 0.5015150308609009,
        "lgb": 0.2037166953086853
      },
      "top1": {
        "mb": 0.8543016314506531,
        "db": 0.7616078853607178,
        "ml": 0.4004058241844177,
        "dl": 0.3426832854747772,
        "bg": 0.6956170797348022,
        "m": 0.4944206774234772,
        "mr": 0.4245803952217102,
        "dr": 0.2557511329650879,
        "mc": 0.27934926748275757,
        "dc": 0.30405041575431824,
        "bgb": 0.5015150308609009,
        "lgb": 0.2037166953086853
      },
      "peak_scores": {
        "mb": 0.8543016314506531,
        "db": 0.7616078853607178,
        "ml": 0.4004058241844177,
        "dl": 0.3426832854747772,
        "bg": 0.6956170797348022,
        "m": 0.4944206774234772,
        "mr": 0.4245803952217102,
        "dr": 0.2557511329650879,
        "mc": 0.27934926748275757,
        "dc": 0.30405041575431824,
        "bgb": 0.5015150308609009,
        "lgb": 0.2037166953086853
      },
      "top2": {
        "mb": 0.8533453941345215,
        "db": 0.7614601850509644,
        "ml": 0.39952215552330017,
        "dl": 0.3416735827922821,
        "bg": 0.6954297423362732,
        "m": 0.4940972328186035,
        "mr": 0.4245084524154663,
        "dr": 0.2554894983768463,
        "mc": 0.27850016951560974,
        "dc": 0.304009348154068,
        "bgb": 0.5013009905815125,
        "lgb": 0.20345185697078705
      },
      "second_scores": {
        "mb": 0.8533453941345215,
        "db": 0.7614601850509644,
        "ml": 0.39952215552330017,
        "dl": 0.3416735827922821,
        "bg": 0.6954297423362732,
        "m": 0.4940972328186035,
        "mr": 0.4245084524154663,
        "dr": 0.2554894983768463,
        "mc": 0.27850016951560974,
        "dc": 0.304009348154068,
        "bgb": 0.5013009905815125,
        "lgb": 0.20345185697078705
      },
      "margin": {
        "mb": 0.0009562373161315918,
        "db": 0.00014770030975341797,
        "ml": 0.0008836686611175537,
        "dl": 0.0010097026824951172,
        "bg": 0.00018733739852905273,
        "m": 0.0003234446048736572,
        "mr": 7.194280624389648e-05,
        "dr": 0.00026163458824157715,
        "mc": 0.0008490979671478271,
        "dc": 4.106760025024414e-05,
        "bgb": 0.00021404027938842773,
        "lgb": 0.0002648383378982544
      },
      "meta": {
        "case_id": "022",
        "arch": "U",
        "fdi": 27,
        "tooth_id": 14,
        "sigma_mm": 5.0,
        "unit": "mm"
      }
    }
  },
  "meta": {
    "root": "C:\\MISC\\Deepcare\\Orthodontics\\datasets\\landmarks_dataset\\cooked\\p0\\samples"
  }
}