{
  "predictions": {
    "t27": {
      "landmarks_local": {
        "mb": [
          -0.0515899658203125,
          3.0178544521331787,
          5.346399784088135
        ],
        "db": [
          2.568815231323242,
          -0.4084043502807617,
          -3.3675241470336914
        ],
        "ml": [
          -5.37822151184082,
          -0.4110755920410156,
          1.8283319473266602
        ],
        "dl": [
          -3.4054927825927734,
          -0.7816894054412842,
          -5.027532577514648
        ],
        "bg": [
          1.6133060455322266,
          0.9079691171646118,
          4.994386672973633
        ],
        "m": [
          -6.169504165649414,
          0.009261369705200195,
          -0.3382568359375
        ],
        "mr": [
          -0.9716567993164062,
          1.9586445093154907,
          5.444171905517578
        ],
        "dr": [
          -2.9614200592041016,
          -0.6475033760070801,
          -5.41778564453125
        ],
        "mc": [
          -3.9340152740478516,
          -0.7401251792907715,
          3.021235466003418
        ],
        "dc": [
          -2.9614200592041016,
          -0.6475033760070801,
          -5.41778564453125
        ],
        "bgb": [
          3.8623123168945312,
          4.79592752456665,
          0.4732198715209961
        ],
        "lgb": [
          -4.227983474731445,
          -2.635580062866211,
          -0.7378206253051758
        ]
      },
      "landmarks_global": {
        "mb": [
          -0.0515899658203125,
          3.0178544521331787,
          5.346399784088135
        ],
        "db": [
          2.568815231323242,
          -0.4084043502807617,
          -3.3675241470336914
        ],
        "ml": [
          -5.37822151184082,
          -0.4110755920410156,
          1.8283319473266602
        ],
        "dl": [
          -3.4054927825927734,
          -0.7816894054412842,
          -5.027532577514648
        ],
        "bg": [
          1.6133060455322266,
          0.9079691171646118,
          4.994386672973633
        ],
        "m": [
          -6.169504165649414,
          0.009261369705200195,
          -0.3382568359375
        ],
        "mr": [
          -0.9716567993164062,
          1.9586445093154907,
          5.444171905517578
        ],
        "dr": [
          -2.9614200592041016,
          -0.6475033760070801,
          -5.41778564453125
        ],
        "mc": [
          -3.9340152740478516,
          -0.7401251792907715,
          3.021235466003418
        ],
        "dc": [
          -2.9614200592041016,
          -0.6475033760070801,
          -5.41778564453125
        ],
        "bgb": [
          3.8623123168945312,
          4.79592752456665,
          0.4732198715209961
        ],
        "lgb": [
          -4.227983474731445,
          -2.635580062866211,
          -0.7378206253051758
        ]
      },
      "indices": {
        "mb": 0,
        "db": 411,
        "ml": 1804,
        "dl": 2779,
        "bg": 2963,
        "m": 27,
        "mr": 2392,
        "dr": 1,
        "mc": 1277,
        "dc": 1,
        "bgb": 1571,
        "lgb": 287
      },
      "scores": {
        "mb": 0.7861699461936951,
        "db": 0.8654890656471252,
        "ml": 0.3679436147212982,
        "dl": 0.40942642092704773,
        "bg": 0.517997682094574,
        "m": 0.5856030583381653,
        "mr": 0.3676459789276123,
        "dr": 0.3450421988964081,
        "mc": 0.28553035855293274,
        "dc": 0.607244610786438,
        "bgb": 0.7645898461341858,
        "lgb": 0.18293097615242004
      },
      "top1": {
        "mb": 0.7861699461936951,
        "db": 0.8654890656471252,
        "ml": 0.3679436147212982,
        "dl": 0.40942642092704773,
        "bg": 0.517997682094574,
        "m": 0.5856030583381653,
        "mr": 0.3676459789276123,
        "dr": 0.3450421988964081,
        "mc": 0.28553035855293274,
        "dc": 0.607244610786438,
        "bgb": 0.7645898461341858,
        "lgb": 0.18293097615242004
      },
      "peak_scores": {
        "mb": 0.7861699461936951,
        "db": 0.8654890656471252,
        "ml": 0.3679436147212982,
        "dl": 0.40942642092704773,
        "bg": 0.517997682094574,
        "m": 0.5856030583381653,
        "mr": 0.3676459789276123,
        "dr": 0.3450421988964081,
        "mc": 0.28553035855293274,
        "dc": 0.607244610786438,
        "bgb": 0.7645898461341858,
        "lgb": 0.18293097615242004
      },
      "top2": {
        "mb": 0.7857484221458435,
        "db": 0.8653824329376221,
        "ml": 0.3675931692123413,
        "dl": 0.4089830815792084,
        "bg": 0.5177581906318665,
        "m": 0.5854941010475159,
        "mr": 0.3658660650253296,
        "dr": 0.3442672789096832,
        "mc": 0.2850036323070526,
        "dc": 0.606320858001709,
        "bgb": 0.7637041211128235,
        "lgb": 0.18192048370838165
      },
      "second_scores": {
        "mb": 0.7857484221458435,
        "db": 0.8653824329376221,
        "ml": 0.3675931692123413,
        "dl": 0.4089830815792084,
        "bg": 0.5177581906318665,
        "m": 0.5854941010475159,
        "mr": 0.3658660650253296,
        "dr": 0.3442672789096832,
        "mc": 0.2850036323070526,
        "dc": 0.606320858001709,
        "bgb": 0.7637041211128235,
        "lgb": 0.18192048370838165
      },
      "margin": {
        "mb": 0.0004215240478515625,
        "db": 0.00010663270950317383,
        "ml": 0.0003504455089569092,
        "dl": 0.00044333934783935547,
        "bg": 0.00023949146270751953,
        "m": 0.00010895729064941406,
        "mr": 0.0017799139022827148,
        "dr": 0.0007749199867248535,
        "mc": 0.000526726245880127,
        "dc": 0.0009237527847290039,
        "bgb": 0.0008857250213623047,
        "lgb": 0.0010104924440383911
      },
      "meta": {
        "case_id": "023",
        "arch": "U",
        "fdi": 27,
        "tooth_id": 14,
        "sigma_mm": 5.0,
        "unit": "mm"
      }
    }
  },
  "meta": {
    "root": "C:\\MISC\\Deepcare\\Orthodontics\\datasets\\landmarks_dataset\\cooked\\p0\\samples"
  }
}