{
  "predictions": {
    "t27": {
      "landmarks_local": {
        "mb": [
          3.6109695434570312,
          3.3055691719055176,
          3.147037982940674
        ],
        "db": [
          2.5677146911621094,
          -3.5590648651123047,
          -1.0263805389404297
        ],
        "ml": [
          -5.18658447265625,
          -2.346320629119873,
          0.8163533210754395
        ],
        "dl": [
          -1.1323165893554688,
          -4.567680358886719,
          -0.7523441314697266
        ],
        "bg": [
          4.257118225097656,
          2.1541078090667725,
          3.4365978240966797
        ],
        "m": [
          -6.192117691040039,
          1.7446258068084717,
          0.6465964317321777
        ],
        "mr": [
          -5.838945388793945,
          2.602825403213501,
          0.5996150970458984
        ],
        "dr": [
          -1.7226066589355469,
          -4.212314605712891,
          -0.7877817153930664
        ],
        "mc": [
          -6.457864761352539,
          1.4532549381256104,
          0.7729401588439941
        ],
        "dc": [
          -1.1323165893554688,
          -4.567680358886719,
          -0.7523441314697266
        ],
        "bgb": [
          3.220233917236328,
          3.788424015045166,
          2.9183201789855957
        ],
        "lgb": [
          -3.7103805541992188,
          -3.145221710205078,
          -0.1693744659423828
        ]
      },
      "landmarks_global": {
        "mb": [
          3.6109695434570312,
          3.3055691719055176,
          3.147037982940674
        ],
        "db": [
          2.5677146911621094,
          -3.5590648651123047,
          -1.0263805389404297
        ],
        "ml": [
          -5.18658447265625,
          -2.346320629119873,
          0.8163533210754395
        ],
        "dl": [
          -1.1323165893554688,
          -4.567680358886719,
          -0.7523441314697266
        ],
        "bg": [
          4.257118225097656,
          2.1541078090667725,
          3.4365978240966797
        ],
        "m": [
          -6.192117691040039,
          1.7446258068084717,
          0.6465964317321777
        ],
        "mr": [
          -5.838945388793945,
          2.602825403213501,
          0.5996150970458984
        ],
        "dr": [
          -1.7226066589355469,
          -4.212314605712891,
          -0.7877817153930664
        ],
        "mc": [
          -6.457864761352539,
          1.4532549381256104,
          0.7729401588439941
        ],
        "dc": [
          -1.1323165893554688,
          -4.567680358886719,
          -0.7523441314697266
        ],
        "bgb": [
          3.220233917236328,
          3.788424015045166,
          2.9183201789855957
        ],
        "lgb": [
          -3.7103805541992188,
          -3.145221710205078,
          -0.1693744659423828
        ]
      },
      "indices": {
        "mb": 619,
        "db": 786,
        "ml": 1394,
        "dl": 1137,
        "bg": 2256,
        "m": 1901,
        "mr": 2288,
        "dr": 1517,
        "mc": 2323,
        "dc": 1137,
        "bgb": 999,
        "lgb": 2704
      },
      "scores": {
        "mb": 0.7512810826301575,
        "db": 0.8536374568939209,
        "ml": 0.3541768491268158,
        "dl": 0.3611128330230713,
        "bg": 0.5331575274467468,
        "m": 0.48329880833625793,
        "mr": 0.33463332056999207,
        "dr": 0.2752806544303894,
        "mc": 0.31382718682289124,
        "dc": 0.5005015134811401,
        "bgb": 0.6583427786827087,
        "lgb": 0.1813519299030304
      },
      "top1": {
        "mb": 0.7512810826301575,
        "db": 0.8536374568939209,
        "ml": 0.3541768491268158,
        "dl": 0.3611128330230713,
        "bg": 0.5331575274467468,
        "m": 0.48329880833625793,
        "mr": 0.33463332056999207,
        "dr": 0.2752806544303894,
        "mc": 0.31382718682289124,
        "dc": 0.5005015134811401,
        "bgb": 0.6583427786827087,
        "lgb": 0.1813519299030304
      },
      "peak_scores": {
        "mb": 0.7512810826301575,
        "db": 0.8536374568939209,
        "ml": 0.3541768491268158,
        "dl": 0.3611128330230713,
        "bg": 0.5331575274467468,
        "m": 0.48329880833625793,
        "mr": 0.33463332056999207,
        "dr": 0.2752806544303894,
        "mc": 0.31382718682289124,
        "dc": 0.5005015134811401,
        "bgb": 0.6583427786827087,
        "lgb": 0.1813519299030304
      },
      "top2": {
        "mb": 0.7510754466056824,
        "db": 0.8535584211349487,
        "ml": 0.35259753465652466,
        "dl": 0.3607732951641083,
        "bg": 0.5321356058120728,
        "m": 0.4832102954387665,
        "mr": 0.33363839983940125,
        "dr": 0.2751297652721405,
        "mc": 0.313530832529068,
        "dc": 0.4996322691440582,
        "bgb": 0.6582828760147095,
        "lgb": 0.18076437711715698
      },
      "second_scores": {
        "mb": 0.7510754466056824,
        "db": 0.8535584211349487,
        "ml": 0.35259753465652466,
        "dl": 0.3607732951641083,
        "bg": 0.5321356058120728,
        "m": 0.4832102954387665,
        "mr": 0.33363839983940125,
        "dr": 0.2751297652721405,
        "mc": 0.313530832529068,
        "dc": 0.4996322691440582,
        "bgb": 0.6582828760147095,
        "lgb": 0.18076437711715698
      },
      "margin": {
        "mb": 0.00020563602447509766,
        "db": 7.903575897216797e-05,
        "ml": 0.0015793144702911377,
        "dl": 0.0003395378589630127,
        "bg": 0.0010219216346740723,
        "m": 8.851289749145508e-05,
        "mr": 0.0009949207305908203,
        "dr": 0.00015088915824890137,
        "mc": 0.0002963542938232422,
        "dc": 0.0008692443370819092,
        "bgb": 5.990266799926758e-05,
        "lgb": 0.0005875527858734131
      },
      "meta": {
        "case_id": "024",
        "arch": "U",
        "fdi": 27,
        "tooth_id": 14,
        "sigma_mm": 5.0,
        "unit": "mm"
      }
    }
  },
  "meta": {
    "root": "C:\\MISC\\Deepcare\\Orthodontics\\datasets\\landmarks_dataset\\cooked\\p0\\samples"
  }
}