{
  "predictions": {
    "t27": {
      "landmarks_local": {
        "mb": [
          3.7503700256347656,
          -0.8012361526489258,
          3.7412195205688477
        ],
        "db": [
          2.6575584411621094,
          -2.1042938232421875,
          -1.8760414123535156
        ],
        "ml": [
          -4.626697540283203,
          -2.692416191101074,
          -0.7487125396728516
        ],
        "dl": [
          -0.2679405212402344,
          -4.87258243560791,
          -1.008584976196289
        ],
        "bg": [
          1.4691047668457031,
          3.8651275634765625,
          3.1659746170043945
        ],
        "m": [
          -4.5632781982421875,
          3.4780163764953613,
          0.5032205581665039
        ],
        "mr": [
          -5.882289886474609,
          1.8286571502685547,
          -0.2236928939819336
        ],
        "dr": [
          -4.406238555908203,
          1.6422576904296875,
          -1.9982585906982422
        ],
        "mc": [
          -6.0418701171875,
          -0.17112255096435547,
          -0.5083036422729492
        ],
        "dc": [
          -1.8156242370605469,
          -4.025570869445801,
          -1.5405960083007812
        ],
        "bgb": [
          2.9836158752441406,
          3.1070971488952637,
          2.8832836151123047
        ],
        "lgb": [
          -4.953189849853516,
          -2.4362363815307617,
          -0.6323642730712891
        ]
      },
      "landmarks_global": {
        "mb": [
          3.7503700256347656,
          -0.8012361526489258,
          3.7412195205688477
        ],
        "db": [
          2.6575584411621094,
          -2.1042938232421875,
          -1.8760414123535156
        ],
        "ml": [
          -4.626697540283203,
          -2.692416191101074,
          -0.7487125396728516
        ],
        "dl": [
          -0.2679405212402344,
          -4.87258243560791,
          -1.008584976196289
        ],
        "bg": [
          1.4691047668457031,
          3.8651275634765625,
          3.1659746170043945
        ],
        "m": [
          -4.5632781982421875,
          3.4780163764953613,
          0.5032205581665039
        ],
        "mr": [
          -5.882289886474609,
          1.8286571502685547,
          -0.2236928939819336
        ],
        "dr": [
          -4.406238555908203,
          1.6422576904296875,
          -1.9982585906982422
        ],
        "mc": [
          -6.0418701171875,
          -0.17112255096435547,
          -0.5083036422729492
        ],
        "dc": [
          -1.8156242370605469,
          -4.025570869445801,
          -1.5405960083007812
        ],
        "bgb": [
          2.9836158752441406,
          3.1070971488952637,
          2.8832836151123047
        ],
        "lgb": [
          -4.953189849853516,
          -2.4362363815307617,
          -0.6323642730712891
        ]
      },
      "indices": {
        "mb": 717,
        "db": 165,
        "ml": 72,
        "dl": 2014,
        "bg": 954,
        "m": 284,
        "mr": 788,
        "dr": 508,
        "mc": 2607,
        "dc": 303,
        "bgb": 691,
        "lgb": 447
      },
      "scores": {
        "mb": 0.8557285666465759,
        "db": 0.7423146367073059,
        "ml": 0.37830284237861633,
        "dl": 0.4084862768650055,
        "bg": 0.6475874185562134,
        "m": 0.4308224618434906,
        "mr": 0.4075770080089569,
        "dr": 0.24494712054729462,
        "mc": 0.31343331933021545,
        "dc": 0.32060447335243225,
        "bgb": 0.4960242807865143,
        "lgb": 0.2167922556400299
      },
      "top1": {
        "mb": 0.8557285666465759,
        "db": 0.7423146367073059,
        "ml": 0.37830284237861633,
        "dl": 0.4084862768650055,
        "bg": 0.6475874185562134,
        "m": 0.4308224618434906,
        "mr": 0.4075770080089569,
        "dr": 0.24494712054729462,
        "mc": 0.31343331933021545,
        "dc": 0.32060447335243225,
        "bgb": 0.4960242807865143,
        "lgb": 0.2167922556400299
      },
      "peak_scores": {
        "mb": 0.8557285666465759,
        "db": 0.7423146367073059,
        "ml": 0.37830284237861633,
        "dl": 0.4084862768650055,
        "bg": 0.6475874185562134,
        "m": 0.4308224618434906,
        "mr": 0.4075770080089569,
        "dr": 0.24494712054729462,
        "mc": 0.31343331933021545,
        "dc": 0.32060447335243225,
        "bgb": 0.4960242807865143,
        "lgb": 0.2167922556400299
      },
      "top2": {
        "mb": 0.8555875420570374,
        "db": 0.7417335510253906,
        "ml": 0.37757501006126404,
        "dl": 0.40835878252983093,
        "bg": 0.6473090052604675,
        "m": 0.4302363097667694,
        "mr": 0.40757477283477783,
        "dr": 0.24434387683868408,
        "mc": 0.31326135993003845,
        "dc": 0.3197644352912903,
        "bgb": 0.49589040875434875,
        "lgb": 0.21660512685775757
      },
      "second_scores": {
        "mb": 0.8555875420570374,
        "db": 0.7417335510253906,
        "ml": 0.37757501006126404,
        "dl": 0.40835878252983093,
        "bg": 0.6473090052604675,
        "m": 0.4302363097667694,
        "mr": 0.40757477283477783,
        "dr": 0.24434387683868408,
        "mc": 0.31326135993003845,
        "dc": 0.3197644352912903,
        "bgb": 0.49589040875434875,
        "lgb": 0.21660512685775757
      },
      "margin": {
        "mb": 0.00014102458953857422,
        "db": 0.0005810856819152832,
        "ml": 0.0007278323173522949,
        "dl": 0.00012749433517456055,
        "bg": 0.0002784132957458496,
        "m": 0.0005861520767211914,
        "mr": 2.2351741790771484e-06,
        "dr": 0.0006032437086105347,
        "mc": 0.00017195940017700195,
        "dc": 0.0008400380611419678,
        "bgb": 0.00013387203216552734,
        "lgb": 0.00018712878227233887
      },
      "meta": {
        "case_id": "025",
        "arch": "U",
        "fdi": 27,
        "tooth_id": 14,
        "sigma_mm": 5.0,
        "unit": "mm"
      }
    }
  },
  "meta": {
    "root": "C:\\MISC\\Deepcare\\Orthodontics\\datasets\\landmarks_dataset\\cooked\\p0\\samples"
  }
}