{
  "predictions": {
    "t27": {
      "landmarks_local": {
        "mb": [
          4.4337615966796875,
          -3.2284622192382812,
          2.3635082244873047
        ],
        "db": [
          3.8735885620117188,
          0.4374046325683594,
          0.3083028793334961
        ],
        "ml": [
          -5.65174674987793,
          -2.2278194427490234,
          -0.7281789779663086
        ],
        "dl": [
          -4.236555099487305,
          -3.423360824584961,
          -1.4780073165893555
        ],
        "bg": [
          2.543193817138672,
          2.918764114379883,
          3.317565441131592
        ],
        "m": [
          -5.912572860717773,
          0.3199653625488281,
          -0.4150667190551758
        ],
        "mr": [
          -3.4868526458740234,
          4.701699256896973,
          1.2149381637573242
        ],
        "dr": [
          -4.236555099487305,
          -3.423360824584961,
          -1.4780073165893555
        ],
        "mc": [
          -2.304607391357422,
          5.207406997680664,
          1.9197187423706055
        ],
        "dc": [
          -4.175867080688477,
          -1.3073158264160156,
          -2.161881446838379
        ],
        "bgb": [
          0.11231231689453125,
          4.316594123840332,
          2.629086494445801
        ],
        "lgb": [
          -5.225580215454102,
          -2.611858367919922,
          -0.8742246627807617
        ]
      },
      "landmarks_global": {
        "mb": [
          4.4337615966796875,
          -3.2284622192382812,
          2.3635082244873047
        ],
        "db": [
          3.8735885620117188,
          0.4374046325683594,
          0.3083028793334961
        ],
        "ml": [
          -5.65174674987793,
          -2.2278194427490234,
          -0.7281789779663086
        ],
        "dl": [
          -4.236555099487305,
          -3.423360824584961,
          -1.4780073165893555
        ],
        "bg": [
          2.543193817138672,
          2.918764114379883,
          3.317565441131592
        ],
        "m": [
          -5.912572860717773,
          0.3199653625488281,
          -0.4150667190551758
        ],
        "mr": [
          -3.4868526458740234,
          4.701699256896973,
          1.2149381637573242
        ],
        "dr": [
          -4.236555099487305,
          -3.423360824584961,
          -1.4780073165893555
        ],
        "mc": [
          -2.304607391357422,
          5.207406997680664,
          1.9197187423706055
        ],
        "dc": [
          -4.175867080688477,
          -1.3073158264160156,
          -2.161881446838379
        ],
        "bgb": [
          0.11231231689453125,
          4.316594123840332,
          2.629086494445801
        ],
        "lgb": [
          -5.225580215454102,
          -2.611858367919922,
          -0.8742246627807617
        ]
      },
      "indices": {
        "mb": 1,
        "db": 683,
        "ml": 651,
        "dl": 1975,
        "bg": 184,
        "m": 1227,
        "mr": 1070,
        "dr": 1975,
        "mc": 480,
        "dc": 1060,
        "bgb": 1123,
        "lgb": 984
      },
      "scores": {
        "mb": 0.7868033647537231,
        "db": 0.804534375667572,
        "ml": 0.37198588252067566,
        "dl": 0.6345789432525635,
        "bg": 0.4125524163246155,
        "m": 0.4656500816345215,
        "mr": 0.3690667748451233,
        "dr": 0.4098675847053528,
        "mc": 0.366689532995224,
        "dc": 0.6859663128852844,
        "bgb": 0.5622702836990356,
        "lgb": 0.2189132273197174
      },
      "top1": {
        "mb": 0.7868033647537231,
        "db": 0.804534375667572,
        "ml": 0.37198588252067566,
        "dl": 0.6345789432525635,
        "bg": 0.4125524163246155,
        "m": 0.4656500816345215,
        "mr": 0.3690667748451233,
        "dr": 0.4098675847053528,
        "mc": 0.366689532995224,
        "dc": 0.6859663128852844,
        "bgb": 0.5622702836990356,
        "lgb": 0.2189132273197174
      },
      "peak_scores": {
        "mb": 0.7868033647537231,
        "db": 0.804534375667572,
        "ml": 0.37198588252067566,
        "dl": 0.6345789432525635,
        "bg": 0.4125524163246155,
        "m": 0.4656500816345215,
        "mr": 0.3690667748451233,
        "dr": 0.4098675847053528,
        "mc": 0.366689532995224,
        "dc": 0.6859663128852844,
        "bgb": 0.5622702836990356,
        "lgb": 0.2189132273197174
      },
      "top2": {
        "mb": 0.7860291600227356,
        "db": 0.8043922781944275,
        "ml": 0.37197741866111755,
        "dl": 0.6337918043136597,
        "bg": 0.4125240743160248,
        "m": 0.46493929624557495,
        "mr": 0.36873307824134827,
        "dr": 0.40980294346809387,
        "mc": 0.36529114842414856,
        "dc": 0.6859590411186218,
        "bgb": 0.5612950921058655,
        "lgb": 0.21820716559886932
      },
      "second_scores": {
        "mb": 0.7860291600227356,
        "db": 0.8043922781944275,
        "ml": 0.37197741866111755,
        "dl": 0.6337918043136597,
        "bg": 0.4125240743160248,
        "m": 0.46493929624557495,
        "mr": 0.36873307824134827,
        "dr": 0.40980294346809387,
        "mc": 0.36529114842414856,
        "dc": 0.6859590411186218,
        "bgb": 0.5612950921058655,
        "lgb": 0.21820716559886932
      },
      "margin": {
        "mb": 0.0007742047309875488,
        "db": 0.00014209747314453125,
        "ml": 8.463859558105469e-06,
        "dl": 0.0007871389389038086,
        "bg": 2.8342008590698242e-05,
        "m": 0.0007107853889465332,
        "mr": 0.0003336966037750244,
        "dr": 6.464123725891113e-05,
        "mc": 0.0013983845710754395,
        "dc": 7.271766662597656e-06,
        "bgb": 0.000975191593170166,
        "lgb": 0.0007060617208480835
      },
      "meta": {
        "case_id": "026",
        "arch": "U",
        "fdi": 27,
        "tooth_id": 14,
        "sigma_mm": 5.0,
        "unit": "mm"
      }
    }
  },
  "meta": {
    "root": "C:\\MISC\\Deepcare\\Orthodontics\\datasets\\landmarks_dataset\\cooked\\p0\\samples"
  }
}