{
  "predictions": {
    "t27": {
      "landmarks_local": {
        "mb": [
          2.081521987915039,
          2.6986942291259766,
          4.6753082275390625
        ],
        "db": [
          4.198531150817871,
          0.07752704620361328,
          -1.806070327758789
        ],
        "ml": [
          2.0153188705444336,
          -0.2909832000732422,
          4.272148132324219
        ],
        "dl": [
          2.4826745986938477,
          -1.5476083755493164,
          -2.7287750244140625
        ],
        "bg": [
          1.4530115127563477,
          2.5128068923950195,
          5.268106460571289
        ],
        "m": [
          2.664999008178711,
          1.8836278915405273,
          4.0579681396484375
        ],
        "mr": [
          1.4530115127563477,
          2.5128068923950195,
          5.268106460571289
        ],
        "dr": [
          3.041754722595215,
          -1.0707368850708008,
          -2.9556636810302734
        ],
        "mc": [
          -0.17088985443115234,
          1.794076919555664,
          5.7745361328125
        ],
        "dc": [
          -3.561491012573242,
          -0.646693229675293,
          -2.685220718383789
        ],
        "bgb": [
          1.5960140228271484,
          2.9368953704833984,
          -4.914432525634766
        ],
        "lgb": [
          -5.178718566894531,
          0.7201604843139648,
          0.6948680877685547
        ]
      },
      "landmarks_global": {
        "mb": [
          2.081521987915039,
          2.6986942291259766,
          4.6753082275390625
        ],
        "db": [
          4.198531150817871,
          0.07752704620361328,
          -1.806070327758789
        ],
        "ml": [
          2.0153188705444336,
          -0.2909832000732422,
          4.272148132324219
        ],
        "dl": [
          2.4826745986938477,
          -1.5476083755493164,
          -2.7287750244140625
        ],
        "bg": [
          1.4530115127563477,
          2.5128068923950195,
          5.268106460571289
        ],
        "m": [
          2.664999008178711,
          1.8836278915405273,
          4.0579681396484375
        ],
        "mr": [
          1.4530115127563477,
          2.5128068923950195,
          5.268106460571289
        ],
        "dr": [
          3.041754722595215,
          -1.0707368850708008,
          -2.9556636810302734
        ],
        "mc": [
          -0.17088985443115234,
          1.794076919555664,
          5.7745361328125
        ],
        "dc": [
          -3.561491012573242,
          -0.646693229675293,
          -2.685220718383789
        ],
        "bgb": [
          1.5960140228271484,
          2.9368953704833984,
          -4.914432525634766
        ],
        "lgb": [
          -5.178718566894531,
          0.7201604843139648,
          0.6948680877685547
        ]
      },
      "indices": {
        "mb": 2986,
        "db": 99,
        "ml": 379,
        "dl": 173,
        "bg": 795,
        "m": 2885,
        "mr": 795,
        "dr": 495,
        "mc": 43,
        "dc": 1665,
        "bgb": 2662,
        "lgb": 1346
      },
      "scores": {
        "mb": 0.4773719906806946,
        "db": 0.523806631565094,
        "ml": 0.34481969475746155,
        "dl": 0.7729544639587402,
        "bg": 0.28189241886138916,
        "m": 0.3689720332622528,
        "mr": 0.3853267431259155,
        "dr": 0.7868934273719788,
        "mc": 0.4711495637893677,
        "dc": 0.7620627284049988,
        "bgb": 0.38258251547813416,
        "lgb": 0.48717930912971497
      },
      "top1": {
        "mb": 0.4773719906806946,
        "db": 0.523806631565094,
        "ml": 0.34481969475746155,
        "dl": 0.7729544639587402,
        "bg": 0.28189241886138916,
        "m": 0.3689720332622528,
        "mr": 0.3853267431259155,
        "dr": 0.7868934273719788,
        "mc": 0.4711495637893677,
        "dc": 0.7620627284049988,
        "bgb": 0.38258251547813416,
        "lgb": 0.48717930912971497
      },
      "peak_scores": {
        "mb": 0.4773719906806946,
        "db": 0.523806631565094,
        "ml": 0.34481969475746155,
        "dl": 0.7729544639587402,
        "bg": 0.28189241886138916,
        "m": 0.3689720332622528,
        "mr": 0.3853267431259155,
        "dr": 0.7868934273719788,
        "mc": 0.4711495637893677,
        "dc": 0.7620627284049988,
        "bgb": 0.38258251547813416,
        "lgb": 0.48717930912971497
      },
      "top2": {
        "mb": 0.4765125513076782,
        "db": 0.5231248140335083,
        "ml": 0.34471020102500916,
        "dl": 0.7727078199386597,
        "bg": 0.2812919318675995,
        "m": 0.3687794804573059,
        "mr": 0.3853048086166382,
        "dr": 0.7860762476921082,
        "mc": 0.4707303047180176,
        "dc": 0.7620020508766174,
        "bgb": 0.3819620907306671,
        "lgb": 0.4837842583656311
      },
      "second_scores": {
        "mb": 0.4765125513076782,
        "db": 0.5231248140335083,
        "ml": 0.34471020102500916,
        "dl": 0.7727078199386597,
        "bg": 0.2812919318675995,
        "m": 0.3687794804573059,
        "mr": 0.3853048086166382,
        "dr": 0.7860762476921082,
        "mc": 0.4707303047180176,
        "dc": 0.7620020508766174,
        "bgb": 0.3819620907306671,
        "lgb": 0.4837842583656311
      },
      "margin": {
        "mb": 0.0008594393730163574,
        "db": 0.0006818175315856934,
        "ml": 0.00010949373245239258,
        "dl": 0.0002466440200805664,
        "bg": 0.0006004869937896729,
        "m": 0.00019255280494689941,
        "mr": 2.193450927734375e-05,
        "dr": 0.0008171796798706055,
        "mc": 0.00041925907135009766,
        "dc": 6.0677528381347656e-05,
        "bgb": 0.000620424747467041,
        "lgb": 0.0033950507640838623
      },
      "meta": {
        "case_id": "027",
        "arch": "U",
        "fdi": 27,
        "tooth_id": 14,
        "sigma_mm": 5.0,
        "unit": "mm"
      }
    }
  },
  "meta": {
    "root": "C:\\MISC\\Deepcare\\Orthodontics\\datasets\\landmarks_dataset\\cooked\\p0\\samples"
  }
}