{
  "predictions": {
    "t27": {
      "landmarks_local": {
        "mb": [
          0.4711284637451172,
          1.140458583831787,
          6.023211479187012
        ],
        "db": [
          3.9316482543945312,
          -0.03769683837890625,
          -2.6304855346679688
        ],
        "ml": [
          -5.522180557250977,
          -0.7374734878540039,
          0.9714431762695312
        ],
        "dl": [
          -3.3719043731689453,
          -0.08086395263671875,
          -5.794830322265625
        ],
        "bg": [
          2.0122623443603516,
          2.541592597961426,
          5.8053178787231445
        ],
        "m": [
          -6.569622039794922,
          0.5192999839782715,
          0.9225368499755859
        ],
        "mr": [
          -5.413728713989258,
          0.9162321090698242,
          2.4591665267944336
        ],
        "dr": [
          -3.3719043731689453,
          -0.08086395263671875,
          -5.794830322265625
        ],
        "mc": [
          -5.413728713989258,
          0.9162321090698242,
          2.4591665267944336
        ],
        "dc": [
          -2.9045372009277344,
          0.1256875991821289,
          -6.104169845581055
        ],
        "bgb": [
          4.6859588623046875,
          3.9817137718200684,
          -0.5198097229003906
        ],
        "lgb": [
          -4.51335334777832,
          -1.1199359893798828,
          -2.6778106689453125
        ]
      },
      "landmarks_global": {
        "mb": [
          0.4711284637451172,
          1.140458583831787,
          6.023211479187012
        ],
        "db": [
          3.9316482543945312,
          -0.03769683837890625,
          -2.6304855346679688
        ],
        "ml": [
          -5.522180557250977,
          -0.7374734878540039,
          0.9714431762695312
        ],
        "dl": [
          -3.3719043731689453,
          -0.08086395263671875,
          -5.794830322265625
        ],
        "bg": [
          2.0122623443603516,
          2.541592597961426,
          5.8053178787231445
        ],
        "m": [
          -6.569622039794922,
          0.5192999839782715,
          0.9225368499755859
        ],
        "mr": [
          -5.413728713989258,
          0.9162321090698242,
          2.4591665267944336
        ],
        "dr": [
          -3.3719043731689453,
          -0.08086395263671875,
          -5.794830322265625
        ],
        "mc": [
          -5.413728713989258,
          0.9162321090698242,
          2.4591665267944336
        ],
        "dc": [
          -2.9045372009277344,
          0.1256875991821289,
          -6.104169845581055
        ],
        "bgb": [
          4.6859588623046875,
          3.9817137718200684,
          -0.5198097229003906
        ],
        "lgb": [
          -4.51335334777832,
          -1.1199359893798828,
          -2.6778106689453125
        ]
      },
      "indices": {
        "mb": 206,
        "db": 1908,
        "ml": 1826,
        "dl": 1164,
        "bg": 10,
        "m": 362,
        "mr": 2978,
        "dr": 1164,
        "mc": 2978,
        "dc": 1444,
        "bgb": 53,
        "lgb": 1180
      },
      "scores": {
        "mb": 0.7390071749687195,
        "db": 0.8779106140136719,
        "ml": 0.32914426922798157,
        "dl": 0.5354458689689636,
        "bg": 0.48703840374946594,
        "m": 0.5367578268051147,
        "mr": 0.3657010793685913,
        "dr": 0.4677736759185791,
        "mc": 0.31301549077033997,
        "dc": 0.7283993363380432,
        "bgb": 0.717341423034668,
        "lgb": 0.1741868406534195
      },
      "top1": {
        "mb": 0.7390071749687195,
        "db": 0.8779106140136719,
        "ml": 0.32914426922798157,
        "dl": 0.5354458689689636,
        "bg": 0.48703840374946594,
        "m": 0.5367578268051147,
        "mr": 0.3657010793685913,
        "dr": 0.4677736759185791,
        "mc": 0.31301549077033997,
        "dc": 0.7283993363380432,
        "bgb": 0.717341423034668,
        "lgb": 0.1741868406534195
      },
      "peak_scores": {
        "mb": 0.7390071749687195,
        "db": 0.8779106140136719,
        "ml": 0.32914426922798157,
        "dl": 0.5354458689689636,
        "bg": 0.48703840374946594,
        "m": 0.5367578268051147,
        "mr": 0.3657010793685913,
        "dr": 0.4677736759185791,
        "mc": 0.31301549077033997,
        "dc": 0.7283993363380432,
        "bgb": 0.717341423034668,
        "lgb": 0.1741868406534195
      },
      "top2": {
        "mb": 0.7386714220046997,
        "db": 0.8778510689735413,
        "ml": 0.32888710498809814,
        "dl": 0.5349695086479187,
        "bg": 0.48367300629615784,
        "m": 0.5360011458396912,
        "mr": 0.3647083044052124,
        "dr": 0.4673791527748108,
        "mc": 0.3125235140323639,
        "dc": 0.7279744148254395,
        "bgb": 0.7164316773414612,
        "lgb": 0.17416271567344666
      },
      "second_scores": {
        "mb": 0.7386714220046997,
        "db": 0.8778510689735413,
        "ml": 0.32888710498809814,
        "dl": 0.5349695086479187,
        "bg": 0.48367300629615784,
        "m": 0.5360011458396912,
        "mr": 0.3647083044052124,
        "dr": 0.4673791527748108,
        "mc": 0.3125235140323639,
        "dc": 0.7279744148254395,
        "bgb": 0.7164316773414612,
        "lgb": 0.17416271567344666
      },
      "margin": {
        "mb": 0.0003357529640197754,
        "db": 5.9545040130615234e-05,
        "ml": 0.00025716423988342285,
        "dl": 0.0004763603210449219,
        "bg": 0.0033653974533081055,
        "m": 0.000756680965423584,
        "mr": 0.0009927749633789062,
        "dr": 0.00039452314376831055,
        "mc": 0.0004919767379760742,
        "dc": 0.00042492151260375977,
        "bgb": 0.0009097456932067871,
        "lgb": 2.4124979972839355e-05
      },
      "meta": {
        "case_id": "028",
        "arch": "U",
        "fdi": 27,
        "tooth_id": 14,
        "sigma_mm": 5.0,
        "unit": "mm"
      }
    }
  },
  "meta": {
    "root": "C:\\MISC\\Deepcare\\Orthodontics\\datasets\\landmarks_dataset\\cooked\\p0\\samples"
  }
}