{
  "predictions": {
    "t27": {
      "landmarks_local": {
        "mb": [
          3.509674072265625,
          0.34267520904541016,
          5.405441761016846
        ],
        "db": [
          1.4772682189941406,
          -4.538441181182861,
          -0.33467769622802734
        ],
        "ml": [
          -1.5054473876953125,
          -5.230481147766113,
          2.945549488067627
        ],
        "dl": [
          -1.7874164581298828,
          -5.162667274475098,
          0.6473722457885742
        ],
        "bg": [
          -6.842790603637695,
          -0.6697778701782227,
          0.3637056350708008
        ],
        "m": [
          -6.085857391357422,
          -0.21207809448242188,
          -1.2184910774230957
        ],
        "mr": [
          -6.626825332641602,
          -0.9951410293579102,
          0.3953695297241211
        ],
        "dr": [
          0.4113044738769531,
          -5.007471084594727,
          -0.16617107391357422
        ],
        "mc": [
          -7.153676986694336,
          0.14905929565429688,
          0.013825416564941406
        ],
        "dc": [
          -3.750802993774414,
          -1.643864631652832,
          -2.337247610092163
        ],
        "bgb": [
          -2.088888168334961,
          2.780548095703125,
          -3.0602011680603027
        ],
        "lgb": [
          -1.7874164581298828,
          -5.162667274475098,
          0.6473722457885742
        ]
      },
      "landmarks_global": {
        "mb": [
          3.509674072265625,
          0.34267520904541016,
          5.405441761016846
        ],
        "db": [
          1.4772682189941406,
          -4.538441181182861,
          -0.33467769622802734
        ],
        "ml": [
          -1.5054473876953125,
          -5.230481147766113,
          2.945549488067627
        ],
        "dl": [
          -1.7874164581298828,
          -5.162667274475098,
          0.6473722457885742
        ],
        "bg": [
          -6.842790603637695,
          -0.6697778701782227,
          0.3637056350708008
        ],
        "m": [
          -6.085857391357422,
          -0.21207809448242188,
          -1.2184910774230957
        ],
        "mr": [
          -6.626825332641602,
          -0.9951410293579102,
          0.3953695297241211
        ],
        "dr": [
          0.4113044738769531,
          -5.007471084594727,
          -0.16617107391357422
        ],
        "mc": [
          -7.153676986694336,
          0.14905929565429688,
          0.013825416564941406
        ],
        "dc": [
          -3.750802993774414,
          -1.643864631652832,
          -2.337247610092163
        ],
        "bgb": [
          -2.088888168334961,
          2.780548095703125,
          -3.0602011680603027
        ],
        "lgb": [
          -1.7874164581298828,
          -5.162667274475098,
          0.6473722457885742
        ]
      },
      "indices": {
        "mb": 1561,
        "db": 1225,
        "ml": 704,
        "dl": 2312,
        "bg": 154,
        "m": 2591,
        "mr": 784,
        "dr": 2848,
        "mc": 3,
        "dc": 996,
        "bgb": 1865,
        "lgb": 2312
      },
      "scores": {
        "mb": 0.8060335516929626,
        "db": 0.7060995697975159,
        "ml": 0.4142363667488098,
        "dl": 0.22728121280670166,
        "bg": 0.6646402478218079,
        "m": 0.6399710178375244,
        "mr": 0.4256470501422882,
        "dr": 0.2728341221809387,
        "mc": 0.23188211023807526,
        "dc": 0.26301467418670654,
        "bgb": 0.5351552367210388,
        "lgb": 0.10919271409511566
      },
      "top1": {
        "mb": 0.8060335516929626,
        "db": 0.7060995697975159,
        "ml": 0.4142363667488098,
        "dl": 0.22728121280670166,
        "bg": 0.6646402478218079,
        "m": 0.6399710178375244,
        "mr": 0.4256470501422882,
        "dr": 0.2728341221809387,
        "mc": 0.23188211023807526,
        "dc": 0.26301467418670654,
        "bgb": 0.5351552367210388,
        "lgb": 0.10919271409511566
      },
      "peak_scores": {
        "mb": 0.8060335516929626,
        "db": 0.7060995697975159,
        "ml": 0.4142363667488098,
        "dl": 0.22728121280670166,
        "bg": 0.6646402478218079,
        "m": 0.6399710178375244,
        "mr": 0.4256470501422882,
        "dr": 0.2728341221809387,
        "mc": 0.23188211023807526,
        "dc": 0.26301467418670654,
        "bgb": 0.5351552367210388,
        "lgb": 0.10919271409511566
      },
      "top2": {
        "mb": 0.8058426976203918,
        "db": 0.7057712078094482,
        "ml": 0.4137338697910309,
        "dl": 0.22725290060043335,
        "bg": 0.6640324592590332,
        "m": 0.6398550868034363,
        "mr": 0.4242943525314331,
        "dr": 0.2727636396884918,
        "mc": 0.2313503623008728,
        "dc": 0.2625932991504669,
        "bgb": 0.534608006477356,
        "lgb": 0.1091391071677208
      },
      "second_scores": {
        "mb": 0.8058426976203918,
        "db": 0.7057712078094482,
        "ml": 0.4137338697910309,
        "dl": 0.22725290060043335,
        "bg": 0.6640324592590332,
        "m": 0.6398550868034363,
        "mr": 0.4242943525314331,
        "dr": 0.2727636396884918,
        "mc": 0.2313503623008728,
        "dc": 0.2625932991504669,
        "bgb": 0.534608006477356,
        "lgb": 0.1091391071677208
      },
      "margin": {
        "mb": 0.00019085407257080078,
        "db": 0.00032836198806762695,
        "ml": 0.0005024969577789307,
        "dl": 2.8312206268310547e-05,
        "bg": 0.0006077885627746582,
        "m": 0.00011593103408813477,
        "mr": 0.0013526976108551025,
        "dr": 7.048249244689941e-05,
        "mc": 0.0005317479372024536,
        "dc": 0.000421375036239624,
        "bgb": 0.0005472302436828613,
        "lgb": 5.360692739486694e-05
      },
      "meta": {
        "case_id": "029",
        "arch": "U",
        "fdi": 27,
        "tooth_id": 14,
        "sigma_mm": 5.0,
        "unit": "mm"
      }
    }
  },
  "meta": {
    "root": "C:\\MISC\\Deepcare\\Orthodontics\\datasets\\landmarks_dataset\\cooked\\p0\\samples"
  }
}