{
  "predictions": {
    "t27": {
      "landmarks_local": {
        "mb": [
          1.2817516326904297,
          -4.985107421875,
          -0.45894718170166016
        ],
        "db": [
          1.1106319427490234,
          -4.899423599243164,
          -0.6153101921081543
        ],
        "ml": [
          -4.257778167724609,
          -4.173954010009766,
          0.41156625747680664
        ],
        "dl": [
          -4.561531066894531,
          -4.154842376708984,
          0.6174521446228027
        ],
        "bg": [
          1.8186054229736328,
          -5.081781387329102,
          0.48467540740966797
        ],
        "m": [
          -6.018205642700195,
          -2.6345481872558594,
          0.36763620376586914
        ],
        "mr": [
          -5.701332092285156,
          -3.410074234008789,
          0.48543310165405273
        ],
        "dr": [
          -5.701332092285156,
          -3.410074234008789,
          0.48543310165405273
        ],
        "mc": [
          -5.701332092285156,
          -3.410074234008789,
          0.48543310165405273
        ],
        "dc": [
          -2.258665084838867,
          -2.2525634765625,
          -2.404160499572754
        ],
        "bgb": [
          4.280801773071289,
          -3.3701171875,
          0.8069090843200684
        ],
        "lgb": [
          -6.412690162658691,
          0.6923789978027344,
          0.012152671813964844
        ]
      },
      "landmarks_global": {
        "mb": [
          1.2817516326904297,
          -4.985107421875,
          -0.45894718170166016
        ],
        "db": [
          1.1106319427490234,
          -4.899423599243164,
          -0.6153101921081543
        ],
        "ml": [
          -4.257778167724609,
          -4.173954010009766,
          0.41156625747680664
        ],
        "dl": [
          -4.561531066894531,
          -4.154842376708984,
          0.6174521446228027
        ],
        "bg": [
          1.8186054229736328,
          -5.081781387329102,
          0.48467540740966797
        ],
        "m": [
          -6.018205642700195,
          -2.6345481872558594,
          0.36763620376586914
        ],
        "mr": [
          -5.701332092285156,
          -3.410074234008789,
          0.48543310165405273
        ],
        "dr": [
          -5.701332092285156,
          -3.410074234008789,
          0.48543310165405273
        ],
        "mc": [
          -5.701332092285156,
          -3.410074234008789,
          0.48543310165405273
        ],
        "dc": [
          -2.258665084838867,
          -2.2525634765625,
          -2.404160499572754
        ],
        "bgb": [
          4.280801773071289,
          -3.3701171875,
          0.8069090843200684
        ],
        "lgb": [
          -6.412690162658691,
          0.6923789978027344,
          0.012152671813964844
        ]
      },
      "indices": {
        "mb": 2252,
        "db": 1542,
        "ml": 66,
        "dl": 816,
        "bg": 2429,
        "m": 2572,
        "mr": 802,
        "dr": 802,
        "mc": 802,
        "dc": 2067,
        "bgb": 2107,
        "lgb": 1446
      },
      "scores": {
        "mb": 0.6366681456565857,
        "db": 0.3935103416442871,
        "ml": 0.2925699055194855,
        "dl": 0.12096034735441208,
        "bg": 0.5126969218254089,
        "m": 0.5160764455795288,
        "mr": 0.23741890490055084,
        "dr": 0.23631463944911957,
        "mc": 0.5561982989311218,
        "dc": 0.45751750469207764,
        "bgb": 0.6299728155136108,
        "lgb": 0.12654216587543488
      },
      "top1": {
        "mb": 0.6366681456565857,
        "db": 0.3935103416442871,
        "ml": 0.2925699055194855,
        "dl": 0.12096034735441208,
        "bg": 0.5126969218254089,
        "m": 0.5160764455795288,
        "mr": 0.23741890490055084,
        "dr": 0.23631463944911957,
        "mc": 0.5561982989311218,
        "dc": 0.45751750469207764,
        "bgb": 0.6299728155136108,
        "lgb": 0.12654216587543488
      },
      "peak_scores": {
        "mb": 0.6366681456565857,
        "db": 0.3935103416442871,
        "ml": 0.2925699055194855,
        "dl": 0.12096034735441208,
        "bg": 0.5126969218254089,
        "m": 0.5160764455795288,
        "mr": 0.23741890490055084,
        "dr": 0.23631463944911957,
        "mc": 0.5561982989311218,
        "dc": 0.45751750469207764,
        "bgb": 0.6299728155136108,
        "lgb": 0.12654216587543488
      },
      "top2": {
        "mb": 0.6366429328918457,
        "db": 0.39330461621284485,
        "ml": 0.29249081015586853,
        "dl": 0.12060946226119995,
        "bg": 0.5121364593505859,
        "m": 0.5160060524940491,
        "mr": 0.23627211153507233,
        "dr": 0.23579595983028412,
        "mc": 0.5553057789802551,
        "dc": 0.4571792185306549,
        "bgb": 0.6294519305229187,
        "lgb": 0.12611977756023407
      },
      "second_scores": {
        "mb": 0.6366429328918457,
        "db": 0.39330461621284485,
        "ml": 0.29249081015586853,
        "dl": 0.12060946226119995,
        "bg": 0.5121364593505859,
        "m": 0.5160060524940491,
        "mr": 0.23627211153507233,
        "dr": 0.23579595983028412,
        "mc": 0.5553057789802551,
        "dc": 0.4571792185306549,
        "bgb": 0.6294519305229187,
        "lgb": 0.12611977756023407
      },
      "margin": {
        "mb": 2.5212764739990234e-05,
        "db": 0.00020572543144226074,
        "ml": 7.909536361694336e-05,
        "dl": 0.0003508850932121277,
        "bg": 0.000560462474822998,
        "m": 7.039308547973633e-05,
        "mr": 0.0011467933654785156,
        "dr": 0.0005186796188354492,
        "mc": 0.0008925199508666992,
        "dc": 0.0003382861614227295,
        "bgb": 0.0005208849906921387,
        "lgb": 0.00042238831520080566
      },
      "meta": {
        "case_id": "030",
        "arch": "U",
        "fdi": 27,
        "tooth_id": 14,
        "sigma_mm": 5.0,
        "unit": "mm"
      }
    }
  },
  "meta": {
    "root": "C:\\MISC\\Deepcare\\Orthodontics\\datasets\\landmarks_dataset\\cooked\\p0\\samples"
  }
}