{
  "predictions": {
    "t27": {
      "landmarks_local": {
        "mb": [
          5.853052139282227,
          -0.23851394653320312,
          -0.4116497039794922
        ],
        "db": [
          4.121585845947266,
          0.4709463119506836,
          -4.695272445678711
        ],
        "ml": [
          -2.6725072860717773,
          -0.9711818695068359,
          -3.3717918395996094
        ],
        "dl": [
          -0.047237396240234375,
          -1.9022483825683594,
          -4.352931976318359
        ],
        "bg": [
          4.632120132446289,
          2.038235664367676,
          3.995931625366211
        ],
        "m": [
          -3.4877309799194336,
          2.265007972717285,
          -3.826051712036133
        ],
        "mr": [
          -1.3249197006225586,
          3.2819910049438477,
          5.204265594482422
        ],
        "dr": [
          0.7739982604980469,
          3.0481185913085938,
          -6.311128616333008
        ],
        "mc": [
          -5.060229301452637,
          1.8265609741210938,
          0.7957897186279297
        ],
        "dc": [
          -0.047237396240234375,
          -1.9022483825683594,
          -4.352931976318359
        ],
        "bgb": [
          4.632120132446289,
          2.038235664367676,
          3.995931625366211
        ],
        "lgb": [
          -3.777606964111328,
          1.948394775390625,
          -3.5022449493408203
        ]
      },
      "landmarks_global": {
        "mb": [
          5.853052139282227,
          -0.23851394653320312,
          -0.4116497039794922
        ],
        "db": [
          4.121585845947266,
          0.4709463119506836,
          -4.695272445678711
        ],
        "ml": [
          -2.6725072860717773,
          -0.9711818695068359,
          -3.3717918395996094
        ],
        "dl": [
          -0.047237396240234375,
          -1.9022483825683594,
          -4.352931976318359
        ],
        "bg": [
          4.632120132446289,
          2.038235664367676,
          3.995931625366211
        ],
        "m": [
          -3.4877309799194336,
          2.265007972717285,
          -3.826051712036133
        ],
        "mr": [
          -1.3249197006225586,
          3.2819910049438477,
          5.204265594482422
        ],
        "dr": [
          0.7739982604980469,
          3.0481185913085938,
          -6.311128616333008
        ],
        "mc": [
          -5.060229301452637,
          1.8265609741210938,
          0.7957897186279297
        ],
        "dc": [
          -0.047237396240234375,
          -1.9022483825683594,
          -4.352931976318359
        ],
        "bgb": [
          4.632120132446289,
          2.038235664367676,
          3.995931625366211
        ],
        "lgb": [
          -3.777606964111328,
          1.948394775390625,
          -3.5022449493408203
        ]
      },
      "indices": {
        "mb": 1869,
        "db": 137,
        "ml": 2607,
        "dl": 234,
        "bg": 1,
        "m": 587,
        "mr": 142,
        "dr": 77,
        "mc": 807,
        "dc": 234,
        "bgb": 1,
        "lgb": 30
      },
      "scores": {
        "mb": 0.8102116584777832,
        "db": 0.3397003710269928,
        "ml": 0.4798874855041504,
        "dl": 0.2231694608926773,
        "bg": 0.4014784097671509,
        "m": 0.37777790427207947,
        "mr": 0.4646953046321869,
        "dr": 0.21781887114048004,
        "mc": 0.49102336168289185,
        "dc": 0.3681250214576721,
        "bgb": 0.4228019118309021,
        "lgb": 0.2889414131641388
      },
      "top1": {
        "mb": 0.8102116584777832,
        "db": 0.3397003710269928,
        "ml": 0.4798874855041504,
        "dl": 0.2231694608926773,
        "bg": 0.4014784097671509,
        "m": 0.37777790427207947,
        "mr": 0.4646953046321869,
        "dr": 0.21781887114048004,
        "mc": 0.49102336168289185,
        "dc": 0.3681250214576721,
        "bgb": 0.4228019118309021,
        "lgb": 0.2889414131641388
      },
      "peak_scores": {
        "mb": 0.8102116584777832,
        "db": 0.3397003710269928,
        "ml": 0.4798874855041504,
        "dl": 0.2231694608926773,
        "bg": 0.4014784097671509,
        "m": 0.37777790427207947,
        "mr": 0.4646953046321869,
        "dr": 0.21781887114048004,
        "mc": 0.49102336168289185,
        "dc": 0.3681250214576721,
        "bgb": 0.4228019118309021,
        "lgb": 0.2889414131641388
      },
      "top2": {
        "mb": 0.8083683252334595,
        "db": 0.33881938457489014,
        "ml": 0.4796309471130371,
        "dl": 0.2228924036026001,
        "bg": 0.39721131324768066,
        "m": 0.37718668580055237,
        "mr": 0.46241435408592224,
        "dr": 0.21706116199493408,
        "mc": 0.48916366696357727,
        "dc": 0.36743438243865967,
        "bgb": 0.4199717938899994,
        "lgb": 0.2887170612812042
      },
      "second_scores": {
        "mb": 0.8083683252334595,
        "db": 0.33881938457489014,
        "ml": 0.4796309471130371,
        "dl": 0.2228924036026001,
        "bg": 0.39721131324768066,
        "m": 0.37718668580055237,
        "mr": 0.46241435408592224,
        "dr": 0.21706116199493408,
        "mc": 0.48916366696357727,
        "dc": 0.36743438243865967,
        "bgb": 0.4199717938899994,
        "lgb": 0.2887170612812042
      },
      "margin": {
        "mb": 0.0018433332443237305,
        "db": 0.0008809864521026611,
        "ml": 0.00025653839111328125,
        "dl": 0.00027705729007720947,
        "bg": 0.004267096519470215,
        "m": 0.0005912184715270996,
        "mr": 0.0022809505462646484,
        "dr": 0.0007577091455459595,
        "mc": 0.0018596947193145752,
        "dc": 0.0006906390190124512,
        "bgb": 0.00283011794090271,
        "lgb": 0.0002243518829345703
      },
      "meta": {
        "case_id": "031",
        "arch": "U",
        "fdi": 27,
        "tooth_id": 14,
        "sigma_mm": 5.0,
        "unit": "mm"
      }
    }
  },
  "meta": {
    "root": "C:\\MISC\\Deepcare\\Orthodontics\\datasets\\landmarks_dataset\\cooked\\p0\\samples"
  }
}