{
  "predictions": {
    "t27": {
      "landmarks_local": {
        "mb": [
          2.1889801025390625,
          0.9194068908691406,
          4.192612648010254
        ],
        "db": [
          3.944751739501953,
          1.144561767578125,
          -2.285675048828125
        ],
        "ml": [
          -4.690649032592773,
          0.27344322204589844,
          2.290891647338867
        ],
        "dl": [
          -4.0422210693359375,
          -1.3419418334960938,
          -4.621990203857422
        ],
        "bg": [
          1.1508636474609375,
          4.042273044586182,
          4.162282943725586
        ],
        "m": [
          -6.140771865844727,
          0.9836225509643555,
          0.6580142974853516
        ],
        "mr": [
          -4.0570068359375,
          1.6608028411865234,
          3.295037269592285
        ],
        "dr": [
          -4.0422210693359375,
          -1.3419418334960938,
          -4.621990203857422
        ],
        "mc": [
          -3.914274215698242,
          1.6305723190307617,
          3.4437952041625977
        ],
        "dc": [
          -1.2349205017089844,
          -1.7672576904296875,
          -5.41545295715332
        ],
        "bgb": [
          3.435260772705078,
          5.736254692077637,
          0.8564071655273438
        ],
        "lgb": [
          -4.967275619506836,
          -1.2989673614501953,
          -1.951019287109375
        ]
      },
      "landmarks_global": {
        "mb": [
          2.1889801025390625,
          0.9194068908691406,
          4.192612648010254
        ],
        "db": [
          3.944751739501953,
          1.144561767578125,
          -2.285675048828125
        ],
        "ml": [
          -4.690649032592773,
          0.27344322204589844,
          2.290891647338867
        ],
        "dl": [
          -4.0422210693359375,
          -1.3419418334960938,
          -4.621990203857422
        ],
        "bg": [
          1.1508636474609375,
          4.042273044586182,
          4.162282943725586
        ],
        "m": [
          -6.140771865844727,
          0.9836225509643555,
          0.6580142974853516
        ],
        "mr": [
          -4.0570068359375,
          1.6608028411865234,
          3.295037269592285
        ],
        "dr": [
          -4.0422210693359375,
          -1.3419418334960938,
          -4.621990203857422
        ],
        "mc": [
          -3.914274215698242,
          1.6305723190307617,
          3.4437952041625977
        ],
        "dc": [
          -1.2349205017089844,
          -1.7672576904296875,
          -5.41545295715332
        ],
        "bgb": [
          3.435260772705078,
          5.736254692077637,
          0.8564071655273438
        ],
        "lgb": [
          -4.967275619506836,
          -1.2989673614501953,
          -1.951019287109375
        ]
      },
      "indices": {
        "mb": 2133,
        "db": 348,
        "ml": 1122,
        "dl": 1,
        "bg": 2109,
        "m": 825,
        "mr": 253,
        "dr": 1,
        "mc": 2524,
        "dc": 292,
        "bgb": 2408,
        "lgb": 1891
      },
      "scores": {
        "mb": 0.7226412892341614,
        "db": 0.8712939620018005,
        "ml": 0.3249540328979492,
        "dl": 0.5953785181045532,
        "bg": 0.45323267579078674,
        "m": 0.5527827143669128,
        "mr": 0.364414781332016,
        "dr": 0.4947287142276764,
        "mc": 0.3343779146671295,
        "dc": 0.7446876764297485,
        "bgb": 0.7351980805397034,
        "lgb": 0.18247972428798676
      },
      "top1": {
        "mb": 0.7226412892341614,
        "db": 0.8712939620018005,
        "ml": 0.3249540328979492,
        "dl": 0.5953785181045532,
        "bg": 0.45323267579078674,
        "m": 0.5527827143669128,
        "mr": 0.364414781332016,
        "dr": 0.4947287142276764,
        "mc": 0.3343779146671295,
        "dc": 0.7446876764297485,
        "bgb": 0.7351980805397034,
        "lgb": 0.18247972428798676
      },
      "peak_scores": {
        "mb": 0.7226412892341614,
        "db": 0.8712939620018005,
        "ml": 0.3249540328979492,
        "dl": 0.5953785181045532,
        "bg": 0.45323267579078674,
        "m": 0.5527827143669128,
        "mr": 0.364414781332016,
        "dr": 0.4947287142276764,
        "mc": 0.3343779146671295,
        "dc": 0.7446876764297485,
        "bgb": 0.7351980805397034,
        "lgb": 0.18247972428798676
      },
      "top2": {
        "mb": 0.7224318981170654,
        "db": 0.8709104657173157,
        "ml": 0.3247673809528351,
        "dl": 0.5932857394218445,
        "bg": 0.452682763338089,
        "m": 0.5526833534240723,
        "mr": 0.36422473192214966,
        "dr": 0.49427977204322815,
        "mc": 0.3338940739631653,
        "dc": 0.7446508407592773,
        "bgb": 0.7346468567848206,
        "lgb": 0.18246428668498993
      },
      "second_scores": {
        "mb": 0.7224318981170654,
        "db": 0.8709104657173157,
        "ml": 0.3247673809528351,
        "dl": 0.5932857394218445,
        "bg": 0.452682763338089,
        "m": 0.5526833534240723,
        "mr": 0.36422473192214966,
        "dr": 0.49427977204322815,
        "mc": 0.3338940739631653,
        "dc": 0.7446508407592773,
        "bgb": 0.7346468567848206,
        "lgb": 0.18246428668498993
      },
      "margin": {
        "mb": 0.00020939111709594727,
        "db": 0.0003834962844848633,
        "ml": 0.00018665194511413574,
        "dl": 0.0020927786827087402,
        "bg": 0.0005499124526977539,
        "m": 9.936094284057617e-05,
        "mr": 0.000190049409866333,
        "dr": 0.0004489421844482422,
        "mc": 0.0004838407039642334,
        "dc": 3.6835670471191406e-05,
        "bgb": 0.0005512237548828125,
        "lgb": 1.5437602996826172e-05
      },
      "meta": {
        "case_id": "032",
        "arch": "U",
        "fdi": 27,
        "tooth_id": 14,
        "sigma_mm": 5.0,
        "unit": "mm"
      }
    }
  },
  "meta": {
    "root": "C:\\MISC\\Deepcare\\Orthodontics\\datasets\\landmarks_dataset\\cooked\\p0\\samples"
  }
}