{
  "predictions": {
    "t27": {
      "landmarks_local": {
        "mb": [
          2.1229591369628906,
          0.6497402191162109,
          4.00295877456665
        ],
        "db": [
          4.150094985961914,
          2.4925155639648438,
          -3.786524772644043
        ],
        "ml": [
          -5.196924209594727,
          -0.35087013244628906,
          1.4822063446044922
        ],
        "dl": [
          -4.742458343505859,
          -2.211456298828125,
          -3.8168210983276367
        ],
        "bg": [
          1.0447330474853516,
          3.9638004302978516,
          4.535000324249268
        ],
        "m": [
          -6.618207931518555,
          1.9251842498779297,
          -0.19504833221435547
        ],
        "mr": [
          1.0447330474853516,
          3.9638004302978516,
          4.535000324249268
        ],
        "dr": [
          -5.619350433349609,
          -0.7796554565429688,
          -3.2625370025634766
        ],
        "mc": [
          -4.609289169311523,
          2.5646209716796875,
          3.0010499954223633
        ],
        "dc": [
          -0.5146083831787109,
          -2.220670700073242,
          -5.604846000671387
        ],
        "bgb": [
          4.542959213256836,
          4.77470588684082,
          -0.6054306030273438
        ],
        "lgb": [
          -5.4760284423828125,
          -0.5277175903320312,
          0.9043426513671875
        ]
      },
      "landmarks_global": {
        "mb": [
          2.1229591369628906,
          0.6497402191162109,
          4.00295877456665
        ],
        "db": [
          4.150094985961914,
          2.4925155639648438,
          -3.786524772644043
        ],
        "ml": [
          -5.196924209594727,
          -0.35087013244628906,
          1.4822063446044922
        ],
        "dl": [
          -4.742458343505859,
          -2.211456298828125,
          -3.8168210983276367
        ],
        "bg": [
          1.0447330474853516,
          3.9638004302978516,
          4.535000324249268
        ],
        "m": [
          -6.618207931518555,
          1.9251842498779297,
          -0.19504833221435547
        ],
        "mr": [
          1.0447330474853516,
          3.9638004302978516,
          4.535000324249268
        ],
        "dr": [
          -5.619350433349609,
          -0.7796554565429688,
          -3.2625370025634766
        ],
        "mc": [
          -4.609289169311523,
          2.5646209716796875,
          3.0010499954223633
        ],
        "dc": [
          -0.5146083831787109,
          -2.220670700073242,
          -5.604846000671387
        ],
        "bgb": [
          4.542959213256836,
          4.77470588684082,
          -0.6054306030273438
        ],
        "lgb": [
          -5.4760284423828125,
          -0.5277175903320312,
          0.9043426513671875
        ]
      },
      "indices": {
        "mb": 1651,
        "db": 2704,
        "ml": 100,
        "dl": 170,
        "bg": 19,
        "m": 1458,
        "mr": 19,
        "dr": 884,
        "mc": 2034,
        "dc": 1094,
        "bgb": 442,
        "lgb": 873
      },
      "scores": {
        "mb": 0.7748430371284485,
        "db": 0.8154628276824951,
        "ml": 0.4199789762496948,
        "dl": 0.7305794358253479,
        "bg": 0.37605082988739014,
        "m": 0.5367377400398254,
        "mr": 0.39310863614082336,
        "dr": 0.4241865575313568,
        "mc": 0.362468421459198,
        "dc": 0.7059434056282043,
        "bgb": 0.5306004881858826,
        "lgb": 0.2789187729358673
      },
      "top1": {
        "mb": 0.7748430371284485,
        "db": 0.8154628276824951,
        "ml": 0.4199789762496948,
        "dl": 0.7305794358253479,
        "bg": 0.37605082988739014,
        "m": 0.5367377400398254,
        "mr": 0.39310863614082336,
        "dr": 0.4241865575313568,
        "mc": 0.362468421459198,
        "dc": 0.7059434056282043,
        "bgb": 0.5306004881858826,
        "lgb": 0.2789187729358673
      },
      "peak_scores": {
        "mb": 0.7748430371284485,
        "db": 0.8154628276824951,
        "ml": 0.4199789762496948,
        "dl": 0.7305794358253479,
        "bg": 0.37605082988739014,
        "m": 0.5367377400398254,
        "mr": 0.39310863614082336,
        "dr": 0.4241865575313568,
        "mc": 0.362468421459198,
        "dc": 0.7059434056282043,
        "bgb": 0.5306004881858826,
        "lgb": 0.2789187729358673
      },
      "top2": {
        "mb": 0.7748198509216309,
        "db": 0.8152388334274292,
        "ml": 0.4198159873485565,
        "dl": 0.7303624153137207,
        "bg": 0.3758297860622406,
        "m": 0.5366042256355286,
        "mr": 0.39234501123428345,
        "dr": 0.4228050708770752,
        "mc": 0.36164677143096924,
        "dc": 0.7057618498802185,
        "bgb": 0.5300924181938171,
        "lgb": 0.278837114572525
      },
      "second_scores": {
        "mb": 0.7748198509216309,
        "db": 0.8152388334274292,
        "ml": 0.4198159873485565,
        "dl": 0.7303624153137207,
        "bg": 0.3758297860622406,
        "m": 0.5366042256355286,
        "mr": 0.39234501123428345,
        "dr": 0.4228050708770752,
        "mc": 0.36164677143096924,
        "dc": 0.7057618498802185,
        "bgb": 0.5300924181938171,
        "lgb": 0.278837114572525
      },
      "margin": {
        "mb": 2.3186206817626953e-05,
        "db": 0.00022399425506591797,
        "ml": 0.00016298890113830566,
        "dl": 0.00021702051162719727,
        "bg": 0.00022104382514953613,
        "m": 0.000133514404296875,
        "mr": 0.000763624906539917,
        "dr": 0.0013814866542816162,
        "mc": 0.0008216500282287598,
        "dc": 0.00018155574798583984,
        "bgb": 0.0005080699920654297,
        "lgb": 8.165836334228516e-05
      },
      "meta": {
        "case_id": "033",
        "arch": "U",
        "fdi": 27,
        "tooth_id": 14,
        "sigma_mm": 5.0,
        "unit": "mm"
      }
    }
  },
  "meta": {
    "root": "C:\\MISC\\Deepcare\\Orthodontics\\datasets\\landmarks_dataset\\cooked\\p0\\samples"
  }
}