{
  "predictions": {
    "t27": {
      "landmarks_local": {
        "mb": [
          1.1522026062011719,
          0.6583333015441895,
          4.759949684143066
        ],
        "db": [
          3.2179031372070312,
          0.05050086975097656,
          0.6284217834472656
        ],
        "ml": [
          -5.53009033203125,
          -0.4235677719116211,
          2.6147403717041016
        ],
        "dl": [
          -4.780120849609375,
          -2.241913318634033,
          -2.015748977661133
        ],
        "bg": [
          2.088685989379883,
          2.241361141204834,
          4.792511940002441
        ],
        "m": [
          -5.53009033203125,
          -0.4235677719116211,
          2.6147403717041016
        ],
        "mr": [
          -4.4208221435546875,
          0.0544743537902832,
          3.464590072631836
        ],
        "dr": [
          -2.58355712890625,
          -0.9032816886901855,
          -4.62664794921875
        ],
        "mc": [
          -3.143505096435547,
          0.023306846618652344,
          3.993917465209961
        ],
        "dc": [
          -1.1976737976074219,
          0.5303249359130859,
          -5.59086799621582
        ],
        "bgb": [
          3.75262451171875,
          3.892677068710327,
          0.059383392333984375
        ],
        "lgb": [
          -3.941314697265625,
          -1.9600796699523926,
          -2.3823719024658203
        ]
      },
      "landmarks_global": {
        "mb": [
          1.1522026062011719,
          0.6583333015441895,
          4.759949684143066
        ],
        "db": [
          3.2179031372070312,
          0.05050086975097656,
          0.6284217834472656
        ],
        "ml": [
          -5.53009033203125,
          -0.4235677719116211,
          2.6147403717041016
        ],
        "dl": [
          -4.780120849609375,
          -2.241913318634033,
          -2.015748977661133
        ],
        "bg": [
          2.088685989379883,
          2.241361141204834,
          4.792511940002441
        ],
        "m": [
          -5.53009033203125,
          -0.4235677719116211,
          2.6147403717041016
        ],
        "mr": [
          -4.4208221435546875,
          0.0544743537902832,
          3.464590072631836
        ],
        "dr": [
          -2.58355712890625,
          -0.9032816886901855,
          -4.62664794921875
        ],
        "mc": [
          -3.143505096435547,
          0.023306846618652344,
          3.993917465209961
        ],
        "dc": [
          -1.1976737976074219,
          0.5303249359130859,
          -5.59086799621582
        ],
        "bgb": [
          3.75262451171875,
          3.892677068710327,
          0.059383392333984375
        ],
        "lgb": [
          -3.941314697265625,
          -1.9600796699523926,
          -2.3823719024658203
        ]
      },
      "indices": {
        "mb": 832,
        "db": 1219,
        "ml": 2866,
        "dl": 110,
        "bg": 208,
        "m": 2866,
        "mr": 867,
        "dr": 1,
        "mc": 23,
        "dc": 318,
        "bgb": 1301,
        "lgb": 562
      },
      "scores": {
        "mb": 0.718614935874939,
        "db": 0.8667885661125183,
        "ml": 0.32576823234558105,
        "dl": 0.5477575659751892,
        "bg": 0.48939934372901917,
        "m": 0.5332692861557007,
        "mr": 0.35103967785835266,
        "dr": 0.4829134941101074,
        "mc": 0.3256395161151886,
        "dc": 0.73659747838974,
        "bgb": 0.7293230295181274,
        "lgb": 0.16927064955234528
      },
      "top1": {
        "mb": 0.718614935874939,
        "db": 0.8667885661125183,
        "ml": 0.32576823234558105,
        "dl": 0.5477575659751892,
        "bg": 0.48939934372901917,
        "m": 0.5332692861557007,
        "mr": 0.35103967785835266,
        "dr": 0.4829134941101074,
        "mc": 0.3256395161151886,
        "dc": 0.73659747838974,
        "bgb": 0.7293230295181274,
        "lgb": 0.16927064955234528
      },
      "peak_scores": {
        "mb": 0.718614935874939,
        "db": 0.8667885661125183,
        "ml": 0.32576823234558105,
        "dl": 0.5477575659751892,
        "bg": 0.48939934372901917,
        "m": 0.5332692861557007,
        "mr": 0.35103967785835266,
        "dr": 0.4829134941101074,
        "mc": 0.3256395161151886,
        "dc": 0.73659747838974,
        "bgb": 0.7293230295181274,
        "lgb": 0.16927064955234528
      },
      "top2": {
        "mb": 0.7182713747024536,
        "db": 0.8665817975997925,
        "ml": 0.32575955986976624,
        "dl": 0.547649621963501,
        "bg": 0.4880802631378174,
        "m": 0.5332071781158447,
        "mr": 0.3508535325527191,
        "dr": 0.4814456105232239,
        "mc": 0.32520925998687744,
        "dc": 0.7357375025749207,
        "bgb": 0.7291700839996338,
        "lgb": 0.16909152269363403
      },
      "second_scores": {
        "mb": 0.7182713747024536,
        "db": 0.8665817975997925,
        "ml": 0.32575955986976624,
        "dl": 0.547649621963501,
        "bg": 0.4880802631378174,
        "m": 0.5332071781158447,
        "mr": 0.3508535325527191,
        "dr": 0.4814456105232239,
        "mc": 0.32520925998687744,
        "dc": 0.7357375025749207,
        "bgb": 0.7291700839996338,
        "lgb": 0.16909152269363403
      },
      "margin": {
        "mb": 0.00034356117248535156,
        "db": 0.00020676851272583008,
        "ml": 8.672475814819336e-06,
        "dl": 0.00010794401168823242,
        "bg": 0.0013190805912017822,
        "m": 6.210803985595703e-05,
        "mr": 0.00018614530563354492,
        "dr": 0.001467883586883545,
        "mc": 0.0004302561283111572,
        "dc": 0.0008599758148193359,
        "bgb": 0.00015294551849365234,
        "lgb": 0.00017912685871124268
      },
      "meta": {
        "case_id": "034",
        "arch": "U",
        "fdi": 27,
        "tooth_id": 14,
        "sigma_mm": 5.0,
        "unit": "mm"
      }
    }
  },
  "meta": {
    "root": "C:\\MISC\\Deepcare\\Orthodontics\\datasets\\landmarks_dataset\\cooked\\p0\\samples"
  }
}