{
  "predictions": {
    "t27": {
      "landmarks_local": {
        "mb": [
          0.8945884704589844,
          1.0080537796020508,
          5.5870513916015625
        ],
        "db": [
          4.784563064575195,
          3.5892858505249023,
          -1.9317913055419922
        ],
        "ml": [
          -4.688808441162109,
          -1.4648456573486328,
          2.536489486694336
        ],
        "dl": [
          -4.920022964477539,
          -1.7228775024414062,
          -4.318719863891602
        ],
        "bg": [
          2.175630569458008,
          2.3056859970092773,
          5.375424385070801
        ],
        "m": [
          -7.023410797119141,
          0.9148683547973633,
          1.7148628234863281
        ],
        "mr": [
          -4.646905899047852,
          1.2455196380615234,
          4.143638610839844
        ],
        "dr": [
          -3.1170616149902344,
          -0.7817821502685547,
          -5.33711051940918
        ],
        "mc": [
          -4.646905899047852,
          1.2455196380615234,
          4.143638610839844
        ],
        "dc": [
          -3.1170616149902344,
          -0.7817821502685547,
          -5.33711051940918
        ],
        "bgb": [
          5.5984649658203125,
          4.652570724487305,
          0.287567138671875
        ],
        "lgb": [
          -5.275997161865234,
          -1.6485652923583984,
          0.26409912109375
        ]
      },
      "landmarks_global": {
        "mb": [
          0.8945884704589844,
          1.0080537796020508,
          5.5870513916015625
        ],
        "db": [
          4.784563064575195,
          3.5892858505249023,
          -1.9317913055419922
        ],
        "ml": [
          -4.688808441162109,
          -1.4648456573486328,
          2.536489486694336
        ],
        "dl": [
          -4.920022964477539,
          -1.7228775024414062,
          -4.318719863891602
        ],
        "bg": [
          2.175630569458008,
          2.3056859970092773,
          5.375424385070801
        ],
        "m": [
          -7.023410797119141,
          0.9148683547973633,
          1.7148628234863281
        ],
        "mr": [
          -4.646905899047852,
          1.2455196380615234,
          4.143638610839844
        ],
        "dr": [
          -3.1170616149902344,
          -0.7817821502685547,
          -5.33711051940918
        ],
        "mc": [
          -4.646905899047852,
          1.2455196380615234,
          4.143638610839844
        ],
        "dc": [
          -3.1170616149902344,
          -0.7817821502685547,
          -5.33711051940918
        ],
        "bgb": [
          5.5984649658203125,
          4.652570724487305,
          0.287567138671875
        ],
        "lgb": [
          -5.275997161865234,
          -1.6485652923583984,
          0.26409912109375
        ]
      },
      "indices": {
        "mb": 729,
        "db": 2968,
        "ml": 1242,
        "dl": 424,
        "bg": 1666,
        "m": 0,
        "mr": 109,
        "dr": 932,
        "mc": 109,
        "dc": 932,
        "bgb": 664,
        "lgb": 2823
      },
      "scores": {
        "mb": 0.738142192363739,
        "db": 0.867243230342865,
        "ml": 0.34089624881744385,
        "dl": 0.6439185738563538,
        "bg": 0.4059237837791443,
        "m": 0.5384991765022278,
        "mr": 0.3680482506752014,
        "dr": 0.4857286810874939,
        "mc": 0.3116901218891144,
        "dc": 0.7537259459495544,
        "bgb": 0.6706486344337463,
        "lgb": 0.19832205772399902
      },
      "top1": {
        "mb": 0.738142192363739,
        "db": 0.867243230342865,
        "ml": 0.34089624881744385,
        "dl": 0.6439185738563538,
        "bg": 0.4059237837791443,
        "m": 0.5384991765022278,
        "mr": 0.3680482506752014,
        "dr": 0.4857286810874939,
        "mc": 0.3116901218891144,
        "dc": 0.7537259459495544,
        "bgb": 0.6706486344337463,
        "lgb": 0.19832205772399902
      },
      "peak_scores": {
        "mb": 0.738142192363739,
        "db": 0.867243230342865,
        "ml": 0.34089624881744385,
        "dl": 0.6439185738563538,
        "bg": 0.4059237837791443,
        "m": 0.5384991765022278,
        "mr": 0.3680482506752014,
        "dr": 0.4857286810874939,
        "mc": 0.3116901218891144,
        "dc": 0.7537259459495544,
        "bgb": 0.6706486344337463,
        "lgb": 0.19832205772399902
      },
      "top2": {
        "mb": 0.7381012439727783,
        "db": 0.8671237230300903,
        "ml": 0.34055811166763306,
        "dl": 0.6435557007789612,
        "bg": 0.40579283237457275,
        "m": 0.5370048880577087,
        "mr": 0.3672093451023102,
        "dr": 0.485551655292511,
        "mc": 0.31093767285346985,
        "dc": 0.7535915374755859,
        "bgb": 0.6695282459259033,
        "lgb": 0.1981910616159439
      },
      "second_scores": {
        "mb": 0.7381012439727783,
        "db": 0.8671237230300903,
        "ml": 0.34055811166763306,
        "dl": 0.6435557007789612,
        "bg": 0.40579283237457275,
        "m": 0.5370048880577087,
        "mr": 0.3672093451023102,
        "dr": 0.485551655292511,
        "mc": 0.31093767285346985,
        "dc": 0.7535915374755859,
        "bgb": 0.6695282459259033,
        "lgb": 0.1981910616159439
      },
      "margin": {
        "mb": 4.094839096069336e-05,
        "db": 0.0001195073127746582,
        "ml": 0.000338137149810791,
        "dl": 0.0003628730773925781,
        "bg": 0.0001309514045715332,
        "m": 0.001494288444519043,
        "mr": 0.0008389055728912354,
        "dr": 0.00017702579498291016,
        "mc": 0.0007524490356445312,
        "dc": 0.00013440847396850586,
        "bgb": 0.0011203885078430176,
        "lgb": 0.00013099610805511475
      },
      "meta": {
        "case_id": "035",
        "arch": "U",
        "fdi": 27,
        "tooth_id": 14,
        "sigma_mm": 5.0,
        "unit": "mm"
      }
    }
  },
  "meta": {
    "root": "C:\\MISC\\Deepcare\\Orthodontics\\datasets\\landmarks_dataset\\cooked\\p0\\samples"
  }
}