{
  "predictions": {
    "t27": {
      "landmarks_local": {
        "mb": [
          2.0188751220703125,
          0.10827255249023438,
          5.016336917877197
        ],
        "db": [
          5.084070205688477,
          2.500814437866211,
          -2.80936861038208
        ],
        "ml": [
          -4.990684509277344,
          -0.4067058563232422,
          1.1155545711517334
        ],
        "dl": [
          -4.675559997558594,
          -1.771322250366211,
          -2.4568052291870117
        ],
        "bg": [
          1.9231071472167969,
          4.062100410461426,
          4.4450883865356445
        ],
        "m": [
          -6.162313461303711,
          2.279123306274414,
          -0.8542170524597168
        ],
        "mr": [
          -0.8933181762695312,
          1.9022884368896484,
          5.097468376159668
        ],
        "dr": [
          -3.6752586364746094,
          1.469696044921875,
          -5.345107078552246
        ],
        "mc": [
          -5.831363677978516,
          2.1968631744384766,
          0.7216799259185791
        ],
        "dc": [
          -2.126394271850586,
          0.6073818206787109,
          -5.958003997802734
        ],
        "bgb": [
          4.307529449462891,
          4.491894721984863,
          2.537282943725586
        ],
        "lgb": [
          -5.428680419921875,
          -1.1176319122314453,
          -0.5883417129516602
        ]
      },
      "landmarks_global": {
        "mb": [
          2.0188751220703125,
          0.10827255249023438,
          5.016336917877197
        ],
        "db": [
          5.084070205688477,
          2.500814437866211,
          -2.80936861038208
        ],
        "ml": [
          -4.990684509277344,
          -0.4067058563232422,
          1.1155545711517334
        ],
        "dl": [
          -4.675559997558594,
          -1.771322250366211,
          -2.4568052291870117
        ],
        "bg": [
          1.9231071472167969,
          4.062100410461426,
          4.4450883865356445
        ],
        "m": [
          -6.162313461303711,
          2.279123306274414,
          -0.8542170524597168
        ],
        "mr": [
          -0.8933181762695312,
          1.9022884368896484,
          5.097468376159668
        ],
        "dr": [
          -3.6752586364746094,
          1.469696044921875,
          -5.345107078552246
        ],
        "mc": [
          -5.831363677978516,
          2.1968631744384766,
          0.7216799259185791
        ],
        "dc": [
          -2.126394271850586,
          0.6073818206787109,
          -5.958003997802734
        ],
        "bgb": [
          4.307529449462891,
          4.491894721984863,
          2.537282943725586
        ],
        "lgb": [
          -5.428680419921875,
          -1.1176319122314453,
          -0.5883417129516602
        ]
      },
      "indices": {
        "mb": 1785,
        "db": 1763,
        "ml": 244,
        "dl": 625,
        "bg": 952,
        "m": 1215,
        "mr": 40,
        "dr": 328,
        "mc": 1638,
        "dc": 351,
        "bgb": 2090,
        "lgb": 923
      },
      "scores": {
        "mb": 0.8122342824935913,
        "db": 0.7812051773071289,
        "ml": 0.45287230610847473,
        "dl": 0.7085357308387756,
        "bg": 0.4207247197628021,
        "m": 0.4801262319087982,
        "mr": 0.4262343645095825,
        "dr": 0.39752525091171265,
        "mc": 0.4044739603996277,
        "dc": 0.6824201345443726,
        "bgb": 0.5321832299232483,
        "lgb": 0.28710007667541504
      },
      "top1": {
        "mb": 0.8122342824935913,
        "db": 0.7812051773071289,
        "ml": 0.45287230610847473,
        "dl": 0.7085357308387756,
        "bg": 0.4207247197628021,
        "m": 0.4801262319087982,
        "mr": 0.4262343645095825,
        "dr": 0.39752525091171265,
        "mc": 0.4044739603996277,
        "dc": 0.6824201345443726,
        "bgb": 0.5321832299232483,
        "lgb": 0.28710007667541504
      },
      "peak_scores": {
        "mb": 0.8122342824935913,
        "db": 0.7812051773071289,
        "ml": 0.45287230610847473,
        "dl": 0.7085357308387756,
        "bg": 0.4207247197628021,
        "m": 0.4801262319087982,
        "mr": 0.4262343645095825,
        "dr": 0.39752525091171265,
        "mc": 0.4044739603996277,
        "dc": 0.6824201345443726,
        "bgb": 0.5321832299232483,
        "lgb": 0.28710007667541504
      },
      "top2": {
        "mb": 0.8121825456619263,
        "db": 0.7811205387115479,
        "ml": 0.4527570307254791,
        "dl": 0.708528459072113,
        "bg": 0.42027750611305237,
        "m": 0.47975048422813416,
        "mr": 0.42534688115119934,
        "dr": 0.39726805686950684,
        "mc": 0.4037758409976959,
        "dc": 0.6823449730873108,
        "bgb": 0.5319635272026062,
        "lgb": 0.28665703535079956
      },
      "second_scores": {
        "mb": 0.8121825456619263,
        "db": 0.7811205387115479,
        "ml": 0.4527570307254791,
        "dl": 0.708528459072113,
        "bg": 0.42027750611305237,
        "m": 0.47975048422813416,
        "mr": 0.42534688115119934,
        "dr": 0.39726805686950684,
        "mc": 0.4037758409976959,
        "dc": 0.6823449730873108,
        "bgb": 0.5319635272026062,
        "lgb": 0.28665703535079956
      },
      "margin": {
        "mb": 5.173683166503906e-05,
        "db": 8.463859558105469e-05,
        "ml": 0.00011527538299560547,
        "dl": 7.271766662597656e-06,
        "bg": 0.00044721364974975586,
        "m": 0.0003757476806640625,
        "mr": 0.0008874833583831787,
        "dr": 0.00025719404220581055,
        "mc": 0.0006981194019317627,
        "dc": 7.516145706176758e-05,
        "bgb": 0.00021970272064208984,
        "lgb": 0.0004430413246154785
      },
      "meta": {
        "case_id": "036",
        "arch": "U",
        "fdi": 27,
        "tooth_id": 14,
        "sigma_mm": 5.0,
        "unit": "mm"
      }
    }
  },
  "meta": {
    "root": "C:\\MISC\\Deepcare\\Orthodontics\\datasets\\landmarks_dataset\\cooked\\p0\\samples"
  }
}