{
  "predictions": {
    "t27": {
      "landmarks_local": {
        "mb": [
          2.539813995361328,
          0.12727832794189453,
          4.0657196044921875
        ],
        "db": [
          3.5857582092285156,
          2.869935989379883,
          -3.1696605682373047
        ],
        "ml": [
          -4.367267608642578,
          -1.7295961380004883,
          0.7490177154541016
        ],
        "dl": [
          -3.1440467834472656,
          -1.0616827011108398,
          -4.86224365234375
        ],
        "bg": [
          2.5082263946533203,
          2.9615001678466797,
          4.541045188903809
        ],
        "m": [
          -5.970884323120117,
          1.0577478408813477,
          0.5375461578369141
        ],
        "mr": [
          -4.329072952270508,
          1.858872413635254,
          3.2087020874023438
        ],
        "dr": [
          -2.607637405395508,
          -0.9900026321411133,
          -5.227071762084961
        ],
        "mc": [
          1.2473793029785156,
          2.521969795227051,
          5.200874328613281
        ],
        "dc": [
          -2.3973350524902344,
          -0.9196882247924805,
          -5.281913757324219
        ],
        "bgb": [
          4.804538726806641,
          3.757481575012207,
          0.9954662322998047
        ],
        "lgb": [
          -4.848552703857422,
          -1.5631189346313477,
          -0.6506252288818359
        ]
      },
      "landmarks_global": {
        "mb": [
          2.539813995361328,
          0.12727832794189453,
          4.0657196044921875
        ],
        "db": [
          3.5857582092285156,
          2.869935989379883,
          -3.1696605682373047
        ],
        "ml": [
          -4.367267608642578,
          -1.7295961380004883,
          0.7490177154541016
        ],
        "dl": [
          -3.1440467834472656,
          -1.0616827011108398,
          -4.86224365234375
        ],
        "bg": [
          2.5082263946533203,
          2.9615001678466797,
          4.541045188903809
        ],
        "m": [
          -5.970884323120117,
          1.0577478408813477,
          0.5375461578369141
        ],
        "mr": [
          -4.329072952270508,
          1.858872413635254,
          3.2087020874023438
        ],
        "dr": [
          -2.607637405395508,
          -0.9900026321411133,
          -5.227071762084961
        ],
        "mc": [
          1.2473793029785156,
          2.521969795227051,
          5.200874328613281
        ],
        "dc": [
          -2.3973350524902344,
          -0.9196882247924805,
          -5.281913757324219
        ],
        "bgb": [
          4.804538726806641,
          3.757481575012207,
          0.9954662322998047
        ],
        "lgb": [
          -4.848552703857422,
          -1.5631189346313477,
          -0.6506252288818359
        ]
      },
      "indices": {
        "mb": 664,
        "db": 1661,
        "ml": 1490,
        "dl": 493,
        "bg": 584,
        "m": 2561,
        "mr": 736,
        "dr": 2727,
        "mc": 1134,
        "dc": 523,
        "bgb": 9,
        "lgb": 1438
      },
      "scores": {
        "mb": 0.7419925332069397,
        "db": 0.8626201152801514,
        "ml": 0.3388501703739166,
        "dl": 0.6230979561805725,
        "bg": 0.4040779173374176,
        "m": 0.5085412263870239,
        "mr": 0.37526175379753113,
        "dr": 0.465934693813324,
        "mc": 0.3122849464416504,
        "dc": 0.7478710412979126,
        "bgb": 0.6438223719596863,
        "lgb": 0.19834445416927338
      },
      "top1": {
        "mb": 0.7419925332069397,
        "db": 0.8626201152801514,
        "ml": 0.3388501703739166,
        "dl": 0.6230979561805725,
        "bg": 0.4040779173374176,
        "m": 0.5085412263870239,
        "mr": 0.37526175379753113,
        "dr": 0.465934693813324,
        "mc": 0.3122849464416504,
        "dc": 0.7478710412979126,
        "bgb": 0.6438223719596863,
        "lgb": 0.19834445416927338
      },
      "peak_scores": {
        "mb": 0.7419925332069397,
        "db": 0.8626201152801514,
        "ml": 0.3388501703739166,
        "dl": 0.6230979561805725,
        "bg": 0.4040779173374176,
        "m": 0.5085412263870239,
        "mr": 0.37526175379753113,
        "dr": 0.465934693813324,
        "mc": 0.3122849464416504,
        "dc": 0.7478710412979126,
        "bgb": 0.6438223719596863,
        "lgb": 0.19834445416927338
      },
      "top2": {
        "mb": 0.741775393486023,
        "db": 0.862598180770874,
        "ml": 0.3385087251663208,
        "dl": 0.6229589581489563,
        "bg": 0.4035232365131378,
        "m": 0.5083027482032776,
        "mr": 0.3739098608493805,
        "dr": 0.4654224216938019,
        "mc": 0.31118160486221313,
        "dc": 0.7478442192077637,
        "bgb": 0.6436872482299805,
        "lgb": 0.198238343000412
      },
      "second_scores": {
        "mb": 0.741775393486023,
        "db": 0.862598180770874,
        "ml": 0.3385087251663208,
        "dl": 0.6229589581489563,
        "bg": 0.4035232365131378,
        "m": 0.5083027482032776,
        "mr": 0.3739098608493805,
        "dr": 0.4654224216938019,
        "mc": 0.31118160486221313,
        "dc": 0.7478442192077637,
        "bgb": 0.6436872482299805,
        "lgb": 0.198238343000412
      },
      "margin": {
        "mb": 0.00021713972091674805,
        "db": 2.193450927734375e-05,
        "ml": 0.0003414452075958252,
        "dl": 0.00013899803161621094,
        "bg": 0.0005546808242797852,
        "m": 0.0002384781837463379,
        "mr": 0.0013518929481506348,
        "dr": 0.0005122721195220947,
        "mc": 0.0011033415794372559,
        "dc": 2.682209014892578e-05,
        "bgb": 0.00013512372970581055,
        "lgb": 0.00010611116886138916
      },
      "meta": {
        "case_id": "037",
        "arch": "U",
        "fdi": 27,
        "tooth_id": 14,
        "sigma_mm": 5.0,
        "unit": "mm"
      }
    }
  },
  "meta": {
    "root": "C:\\MISC\\Deepcare\\Orthodontics\\datasets\\landmarks_dataset\\cooked\\p0\\samples"
  }
}