{
  "predictions": {
    "t27": {
      "landmarks_local": {
        "mb": [
          1.47314453125,
          0.5629568099975586,
          5.152152061462402
        ],
        "db": [
          3.731107711791992,
          1.0218486785888672,
          -3.4883623123168945
        ],
        "ml": [
          -5.872400283813477,
          -0.1586465835571289,
          1.0077028274536133
        ],
        "dl": [
          -5.709630966186523,
          -0.4889202117919922,
          -3.43422794342041
        ],
        "bg": [
          1.5936260223388672,
          2.3487730026245117,
          5.195096969604492
        ],
        "m": [
          -7.020524978637695,
          1.0796394348144531,
          -0.37885189056396484
        ],
        "mr": [
          -5.315340042114258,
          1.2997312545776367,
          2.5279312133789062
        ],
        "dr": [
          -4.655637741088867,
          -0.8100385665893555,
          -4.013340950012207
        ],
        "mc": [
          -4.718072891235352,
          0.9628992080688477,
          3.0019235610961914
        ],
        "dc": [
          -2.8833866119384766,
          -0.7580900192260742,
          -4.846896171569824
        ],
        "bgb": [
          4.572727203369141,
          4.304381847381592,
          -0.620697021484375
        ],
        "lgb": [
          -5.124982833862305,
          -1.349146842956543,
          -2.4769105911254883
        ]
      },
      "landmarks_global": {
        "mb": [
          1.47314453125,
          0.5629568099975586,
          5.152152061462402
        ],
        "db": [
          3.731107711791992,
          1.0218486785888672,
          -3.4883623123168945
        ],
        "ml": [
          -5.872400283813477,
          -0.1586465835571289,
          1.0077028274536133
        ],
        "dl": [
          -5.709630966186523,
          -0.4889202117919922,
          -3.43422794342041
        ],
        "bg": [
          1.5936260223388672,
          2.3487730026245117,
          5.195096969604492
        ],
        "m": [
          -7.020524978637695,
          1.0796394348144531,
          -0.37885189056396484
        ],
        "mr": [
          -5.315340042114258,
          1.2997312545776367,
          2.5279312133789062
        ],
        "dr": [
          -4.655637741088867,
          -0.8100385665893555,
          -4.013340950012207
        ],
        "mc": [
          -4.718072891235352,
          0.9628992080688477,
          3.0019235610961914
        ],
        "dc": [
          -2.8833866119384766,
          -0.7580900192260742,
          -4.846896171569824
        ],
        "bgb": [
          4.572727203369141,
          4.304381847381592,
          -0.620697021484375
        ],
        "lgb": [
          -5.124982833862305,
          -1.349146842956543,
          -2.4769105911254883
        ]
      },
      "indices": {
        "mb": 452,
        "db": 2565,
        "ml": 806,
        "dl": 10,
        "bg": 2298,
        "m": 307,
        "mr": 2213,
        "dr": 630,
        "mc": 1548,
        "dc": 424,
        "bgb": 1,
        "lgb": 1186
      },
      "scores": {
        "mb": 0.7538430094718933,
        "db": 0.8741355538368225,
        "ml": 0.3454442620277405,
        "dl": 0.5615415573120117,
        "bg": 0.4506504237651825,
        "m": 0.5412237644195557,
        "mr": 0.37940922379493713,
        "dr": 0.4302038550376892,
        "mc": 0.31522858142852783,
        "dc": 0.7138375639915466,
        "bgb": 0.6945033073425293,
        "lgb": 0.19739331305027008
      },
      "top1": {
        "mb": 0.7538430094718933,
        "db": 0.8741355538368225,
        "ml": 0.3454442620277405,
        "dl": 0.5615415573120117,
        "bg": 0.4506504237651825,
        "m": 0.5412237644195557,
        "mr": 0.37940922379493713,
        "dr": 0.4302038550376892,
        "mc": 0.31522858142852783,
        "dc": 0.7138375639915466,
        "bgb": 0.6945033073425293,
        "lgb": 0.19739331305027008
      },
      "peak_scores": {
        "mb": 0.7538430094718933,
        "db": 0.8741355538368225,
        "ml": 0.3454442620277405,
        "dl": 0.5615415573120117,
        "bg": 0.4506504237651825,
        "m": 0.5412237644195557,
        "mr": 0.37940922379493713,
        "dr": 0.4302038550376892,
        "mc": 0.31522858142852783,
        "dc": 0.7138375639915466,
        "bgb": 0.6945033073425293,
        "lgb": 0.19739331305027008
      },
      "top2": {
        "mb": 0.7537462711334229,
        "db": 0.8740799427032471,
        "ml": 0.3453855514526367,
        "dl": 0.5612119436264038,
        "bg": 0.45037582516670227,
        "m": 0.5408315062522888,
        "mr": 0.37857940793037415,
        "dr": 0.43007317185401917,
        "mc": 0.31471672654151917,
        "dc": 0.7137962579727173,
        "bgb": 0.6919317245483398,
        "lgb": 0.19712449610233307
      },
      "second_scores": {
        "mb": 0.7537462711334229,
        "db": 0.8740799427032471,
        "ml": 0.3453855514526367,
        "dl": 0.5612119436264038,
        "bg": 0.45037582516670227,
        "m": 0.5408315062522888,
        "mr": 0.37857940793037415,
        "dr": 0.43007317185401917,
        "mc": 0.31471672654151917,
        "dc": 0.7137962579727173,
        "bgb": 0.6919317245483398,
        "lgb": 0.19712449610233307
      },
      "margin": {
        "mb": 9.673833847045898e-05,
        "db": 5.561113357543945e-05,
        "ml": 5.8710575103759766e-05,
        "dl": 0.00032961368560791016,
        "bg": 0.0002745985984802246,
        "m": 0.0003922581672668457,
        "mr": 0.0008298158645629883,
        "dr": 0.00013068318367004395,
        "mc": 0.000511854887008667,
        "dc": 4.13060188293457e-05,
        "bgb": 0.002571582794189453,
        "lgb": 0.0002688169479370117
      },
      "meta": {
        "case_id": "038",
        "arch": "U",
        "fdi": 27,
        "tooth_id": 14,
        "sigma_mm": 5.0,
        "unit": "mm"
      }
    }
  },
  "meta": {
    "root": "C:\\MISC\\Deepcare\\Orthodontics\\datasets\\landmarks_dataset\\cooked\\p0\\samples"
  }
}