{
  "predictions": {
    "t27": {
      "landmarks_local": {
        "mb": [
          0.7886714935302734,
          2.3347926139831543,
          4.207613945007324
        ],
        "db": [
          2.937620162963867,
          0.733860969543457,
          -2.5842857360839844
        ],
        "ml": [
          -5.799249649047852,
          -1.1957263946533203,
          1.9771308898925781
        ],
        "dl": [
          -3.738109588623047,
          -3.0469350814819336,
          -3.9867820739746094
        ],
        "bg": [
          1.4935569763183594,
          3.759385108947754,
          3.771411895751953
        ],
        "m": [
          -6.099201202392578,
          -1.0847835540771484,
          1.736196517944336
        ],
        "mr": [
          -1.5328445434570312,
          2.1819467544555664,
          4.1348676681518555
        ],
        "dr": [
          -3.170665740966797,
          -2.7514419555664062,
          -4.438373565673828
        ],
        "mc": [
          -1.3290786743164062,
          2.476990222930908,
          4.11539363861084
        ],
        "dc": [
          -3.170665740966797,
          -2.7514419555664062,
          -4.438373565673828
        ],
        "bgb": [
          2.255952835083008,
          6.025793075561523,
          -0.13273048400878906
        ],
        "lgb": [
          -4.588348388671875,
          -3.1075925827026367,
          -2.5907020568847656
        ]
      },
      "landmarks_global": {
        "mb": [
          0.7886714935302734,
          2.3347926139831543,
          4.207613945007324
        ],
        "db": [
          2.937620162963867,
          0.733860969543457,
          -2.5842857360839844
        ],
        "ml": [
          -5.799249649047852,
          -1.1957263946533203,
          1.9771308898925781
        ],
        "dl": [
          -3.738109588623047,
          -3.0469350814819336,
          -3.9867820739746094
        ],
        "bg": [
          1.4935569763183594,
          3.759385108947754,
          3.771411895751953
        ],
        "m": [
          -6.099201202392578,
          -1.0847835540771484,
          1.736196517944336
        ],
        "mr": [
          -1.5328445434570312,
          2.1819467544555664,
          4.1348676681518555
        ],
        "dr": [
          -3.170665740966797,
          -2.7514419555664062,
          -4.438373565673828
        ],
        "mc": [
          -1.3290786743164062,
          2.476990222930908,
          4.11539363861084
        ],
        "dc": [
          -3.170665740966797,
          -2.7514419555664062,
          -4.438373565673828
        ],
        "bgb": [
          2.255952835083008,
          6.025793075561523,
          -0.13273048400878906
        ],
        "lgb": [
          -4.588348388671875,
          -3.1075925827026367,
          -2.5907020568847656
        ]
      },
      "indices": {
        "mb": 1301,
        "db": 2136,
        "ml": 2526,
        "dl": 2303,
        "bg": 182,
        "m": 1179,
        "mr": 2239,
        "dr": 2768,
        "mc": 2746,
        "dc": 2768,
        "bgb": 215,
        "lgb": 785
      },
      "scores": {
        "mb": 0.7165523767471313,
        "db": 0.8673840165138245,
        "ml": 0.3280171751976013,
        "dl": 0.5700113773345947,
        "bg": 0.4719957709312439,
        "m": 0.5330608487129211,
        "mr": 0.3390880227088928,
        "dr": 0.4599165916442871,
        "mc": 0.32706418633461,
        "dc": 0.7293362617492676,
        "bgb": 0.733065664768219,
        "lgb": 0.19160310924053192
      },
      "top1": {
        "mb": 0.7165523767471313,
        "db": 0.8673840165138245,
        "ml": 0.3280171751976013,
        "dl": 0.5700113773345947,
        "bg": 0.4719957709312439,
        "m": 0.5330608487129211,
        "mr": 0.3390880227088928,
        "dr": 0.4599165916442871,
        "mc": 0.32706418633461,
        "dc": 0.7293362617492676,
        "bgb": 0.733065664768219,
        "lgb": 0.19160310924053192
      },
      "peak_scores": {
        "mb": 0.7165523767471313,
        "db": 0.8673840165138245,
        "ml": 0.3280171751976013,
        "dl": 0.5700113773345947,
        "bg": 0.4719957709312439,
        "m": 0.5330608487129211,
        "mr": 0.3390880227088928,
        "dr": 0.4599165916442871,
        "mc": 0.32706418633461,
        "dc": 0.7293362617492676,
        "bgb": 0.733065664768219,
        "lgb": 0.19160310924053192
      },
      "top2": {
        "mb": 0.7161657214164734,
        "db": 0.867372989654541,
        "ml": 0.32782238721847534,
        "dl": 0.5696377158164978,
        "bg": 0.4719732999801636,
        "m": 0.5317808389663696,
        "mr": 0.33877548575401306,
        "dr": 0.4594380259513855,
        "mc": 0.3268625736236572,
        "dc": 0.7286311984062195,
        "bgb": 0.73222815990448,
        "lgb": 0.19130657613277435
      },
      "second_scores": {
        "mb": 0.7161657214164734,
        "db": 0.867372989654541,
        "ml": 0.32782238721847534,
        "dl": 0.5696377158164978,
        "bg": 0.4719732999801636,
        "m": 0.5317808389663696,
        "mr": 0.33877548575401306,
        "dr": 0.4594380259513855,
        "mc": 0.3268625736236572,
        "dc": 0.7286311984062195,
        "bgb": 0.73222815990448,
        "lgb": 0.19130657613277435
      },
      "margin": {
        "mb": 0.000386655330657959,
        "db": 1.1026859283447266e-05,
        "ml": 0.00019478797912597656,
        "dl": 0.00037366151809692383,
        "bg": 2.2470951080322266e-05,
        "m": 0.0012800097465515137,
        "mr": 0.00031253695487976074,
        "dr": 0.00047856569290161133,
        "mc": 0.0002016127109527588,
        "dc": 0.0007050633430480957,
        "bgb": 0.0008375048637390137,
        "lgb": 0.00029653310775756836
      },
      "meta": {
        "case_id": "039",
        "arch": "U",
        "fdi": 27,
        "tooth_id": 14,
        "sigma_mm": 5.0,
        "unit": "mm"
      }
    }
  },
  "meta": {
    "root": "C:\\MISC\\Deepcare\\Orthodontics\\datasets\\landmarks_dataset\\cooked\\p0\\samples"
  }
}