{
  "predictions": {
    "t27": {
      "landmarks_local": {
        "mb": [
          1.1904678344726562,
          2.21677565574646,
          4.6528167724609375
        ],
        "db": [
          3.3033504486083984,
          -1.0832066535949707,
          -2.9424362182617188
        ],
        "ml": [
          -4.830156326293945,
          -1.4746594429016113,
          1.4997529983520508
        ],
        "dl": [
          -2.925628662109375,
          -2.003995895385742,
          -4.557050704956055
        ],
        "bg": [
          0.9500675201416016,
          2.4222934246063232,
          4.6575164794921875
        ],
        "m": [
          -6.577463150024414,
          0.18034791946411133,
          0.15091419219970703
        ],
        "mr": [
          -4.715730667114258,
          1.414818286895752,
          3.0342931747436523
        ],
        "dr": [
          -2.925628662109375,
          -2.003995895385742,
          -4.557050704956055
        ],
        "mc": [
          -4.715730667114258,
          1.414818286895752,
          3.0342931747436523
        ],
        "dc": [
          -2.925628662109375,
          -2.003995895385742,
          -4.557050704956055
        ],
        "bgb": [
          3.587190628051758,
          4.899044513702393,
          0.8454246520996094
        ],
        "lgb": [
          -4.518196105957031,
          -1.668302059173584,
          -2.4376144409179688
        ]
      },
      "landmarks_global": {
        "mb": [
          1.1904678344726562,
          2.21677565574646,
          4.6528167724609375
        ],
        "db": [
          3.3033504486083984,
          -1.0832066535949707,
          -2.9424362182617188
        ],
        "ml": [
          -4.830156326293945,
          -1.4746594429016113,
          1.4997529983520508
        ],
        "dl": [
          -2.925628662109375,
          -2.003995895385742,
          -4.557050704956055
        ],
        "bg": [
          0.9500675201416016,
          2.4222934246063232,
          4.6575164794921875
        ],
        "m": [
          -6.577463150024414,
          0.18034791946411133,
          0.15091419219970703
        ],
        "mr": [
          -4.715730667114258,
          1.414818286895752,
          3.0342931747436523
        ],
        "dr": [
          -2.925628662109375,
          -2.003995895385742,
          -4.557050704956055
        ],
        "mc": [
          -4.715730667114258,
          1.414818286895752,
          3.0342931747436523
        ],
        "dc": [
          -2.925628662109375,
          -2.003995895385742,
          -4.557050704956055
        ],
        "bgb": [
          3.587190628051758,
          4.899044513702393,
          0.8454246520996094
        ],
        "lgb": [
          -4.518196105957031,
          -1.668302059173584,
          -2.4376144409179688
        ]
      },
      "indices": {
        "mb": 959,
        "db": 1793,
        "ml": 1122,
        "dl": 1557,
        "bg": 434,
        "m": 0,
        "mr": 513,
        "dr": 1557,
        "mc": 513,
        "dc": 1557,
        "bgb": 1531,
        "lgb": 1133
      },
      "scores": {
        "mb": 0.7538961172103882,
        "db": 0.874755322933197,
        "ml": 0.3789397180080414,
        "dl": 0.4937255382537842,
        "bg": 0.506951093673706,
        "m": 0.5552933812141418,
        "mr": 0.39551791548728943,
        "dr": 0.3902277946472168,
        "mc": 0.3091534376144409,
        "dc": 0.6709141731262207,
        "bgb": 0.7291243672370911,
        "lgb": 0.2020263373851776
      },
      "top1": {
        "mb": 0.7538961172103882,
        "db": 0.874755322933197,
        "ml": 0.3789397180080414,
        "dl": 0.4937255382537842,
        "bg": 0.506951093673706,
        "m": 0.5552933812141418,
        "mr": 0.39551791548728943,
        "dr": 0.3902277946472168,
        "mc": 0.3091534376144409,
        "dc": 0.6709141731262207,
        "bgb": 0.7291243672370911,
        "lgb": 0.2020263373851776
      },
      "peak_scores": {
        "mb": 0.7538961172103882,
        "db": 0.874755322933197,
        "ml": 0.3789397180080414,
        "dl": 0.4937255382537842,
        "bg": 0.506951093673706,
        "m": 0.5552933812141418,
        "mr": 0.39551791548728943,
        "dr": 0.3902277946472168,
        "mc": 0.3091534376144409,
        "dc": 0.6709141731262207,
        "bgb": 0.7291243672370911,
        "lgb": 0.2020263373851776
      },
      "top2": {
        "mb": 0.753818690776825,
        "db": 0.8747298121452332,
        "ml": 0.3788064420223236,
        "dl": 0.4919748902320862,
        "bg": 0.5065572261810303,
        "m": 0.5536853671073914,
        "mr": 0.39548176527023315,
        "dr": 0.38849377632141113,
        "mc": 0.30912527441978455,
        "dc": 0.6688700914382935,
        "bgb": 0.7284253835678101,
        "lgb": 0.20198164880275726
      },
      "second_scores": {
        "mb": 0.753818690776825,
        "db": 0.8747298121452332,
        "ml": 0.3788064420223236,
        "dl": 0.4919748902320862,
        "bg": 0.5065572261810303,
        "m": 0.5536853671073914,
        "mr": 0.39548176527023315,
        "dr": 0.38849377632141113,
        "mc": 0.30912527441978455,
        "dc": 0.6688700914382935,
        "bgb": 0.7284253835678101,
        "lgb": 0.20198164880275726
      },
      "margin": {
        "mb": 7.742643356323242e-05,
        "db": 2.5510787963867188e-05,
        "ml": 0.00013327598571777344,
        "dl": 0.001750648021697998,
        "bg": 0.00039386749267578125,
        "m": 0.0016080141067504883,
        "mr": 3.6150217056274414e-05,
        "dr": 0.001734018325805664,
        "mc": 2.816319465637207e-05,
        "dc": 0.002044081687927246,
        "bgb": 0.0006989836692810059,
        "lgb": 4.468858242034912e-05
      },
      "meta": {
        "case_id": "040",
        "arch": "U",
        "fdi": 27,
        "tooth_id": 14,
        "sigma_mm": 5.0,
        "unit": "mm"
      }
    }
  },
  "meta": {
    "root": "C:\\MISC\\Deepcare\\Orthodontics\\datasets\\landmarks_dataset\\cooked\\p0\\samples"
  }
}