{
  "predictions": {
    "t27": {
      "landmarks_local": {
        "mb": [
          -2.584918975830078,
          -2.813236713409424,
          3.4495010375976562
        ],
        "db": [
          3.3511390686035156,
          1.2445363998413086,
          -2.3298587799072266
        ],
        "ml": [
          -5.099300384521484,
          -2.3977560997009277,
          3.5904979705810547
        ],
        "dl": [
          -2.5651073455810547,
          -2.8279271125793457,
          -3.929840087890625
        ],
        "bg": [
          0.881591796875,
          2.784191131591797,
          4.017559051513672
        ],
        "m": [
          -4.903144836425781,
          -1.9234633445739746,
          4.044406890869141
        ],
        "mr": [
          -0.11083030700683594,
          2.4996871948242188,
          4.742742538452148
        ],
        "dr": [
          -2.5651073455810547,
          -2.8279271125793457,
          -3.929840087890625
        ],
        "mc": [
          -0.06457328796386719,
          2.3549671173095703,
          4.801799774169922
        ],
        "dc": [
          -1.5026893615722656,
          -1.8176798820495605,
          -4.886199951171875
        ],
        "bgb": [
          2.230226516723633,
          5.034208297729492,
          -0.9482231140136719
        ],
        "lgb": [
          -3.4554195404052734,
          -3.055147647857666,
          -2.351879119873047
        ]
      },
      "landmarks_global": {
        "mb": [
          -2.584918975830078,
          -2.813236713409424,
          3.4495010375976562
        ],
        "db": [
          3.3511390686035156,
          1.2445363998413086,
          -2.3298587799072266
        ],
        "ml": [
          -5.099300384521484,
          -2.3977560997009277,
          3.5904979705810547
        ],
        "dl": [
          -2.5651073455810547,
          -2.8279271125793457,
          -3.929840087890625
        ],
        "bg": [
          0.881591796875,
          2.784191131591797,
          4.017559051513672
        ],
        "m": [
          -4.903144836425781,
          -1.9234633445739746,
          4.044406890869141
        ],
        "mr": [
          -0.11083030700683594,
          2.4996871948242188,
          4.742742538452148
        ],
        "dr": [
          -2.5651073455810547,
          -2.8279271125793457,
          -3.929840087890625
        ],
        "mc": [
          -0.06457328796386719,
          2.3549671173095703,
          4.801799774169922
        ],
        "dc": [
          -1.5026893615722656,
          -1.8176798820495605,
          -4.886199951171875
        ],
        "bgb": [
          2.230226516723633,
          5.034208297729492,
          -0.9482231140136719
        ],
        "lgb": [
          -3.4554195404052734,
          -3.055147647857666,
          -2.351879119873047
        ]
      },
      "indices": {
        "mb": 2016,
        "db": 2864,
        "ml": 212,
        "dl": 271,
        "bg": 603,
        "m": 300,
        "mr": 359,
        "dr": 271,
        "mc": 2580,
        "dc": 646,
        "bgb": 2247,
        "lgb": 1960
      },
      "scores": {
        "mb": 0.6891675591468811,
        "db": 0.846186637878418,
        "ml": 0.31930264830589294,
        "dl": 0.5998650789260864,
        "bg": 0.47001010179519653,
        "m": 0.5395511388778687,
        "mr": 0.3098202049732208,
        "dr": 0.5499238967895508,
        "mc": 0.3454276919364929,
        "dc": 0.7742855548858643,
        "bgb": 0.7315454483032227,
        "lgb": 0.16415321826934814
      },
      "top1": {
        "mb": 0.6891675591468811,
        "db": 0.846186637878418,
        "ml": 0.31930264830589294,
        "dl": 0.5998650789260864,
        "bg": 0.47001010179519653,
        "m": 0.5395511388778687,
        "mr": 0.3098202049732208,
        "dr": 0.5499238967895508,
        "mc": 0.3454276919364929,
        "dc": 0.7742855548858643,
        "bgb": 0.7315454483032227,
        "lgb": 0.16415321826934814
      },
      "peak_scores": {
        "mb": 0.6891675591468811,
        "db": 0.846186637878418,
        "ml": 0.31930264830589294,
        "dl": 0.5998650789260864,
        "bg": 0.47001010179519653,
        "m": 0.5395511388778687,
        "mr": 0.3098202049732208,
        "dr": 0.5499238967895508,
        "mc": 0.3454276919364929,
        "dc": 0.7742855548858643,
        "bgb": 0.7315454483032227,
        "lgb": 0.16415321826934814
      },
      "top2": {
        "mb": 0.689126193523407,
        "db": 0.8461723923683167,
        "ml": 0.31927675008773804,
        "dl": 0.5986447930335999,
        "bg": 0.4697614014148712,
        "m": 0.53952556848526,
        "mr": 0.30981507897377014,
        "dr": 0.5498390793800354,
        "mc": 0.3451196551322937,
        "dc": 0.7732998132705688,
        "bgb": 0.731137752532959,
        "lgb": 0.1641070544719696
      },
      "second_scores": {
        "mb": 0.689126193523407,
        "db": 0.8461723923683167,
        "ml": 0.31927675008773804,
        "dl": 0.5986447930335999,
        "bg": 0.4697614014148712,
        "m": 0.53952556848526,
        "mr": 0.30981507897377014,
        "dr": 0.5498390793800354,
        "mc": 0.3451196551322937,
        "dc": 0.7732998132705688,
        "bgb": 0.731137752532959,
        "lgb": 0.1641070544719696
      },
      "margin": {
        "mb": 4.1365623474121094e-05,
        "db": 1.424551010131836e-05,
        "ml": 2.5898218154907227e-05,
        "dl": 0.0012202858924865723,
        "bg": 0.0002487003803253174,
        "m": 2.5570392608642578e-05,
        "mr": 5.125999450683594e-06,
        "dr": 8.481740951538086e-05,
        "mc": 0.00030803680419921875,
        "dc": 0.0009857416152954102,
        "bgb": 0.0004076957702636719,
        "lgb": 4.616379737854004e-05
      },
      "meta": {
        "case_id": "041",
        "arch": "U",
        "fdi": 27,
        "tooth_id": 14,
        "sigma_mm": 5.0,
        "unit": "mm"
      }
    }
  },
  "meta": {
    "root": "C:\\MISC\\Deepcare\\Orthodontics\\datasets\\landmarks_dataset\\cooked\\p0\\samples"
  }
}