{
  "predictions": {
    "t27": {
      "landmarks_local": {
        "mb": [
          5.2015790939331055,
          2.854421615600586,
          -0.040180206298828125
        ],
        "db": [
          5.3074445724487305,
          0.7944545745849609,
          -0.2849235534667969
        ],
        "ml": [
          2.5454540252685547,
          -1.4274883270263672,
          4.170190811157227
        ],
        "dl": [
          3.7451982498168945,
          0.1626720428466797,
          -3.5052528381347656
        ],
        "bg": [
          2.363144874572754,
          1.3169384002685547,
          5.422386169433594
        ],
        "m": [
          2.908158302307129,
          0.9302787780761719,
          4.804780960083008
        ],
        "mr": [
          0.4341259002685547,
          0.34625816345214844,
          6.9311370849609375
        ],
        "dr": [
          4.270892143249512,
          0.5603809356689453,
          -3.408447265625
        ],
        "mc": [
          -1.2017707824707031,
          -0.5719814300537109,
          7.06450080871582
        ],
        "dc": [
          -2.3838024139404297,
          -0.7352561950683594,
          -3.492176055908203
        ],
        "bgb": [
          1.7066144943237305,
          6.626408576965332,
          -4.127357482910156
        ],
        "lgb": [
          -5.798158645629883,
          -1.9488162994384766,
          3.221902847290039
        ]
      },
      "landmarks_global": {
        "mb": [
          5.2015790939331055,
          2.854421615600586,
          -0.040180206298828125
        ],
        "db": [
          5.3074445724487305,
          0.7944545745849609,
          -0.2849235534667969
        ],
        "ml": [
          2.5454540252685547,
          -1.4274883270263672,
          4.170190811157227
        ],
        "dl": [
          3.7451982498168945,
          0.1626720428466797,
          -3.5052528381347656
        ],
        "bg": [
          2.363144874572754,
          1.3169384002685547,
          5.422386169433594
        ],
        "m": [
          2.908158302307129,
          0.9302787780761719,
          4.804780960083008
        ],
        "mr": [
          0.4341259002685547,
          0.34625816345214844,
          6.9311370849609375
        ],
        "dr": [
          4.270892143249512,
          0.5603809356689453,
          -3.408447265625
        ],
        "mc": [
          -1.2017707824707031,
          -0.5719814300537109,
          7.06450080871582
        ],
        "dc": [
          -2.3838024139404297,
          -0.7352561950683594,
          -3.492176055908203
        ],
        "bgb": [
          1.7066144943237305,
          6.626408576965332,
          -4.127357482910156
        ],
        "lgb": [
          -5.798158645629883,
          -1.9488162994384766,
          3.221902847290039
        ]
      },
      "indices": {
        "mb": 1160,
        "db": 929,
        "ml": 911,
        "dl": 75,
        "bg": 507,
        "m": 23,
        "mr": 1346,
        "dr": 2040,
        "mc": 2745,
        "dc": 1011,
        "bgb": 2635,
        "lgb": 2656
      },
      "scores": {
        "mb": 0.46590667963027954,
        "db": 0.5281301140785217,
        "ml": 0.3543793857097626,
        "dl": 0.780204713344574,
        "bg": 0.2653420567512512,
        "m": 0.36765727400779724,
        "mr": 0.3946034014225006,
        "dr": 0.7786232233047485,
        "mc": 0.4540027678012848,
        "dc": 0.7583218812942505,
        "bgb": 0.38001206517219543,
        "lgb": 0.5421638488769531
      },
      "top1": {
        "mb": 0.46590667963027954,
        "db": 0.5281301140785217,
        "ml": 0.3543793857097626,
        "dl": 0.780204713344574,
        "bg": 0.2653420567512512,
        "m": 0.36765727400779724,
        "mr": 0.3946034014225006,
        "dr": 0.7786232233047485,
        "mc": 0.4540027678012848,
        "dc": 0.7583218812942505,
        "bgb": 0.38001206517219543,
        "lgb": 0.5421638488769531
      },
      "peak_scores": {
        "mb": 0.46590667963027954,
        "db": 0.5281301140785217,
        "ml": 0.3543793857097626,
        "dl": 0.780204713344574,
        "bg": 0.2653420567512512,
        "m": 0.36765727400779724,
        "mr": 0.3946034014225006,
        "dr": 0.7786232233047485,
        "mc": 0.4540027678012848,
        "dc": 0.7583218812942505,
        "bgb": 0.38001206517219543,
        "lgb": 0.5421638488769531
      },
      "top2": {
        "mb": 0.46584272384643555,
        "db": 0.5280525088310242,
        "ml": 0.3536742031574249,
        "dl": 0.7801674604415894,
        "bg": 0.2649936378002167,
        "m": 0.36763259768486023,
        "mr": 0.3939312994480133,
        "dr": 0.7776936292648315,
        "mc": 0.4539550840854645,
        "dc": 0.75788414478302,
        "bgb": 0.3785327970981598,
        "lgb": 0.541975200176239
      },
      "second_scores": {
        "mb": 0.46584272384643555,
        "db": 0.5280525088310242,
        "ml": 0.3536742031574249,
        "dl": 0.7801674604415894,
        "bg": 0.2649936378002167,
        "m": 0.36763259768486023,
        "mr": 0.3939312994480133,
        "dr": 0.7776936292648315,
        "mc": 0.4539550840854645,
        "dc": 0.75788414478302,
        "bgb": 0.3785327970981598,
        "lgb": 0.541975200176239
      },
      "margin": {
        "mb": 6.395578384399414e-05,
        "db": 7.76052474975586e-05,
        "ml": 0.0007051825523376465,
        "dl": 3.725290298461914e-05,
        "bg": 0.0003484189510345459,
        "m": 2.467632293701172e-05,
        "mr": 0.0006721019744873047,
        "dr": 0.0009295940399169922,
        "mc": 4.76837158203125e-05,
        "dc": 0.00043773651123046875,
        "bgb": 0.0014792680740356445,
        "lgb": 0.00018864870071411133
      },
      "meta": {
        "case_id": "042",
        "arch": "U",
        "fdi": 27,
        "tooth_id": 14,
        "sigma_mm": 5.0,
        "unit": "mm"
      }
    }
  },
  "meta": {
    "root": "C:\\MISC\\Deepcare\\Orthodontics\\datasets\\landmarks_dataset\\cooked\\p0\\samples"
  }
}