{
  "predictions": {
    "t27": {
      "landmarks_local": {
        "mb": [
          2.939332962036133,
          0.3544321060180664,
          4.811667442321777
        ],
        "db": [
          3.2283458709716797,
          3.045529365539551,
          -4.154087066650391
        ],
        "ml": [
          -5.233758926391602,
          -1.5769500732421875,
          1.708540916442871
        ],
        "dl": [
          -3.288858413696289,
          -1.9700746536254883,
          -4.309028625488281
        ],
        "bg": [
          2.0309009552001953,
          3.447808265686035,
          4.900168418884277
        ],
        "m": [
          -7.063825607299805,
          1.4875526428222656,
          -0.004634857177734375
        ],
        "mr": [
          0.26915550231933594,
          1.9374933242797852,
          5.769115447998047
        ],
        "dr": [
          -3.2579345703125,
          0.36785411834716797,
          -5.92161750793457
        ],
        "mc": [
          0.6365585327148438,
          2.4017181396484375,
          5.690521240234375
        ],
        "dc": [
          -3.2579345703125,
          0.36785411834716797,
          -5.92161750793457
        ],
        "bgb": [
          4.149545669555664,
          5.638405799865723,
          -1.180150032043457
        ],
        "lgb": [
          -5.402795791625977,
          -1.7311830520629883,
          0.04557514190673828
        ]
      },
      "landmarks_global": {
        "mb": [
          2.939332962036133,
          0.3544321060180664,
          4.811667442321777
        ],
        "db": [
          3.2283458709716797,
          3.045529365539551,
          -4.154087066650391
        ],
        "ml": [
          -5.233758926391602,
          -1.5769500732421875,
          1.708540916442871
        ],
        "dl": [
          -3.288858413696289,
          -1.9700746536254883,
          -4.309028625488281
        ],
        "bg": [
          2.0309009552001953,
          3.447808265686035,
          4.900168418884277
        ],
        "m": [
          -7.063825607299805,
          1.4875526428222656,
          -0.004634857177734375
        ],
        "mr": [
          0.26915550231933594,
          1.9374933242797852,
          5.769115447998047
        ],
        "dr": [
          -3.2579345703125,
          0.36785411834716797,
          -5.92161750793457
        ],
        "mc": [
          0.6365585327148438,
          2.4017181396484375,
          5.690521240234375
        ],
        "dc": [
          -3.2579345703125,
          0.36785411834716797,
          -5.92161750793457
        ],
        "bgb": [
          4.149545669555664,
          5.638405799865723,
          -1.180150032043457
        ],
        "lgb": [
          -5.402795791625977,
          -1.7311830520629883,
          0.04557514190673828
        ]
      },
      "indices": {
        "mb": 2078,
        "db": 2375,
        "ml": 271,
        "dl": 262,
        "bg": 882,
        "m": 1613,
        "mr": 2732,
        "dr": 166,
        "mc": 200,
        "dc": 166,
        "bgb": 1354,
        "lgb": 398
      },
      "scores": {
        "mb": 0.7623095512390137,
        "db": 0.8673357963562012,
        "ml": 0.3850792944431305,
        "dl": 0.619124710559845,
        "bg": 0.4247489273548126,
        "m": 0.5342927575111389,
        "mr": 0.37841036915779114,
        "dr": 0.4746154546737671,
        "mc": 0.3311091363430023,
        "dc": 0.7513410449028015,
        "bgb": 0.6785972118377686,
        "lgb": 0.21503686904907227
      },
      "top1": {
        "mb": 0.7623095512390137,
        "db": 0.8673357963562012,
        "ml": 0.3850792944431305,
        "dl": 0.619124710559845,
        "bg": 0.4247489273548126,
        "m": 0.5342927575111389,
        "mr": 0.37841036915779114,
        "dr": 0.4746154546737671,
        "mc": 0.3311091363430023,
        "dc": 0.7513410449028015,
        "bgb": 0.6785972118377686,
        "lgb": 0.21503686904907227
      },
      "peak_scores": {
        "mb": 0.7623095512390137,
        "db": 0.8673357963562012,
        "ml": 0.3850792944431305,
        "dl": 0.619124710559845,
        "bg": 0.4247489273548126,
        "m": 0.5342927575111389,
        "mr": 0.37841036915779114,
        "dr": 0.4746154546737671,
        "mc": 0.3311091363430023,
        "dc": 0.7513410449028015,
        "bgb": 0.6785972118377686,
        "lgb": 0.21503686904907227
      },
      "top2": {
        "mb": 0.762025773525238,
        "db": 0.867230236530304,
        "ml": 0.38495802879333496,
        "dl": 0.6190406084060669,
        "bg": 0.4238009452819824,
        "m": 0.5337978005409241,
        "mr": 0.37837034463882446,
        "dr": 0.47358524799346924,
        "mc": 0.3310238718986511,
        "dc": 0.7500802278518677,
        "bgb": 0.6778925657272339,
        "lgb": 0.21491371095180511
      },
      "second_scores": {
        "mb": 0.762025773525238,
        "db": 0.867230236530304,
        "ml": 0.38495802879333496,
        "dl": 0.6190406084060669,
        "bg": 0.4238009452819824,
        "m": 0.5337978005409241,
        "mr": 0.37837034463882446,
        "dr": 0.47358524799346924,
        "mc": 0.3310238718986511,
        "dc": 0.7500802278518677,
        "bgb": 0.6778925657272339,
        "lgb": 0.21491371095180511
      },
      "margin": {
        "mb": 0.00028377771377563477,
        "db": 0.0001055598258972168,
        "ml": 0.00012126564979553223,
        "dl": 8.410215377807617e-05,
        "bg": 0.0009479820728302002,
        "m": 0.0004949569702148438,
        "mr": 4.0024518966674805e-05,
        "dr": 0.0010302066802978516,
        "mc": 8.526444435119629e-05,
        "dc": 0.0012608170509338379,
        "bgb": 0.000704646110534668,
        "lgb": 0.00012315809726715088
      },
      "meta": {
        "case_id": "043",
        "arch": "U",
        "fdi": 27,
        "tooth_id": 14,
        "sigma_mm": 5.0,
        "unit": "mm"
      }
    }
  },
  "meta": {
    "root": "C:\\MISC\\Deepcare\\Orthodontics\\datasets\\landmarks_dataset\\cooked\\p0\\samples"
  }
}