{
  "predictions": {
    "t27": {
      "landmarks_local": {
        "mb": [
          2.2449703216552734,
          -0.30249881744384766,
          4.615146636962891
        ],
        "db": [
          3.389873504638672,
          1.6368846893310547,
          -3.6050806045532227
        ],
        "ml": [
          -4.38780403137207,
          -2.21865177154541,
          0.999424934387207
        ],
        "dl": [
          -3.865131378173828,
          -0.8353433609008789,
          -5.035111427307129
        ],
        "bg": [
          2.8024158477783203,
          4.554835319519043,
          3.6199169158935547
        ],
        "m": [
          -6.438131332397461,
          1.8253374099731445,
          0.33498573303222656
        ],
        "mr": [
          -4.837579727172852,
          2.0194339752197266,
          2.5897884368896484
        ],
        "dr": [
          -3.118875503540039,
          -1.0928421020507812,
          -5.431147575378418
        ],
        "mc": [
          -4.837579727172852,
          2.0194339752197266,
          2.5897884368896484
        ],
        "dc": [
          -2.2055606842041016,
          -0.9792079925537109,
          -5.782923698425293
        ],
        "bgb": [
          4.283750534057617,
          5.513422966003418,
          0.11353015899658203
        ],
        "lgb": [
          -4.546209335327148,
          -2.4443445205688477,
          -0.7792987823486328
        ]
      },
      "landmarks_global": {
        "mb": [
          2.2449703216552734,
          -0.30249881744384766,
          4.615146636962891
        ],
        "db": [
          3.389873504638672,
          1.6368846893310547,
          -3.6050806045532227
        ],
        "ml": [
          -4.38780403137207,
          -2.21865177154541,
          0.999424934387207
        ],
        "dl": [
          -3.865131378173828,
          -0.8353433609008789,
          -5.035111427307129
        ],
        "bg": [
          2.8024158477783203,
          4.554835319519043,
          3.6199169158935547
        ],
        "m": [
          -6.438131332397461,
          1.8253374099731445,
          0.33498573303222656
        ],
        "mr": [
          -4.837579727172852,
          2.0194339752197266,
          2.5897884368896484
        ],
        "dr": [
          -3.118875503540039,
          -1.0928421020507812,
          -5.431147575378418
        ],
        "mc": [
          -4.837579727172852,
          2.0194339752197266,
          2.5897884368896484
        ],
        "dc": [
          -2.2055606842041016,
          -0.9792079925537109,
          -5.782923698425293
        ],
        "bgb": [
          4.283750534057617,
          5.513422966003418,
          0.11353015899658203
        ],
        "lgb": [
          -4.546209335327148,
          -2.4443445205688477,
          -0.7792987823486328
        ]
      },
      "indices": {
        "mb": 167,
        "db": 954,
        "ml": 1540,
        "dl": 1606,
        "bg": 1863,
        "m": 1292,
        "mr": 198,
        "dr": 400,
        "mc": 198,
        "dc": 1226,
        "bgb": 543,
        "lgb": 1971
      },
      "scores": {
        "mb": 0.7652149200439453,
        "db": 0.8757450580596924,
        "ml": 0.3779648244380951,
        "dl": 0.5914108157157898,
        "bg": 0.457332581281662,
        "m": 0.5563192367553711,
        "mr": 0.37976059317588806,
        "dr": 0.4655112624168396,
        "mc": 0.3349413573741913,
        "dc": 0.741131603717804,
        "bgb": 0.7138881087303162,
        "lgb": 0.20539090037345886
      },
      "top1": {
        "mb": 0.7652149200439453,
        "db": 0.8757450580596924,
        "ml": 0.3779648244380951,
        "dl": 0.5914108157157898,
        "bg": 0.457332581281662,
        "m": 0.5563192367553711,
        "mr": 0.37976059317588806,
        "dr": 0.4655112624168396,
        "mc": 0.3349413573741913,
        "dc": 0.741131603717804,
        "bgb": 0.7138881087303162,
        "lgb": 0.20539090037345886
      },
      "peak_scores": {
        "mb": 0.7652149200439453,
        "db": 0.8757450580596924,
        "ml": 0.3779648244380951,
        "dl": 0.5914108157157898,
        "bg": 0.457332581281662,
        "m": 0.5563192367553711,
        "mr": 0.37976059317588806,
        "dr": 0.4655112624168396,
        "mc": 0.3349413573741913,
        "dc": 0.741131603717804,
        "bgb": 0.7138881087303162,
        "lgb": 0.20539090037345886
      },
      "top2": {
        "mb": 0.7648004293441772,
        "db": 0.875698983669281,
        "ml": 0.3777756094932556,
        "dl": 0.5909438729286194,
        "bg": 0.4562484622001648,
        "m": 0.554895281791687,
        "mr": 0.37670740485191345,
        "dr": 0.4654543399810791,
        "mc": 0.332724004983902,
        "dc": 0.7404879927635193,
        "bgb": 0.7128199934959412,
        "lgb": 0.20527590811252594
      },
      "second_scores": {
        "mb": 0.7648004293441772,
        "db": 0.875698983669281,
        "ml": 0.3777756094932556,
        "dl": 0.5909438729286194,
        "bg": 0.4562484622001648,
        "m": 0.554895281791687,
        "mr": 0.37670740485191345,
        "dr": 0.4654543399810791,
        "mc": 0.332724004983902,
        "dc": 0.7404879927635193,
        "bgb": 0.7128199934959412,
        "lgb": 0.20527590811252594
      },
      "margin": {
        "mb": 0.0004144906997680664,
        "db": 4.607439041137695e-05,
        "ml": 0.00018921494483947754,
        "dl": 0.00046694278717041016,
        "bg": 0.0010841190814971924,
        "m": 0.001423954963684082,
        "mr": 0.0030531883239746094,
        "dr": 5.692243576049805e-05,
        "mc": 0.0022173523902893066,
        "dc": 0.000643610954284668,
        "bgb": 0.001068115234375,
        "lgb": 0.00011499226093292236
      },
      "meta": {
        "case_id": "044",
        "arch": "U",
        "fdi": 27,
        "tooth_id": 14,
        "sigma_mm": 5.0,
        "unit": "mm"
      }
    }
  },
  "meta": {
    "root": "C:\\MISC\\Deepcare\\Orthodontics\\datasets\\landmarks_dataset\\cooked\\p0\\samples"
  }
}