{
  "predictions": {
    "t27": {
      "landmarks_local": {
        "mb": [
          2.282257080078125,
          0.8893699645996094,
          3.5729618072509766
        ],
        "db": [
          3.5479393005371094,
          0.35990142822265625,
          -4.361626625061035
        ],
        "ml": [
          -4.9251861572265625,
          -0.1356353759765625,
          1.141225814819336
        ],
        "dl": [
          -5.0647430419921875,
          -1.0040245056152344,
          -2.4219112396240234
        ],
        "bg": [
          2.1291656494140625,
          2.8179397583007812,
          3.7873544692993164
        ],
        "m": [
          -6.448648452758789,
          1.5366401672363281,
          0.034618377685546875
        ],
        "mr": [
          1.8671703338623047,
          2.6386756896972656,
          3.8904638290405273
        ],
        "dr": [
          -4.062355041503906,
          -1.4544391632080078,
          -3.111758232116699
        ],
        "mc": [
          -4.871519088745117,
          1.3286266326904297,
          2.332416534423828
        ],
        "dc": [
          0.18051719665527344,
          -1.3876419067382812,
          -4.538819313049316
        ],
        "bgb": [
          4.840696334838867,
          3.3581581115722656,
          -0.14023685455322266
        ],
        "lgb": [
          -5.710000991821289,
          -0.28650665283203125,
          -0.6539363861083984
        ]
      },
      "landmarks_global": {
        "mb": [
          2.282257080078125,
          0.8893699645996094,
          3.5729618072509766
        ],
        "db": [
          3.5479393005371094,
          0.35990142822265625,
          -4.361626625061035
        ],
        "ml": [
          -4.9251861572265625,
          -0.1356353759765625,
          1.141225814819336
        ],
        "dl": [
          -5.0647430419921875,
          -1.0040245056152344,
          -2.4219112396240234
        ],
        "bg": [
          2.1291656494140625,
          2.8179397583007812,
          3.7873544692993164
        ],
        "m": [
          -6.448648452758789,
          1.5366401672363281,
          0.034618377685546875
        ],
        "mr": [
          1.8671703338623047,
          2.6386756896972656,
          3.8904638290405273
        ],
        "dr": [
          -4.062355041503906,
          -1.4544391632080078,
          -3.111758232116699
        ],
        "mc": [
          -4.871519088745117,
          1.3286266326904297,
          2.332416534423828
        ],
        "dc": [
          0.18051719665527344,
          -1.3876419067382812,
          -4.538819313049316
        ],
        "bgb": [
          4.840696334838867,
          3.3581581115722656,
          -0.14023685455322266
        ],
        "lgb": [
          -5.710000991821289,
          -0.28650665283203125,
          -0.6539363861083984
        ]
      },
      "indices": {
        "mb": 545,
        "db": 117,
        "ml": 2413,
        "dl": 2603,
        "bg": 594,
        "m": 173,
        "mr": 85,
        "dr": 9,
        "mc": 8,
        "dc": 2690,
        "bgb": 1,
        "lgb": 1013
      },
      "scores": {
        "mb": 0.7632100582122803,
        "db": 0.8375632762908936,
        "ml": 0.38489922881126404,
        "dl": 0.7032380700111389,
        "bg": 0.3698134124279022,
        "m": 0.5378080010414124,
        "mr": 0.3732949495315552,
        "dr": 0.42506152391433716,
        "mc": 0.3351345360279083,
        "dc": 0.71293705701828,
        "bgb": 0.5452256202697754,
        "lgb": 0.25571998953819275
      },
      "top1": {
        "mb": 0.7632100582122803,
        "db": 0.8375632762908936,
        "ml": 0.38489922881126404,
        "dl": 0.7032380700111389,
        "bg": 0.3698134124279022,
        "m": 0.5378080010414124,
        "mr": 0.3732949495315552,
        "dr": 0.42506152391433716,
        "mc": 0.3351345360279083,
        "dc": 0.71293705701828,
        "bgb": 0.5452256202697754,
        "lgb": 0.25571998953819275
      },
      "peak_scores": {
        "mb": 0.7632100582122803,
        "db": 0.8375632762908936,
        "ml": 0.38489922881126404,
        "dl": 0.7032380700111389,
        "bg": 0.3698134124279022,
        "m": 0.5378080010414124,
        "mr": 0.3732949495315552,
        "dr": 0.42506152391433716,
        "mc": 0.3351345360279083,
        "dc": 0.71293705701828,
        "bgb": 0.5452256202697754,
        "lgb": 0.25571998953819275
      },
      "top2": {
        "mb": 0.7631092071533203,
        "db": 0.8372145295143127,
        "ml": 0.3848032057285309,
        "dl": 0.7030505537986755,
        "bg": 0.3697793781757355,
        "m": 0.5372715592384338,
        "mr": 0.3732278645038605,
        "dr": 0.4247380197048187,
        "mc": 0.33424776792526245,
        "dc": 0.7127809524536133,
        "bgb": 0.5449260473251343,
        "lgb": 0.2552635669708252
      },
      "second_scores": {
        "mb": 0.7631092071533203,
        "db": 0.8372145295143127,
        "ml": 0.3848032057285309,
        "dl": 0.7030505537986755,
        "bg": 0.3697793781757355,
        "m": 0.5372715592384338,
        "mr": 0.3732278645038605,
        "dr": 0.4247380197048187,
        "mc": 0.33424776792526245,
        "dc": 0.7127809524536133,
        "bgb": 0.5449260473251343,
        "lgb": 0.2552635669708252
      },
      "margin": {
        "mb": 0.00010085105895996094,
        "db": 0.00034874677658081055,
        "ml": 9.60230827331543e-05,
        "dl": 0.0001875162124633789,
        "bg": 3.403425216674805e-05,
        "m": 0.0005364418029785156,
        "mr": 6.708502769470215e-05,
        "dr": 0.0003235042095184326,
        "mc": 0.000886768102645874,
        "dc": 0.00015610456466674805,
        "bgb": 0.0002995729446411133,
        "lgb": 0.0004564225673675537
      },
      "meta": {
        "case_id": "045",
        "arch": "U",
        "fdi": 27,
        "tooth_id": 14,
        "sigma_mm": 5.0,
        "unit": "mm"
      }
    }
  },
  "meta": {
    "root": "C:\\MISC\\Deepcare\\Orthodontics\\datasets\\landmarks_dataset\\cooked\\p0\\samples"
  }
}