{
  "predictions": {
    "t27": {
      "landmarks_local": {
        "mb": [
          0.8061141967773438,
          1.7688484191894531,
          5.295668601989746
        ],
        "db": [
          4.133274078369141,
          3.320100784301758,
          -2.363893508911133
        ],
        "ml": [
          -5.021856307983398,
          -0.6606884002685547,
          2.2347946166992188
        ],
        "dl": [
          -4.100799560546875,
          -1.9780559539794922,
          -4.215818405151367
        ],
        "bg": [
          2.1796875,
          3.1479358673095703,
          5.137500762939453
        ],
        "m": [
          -6.153987884521484,
          0.5177145004272461,
          1.92144775390625
        ],
        "mr": [
          -4.261470794677734,
          1.726104736328125,
          3.9013595581054688
        ],
        "dr": [
          -2.8103084564208984,
          -1.3006219863891602,
          -4.908027648925781
        ],
        "mc": [
          -4.261470794677734,
          1.726104736328125,
          3.9013595581054688
        ],
        "dc": [
          -2.52777099609375,
          -1.152226448059082,
          -5.053770065307617
        ],
        "bgb": [
          4.850166320800781,
          3.9259891510009766,
          0.0017566680908203125
        ],
        "lgb": [
          -5.182155609130859,
          -1.8608684539794922,
          -2.4305992126464844
        ]
      },
      "landmarks_global": {
        "mb": [
          0.8061141967773438,
          1.7688484191894531,
          5.295668601989746
        ],
        "db": [
          4.133274078369141,
          3.320100784301758,
          -2.363893508911133
        ],
        "ml": [
          -5.021856307983398,
          -0.6606884002685547,
          2.2347946166992188
        ],
        "dl": [
          -4.100799560546875,
          -1.9780559539794922,
          -4.215818405151367
        ],
        "bg": [
          2.1796875,
          3.1479358673095703,
          5.137500762939453
        ],
        "m": [
          -6.153987884521484,
          0.5177145004272461,
          1.92144775390625
        ],
        "mr": [
          -4.261470794677734,
          1.726104736328125,
          3.9013595581054688
        ],
        "dr": [
          -2.8103084564208984,
          -1.3006219863891602,
          -4.908027648925781
        ],
        "mc": [
          -4.261470794677734,
          1.726104736328125,
          3.9013595581054688
        ],
        "dc": [
          -2.52777099609375,
          -1.152226448059082,
          -5.053770065307617
        ],
        "bgb": [
          4.850166320800781,
          3.9259891510009766,
          0.0017566680908203125
        ],
        "lgb": [
          -5.182155609130859,
          -1.8608684539794922,
          -2.4305992126464844
        ]
      },
      "indices": {
        "mb": 916,
        "db": 738,
        "ml": 1213,
        "dl": 1,
        "bg": 0,
        "m": 56,
        "mr": 1473,
        "dr": 75,
        "mc": 1473,
        "dc": 1305,
        "bgb": 469,
        "lgb": 1200
      },
      "scores": {
        "mb": 0.7283962965011597,
        "db": 0.8682121634483337,
        "ml": 0.32698968052864075,
        "dl": 0.6173946857452393,
        "bg": 0.43386760354042053,
        "m": 0.5224407315254211,
        "mr": 0.3834664523601532,
        "dr": 0.47840720415115356,
        "mc": 0.3199070394039154,
        "dc": 0.7441075444221497,
        "bgb": 0.6840823292732239,
        "lgb": 0.18356651067733765
      },
      "top1": {
        "mb": 0.7283962965011597,
        "db": 0.8682121634483337,
        "ml": 0.32698968052864075,
        "dl": 0.6173946857452393,
        "bg": 0.43386760354042053,
        "m": 0.5224407315254211,
        "mr": 0.3834664523601532,
        "dr": 0.47840720415115356,
        "mc": 0.3199070394039154,
        "dc": 0.7441075444221497,
        "bgb": 0.6840823292732239,
        "lgb": 0.18356651067733765
      },
      "peak_scores": {
        "mb": 0.7283962965011597,
        "db": 0.8682121634483337,
        "ml": 0.32698968052864075,
        "dl": 0.6173946857452393,
        "bg": 0.43386760354042053,
        "m": 0.5224407315254211,
        "mr": 0.3834664523601532,
        "dr": 0.47840720415115356,
        "mc": 0.3199070394039154,
        "dc": 0.7441075444221497,
        "bgb": 0.6840823292732239,
        "lgb": 0.18356651067733765
      },
      "top2": {
        "mb": 0.7275553345680237,
        "db": 0.8680885434150696,
        "ml": 0.3269783854484558,
        "dl": 0.6167170405387878,
        "bg": 0.43194901943206787,
        "m": 0.5218937993049622,
        "mr": 0.38088732957839966,
        "dr": 0.47831761837005615,
        "mc": 0.3186611533164978,
        "dc": 0.7437846064567566,
        "bgb": 0.681626558303833,
        "lgb": 0.18343216180801392
      },
      "second_scores": {
        "mb": 0.7275553345680237,
        "db": 0.8680885434150696,
        "ml": 0.3269783854484558,
        "dl": 0.6167170405387878,
        "bg": 0.43194901943206787,
        "m": 0.5218937993049622,
        "mr": 0.38088732957839966,
        "dr": 0.47831761837005615,
        "mc": 0.3186611533164978,
        "dc": 0.7437846064567566,
        "bgb": 0.681626558303833,
        "lgb": 0.18343216180801392
      },
      "margin": {
        "mb": 0.0008409619331359863,
        "db": 0.00012362003326416016,
        "ml": 1.1295080184936523e-05,
        "dl": 0.000677645206451416,
        "bg": 0.0019185841083526611,
        "m": 0.0005469322204589844,
        "mr": 0.00257912278175354,
        "dr": 8.958578109741211e-05,
        "mc": 0.0012458860874176025,
        "dc": 0.0003229379653930664,
        "bgb": 0.002455770969390869,
        "lgb": 0.00013434886932373047
      },
      "meta": {
        "case_id": "046",
        "arch": "U",
        "fdi": 27,
        "tooth_id": 14,
        "sigma_mm": 5.0,
        "unit": "mm"
      }
    }
  },
  "meta": {
    "root": "C:\\MISC\\Deepcare\\Orthodontics\\datasets\\landmarks_dataset\\cooked\\p0\\samples"
  }
}