{
  "predictions": {
    "t27": {
      "landmarks_local": {
        "mb": [
          2.534200668334961,
          1.7331695556640625,
          5.12956428527832
        ],
        "db": [
          3.9440670013427734,
          3.4241085052490234,
          -4.588208198547363
        ],
        "ml": [
          -4.995792388916016,
          -1.6691455841064453,
          2.3836421966552734
        ],
        "dl": [
          -4.040166854858398,
          -3.1450672149658203,
          -3.6344823837280273
        ],
        "bg": [
          0.8684597015380859,
          3.8100643157958984,
          5.810779571533203
        ],
        "m": [
          -7.175390243530273,
          2.221464157104492,
          0.7643699645996094
        ],
        "mr": [
          0.030002593994140625,
          4.538120269775391,
          4.946524620056152
        ],
        "dr": [
          -4.834842681884766,
          -1.9364566802978516,
          -4.617922782897949
        ],
        "mc": [
          0.030002593994140625,
          4.538120269775391,
          4.946524620056152
        ],
        "dc": [
          -0.6999340057373047,
          -0.8762340545654297,
          -6.3936662673950195
        ],
        "bgb": [
          3.723989486694336,
          5.8647356033325195,
          1.3429222106933594
        ],
        "lgb": [
          -5.084341049194336,
          -2.4726943969726562,
          0.650538444519043
        ]
      },
      "landmarks_global": {
        "mb": [
          2.534200668334961,
          1.7331695556640625,
          5.12956428527832
        ],
        "db": [
          3.9440670013427734,
          3.4241085052490234,
          -4.588208198547363
        ],
        "ml": [
          -4.995792388916016,
          -1.6691455841064453,
          2.3836421966552734
        ],
        "dl": [
          -4.040166854858398,
          -3.1450672149658203,
          -3.6344823837280273
        ],
        "bg": [
          0.8684597015380859,
          3.8100643157958984,
          5.810779571533203
        ],
        "m": [
          -7.175390243530273,
          2.221464157104492,
          0.7643699645996094
        ],
        "mr": [
          0.030002593994140625,
          4.538120269775391,
          4.946524620056152
        ],
        "dr": [
          -4.834842681884766,
          -1.9364566802978516,
          -4.617922782897949
        ],
        "mc": [
          0.030002593994140625,
          4.538120269775391,
          4.946524620056152
        ],
        "dc": [
          -0.6999340057373047,
          -0.8762340545654297,
          -6.3936662673950195
        ],
        "bgb": [
          3.723989486694336,
          5.8647356033325195,
          1.3429222106933594
        ],
        "lgb": [
          -5.084341049194336,
          -2.4726943969726562,
          0.650538444519043
        ]
      },
      "indices": {
        "mb": 1243,
        "db": 1367,
        "ml": 2067,
        "dl": 1321,
        "bg": 44,
        "m": 2347,
        "mr": 2068,
        "dr": 252,
        "mc": 2068,
        "dc": 2874,
        "bgb": 2626,
        "lgb": 2865
      },
      "scores": {
        "mb": 0.7575158476829529,
        "db": 0.8439671397209167,
        "ml": 0.3854268491268158,
        "dl": 0.671043872833252,
        "bg": 0.3949527442455292,
        "m": 0.5216583013534546,
        "mr": 0.39701786637306213,
        "dr": 0.4478464424610138,
        "mc": 0.34063786268234253,
        "dc": 0.7353963255882263,
        "bgb": 0.592366099357605,
        "lgb": 0.23584036529064178
      },
      "top1": {
        "mb": 0.7575158476829529,
        "db": 0.8439671397209167,
        "ml": 0.3854268491268158,
        "dl": 0.671043872833252,
        "bg": 0.3949527442455292,
        "m": 0.5216583013534546,
        "mr": 0.39701786637306213,
        "dr": 0.4478464424610138,
        "mc": 0.34063786268234253,
        "dc": 0.7353963255882263,
        "bgb": 0.592366099357605,
        "lgb": 0.23584036529064178
      },
      "peak_scores": {
        "mb": 0.7575158476829529,
        "db": 0.8439671397209167,
        "ml": 0.3854268491268158,
        "dl": 0.671043872833252,
        "bg": 0.3949527442455292,
        "m": 0.5216583013534546,
        "mr": 0.39701786637306213,
        "dr": 0.4478464424610138,
        "mc": 0.34063786268234253,
        "dc": 0.7353963255882263,
        "bgb": 0.592366099357605,
        "lgb": 0.23584036529064178
      },
      "top2": {
        "mb": 0.7574509978294373,
        "db": 0.8439263701438904,
        "ml": 0.3853644132614136,
        "dl": 0.6706854104995728,
        "bg": 0.3948352038860321,
        "m": 0.5216385126113892,
        "mr": 0.395031601190567,
        "dr": 0.44562575221061707,
        "mc": 0.3392292857170105,
        "dc": 0.7353792786598206,
        "bgb": 0.5919183492660522,
        "lgb": 0.23574842512607574
      },
      "second_scores": {
        "mb": 0.7574509978294373,
        "db": 0.8439263701438904,
        "ml": 0.3853644132614136,
        "dl": 0.6706854104995728,
        "bg": 0.3948352038860321,
        "m": 0.5216385126113892,
        "mr": 0.395031601190567,
        "dr": 0.44562575221061707,
        "mc": 0.3392292857170105,
        "dc": 0.7353792786598206,
        "bgb": 0.5919183492660522,
        "lgb": 0.23574842512607574
      },
      "margin": {
        "mb": 6.4849853515625e-05,
        "db": 4.076957702636719e-05,
        "ml": 6.243586540222168e-05,
        "dl": 0.0003584623336791992,
        "bg": 0.00011754035949707031,
        "m": 1.9788742065429688e-05,
        "mr": 0.001986265182495117,
        "dr": 0.0022206902503967285,
        "mc": 0.0014085769653320312,
        "dc": 1.704692840576172e-05,
        "bgb": 0.0004477500915527344,
        "lgb": 9.194016456604004e-05
      },
      "meta": {
        "case_id": "047",
        "arch": "U",
        "fdi": 27,
        "tooth_id": 14,
        "sigma_mm": 5.0,
        "unit": "mm"
      }
    }
  },
  "meta": {
    "root": "C:\\MISC\\Deepcare\\Orthodontics\\datasets\\landmarks_dataset\\cooked\\p0\\samples"
  }
}