{
  "predictions": {
    "t27": {
      "landmarks_local": {
        "mb": [
          0.4964447021484375,
          -5.463488578796387,
          -0.15966224670410156
        ],
        "db": [
          2.532106399536133,
          -5.189131736755371,
          -0.4252948760986328
        ],
        "ml": [
          -3.9142074584960938,
          -4.029523849487305,
          1.1724052429199219
        ],
        "dl": [
          0.9518451690673828,
          -5.693983554840088,
          0.09053993225097656
        ],
        "bg": [
          3.6377182006835938,
          -3.7464218139648438,
          -1.5321273803710938
        ],
        "m": [
          -5.417610168457031,
          -1.8632793426513672,
          2.526905059814453
        ],
        "mr": [
          -4.114248275756836,
          -3.975900650024414,
          2.164339065551758
        ],
        "dr": [
          -3.111757278442383,
          -3.0308780670166016,
          -1.679795265197754
        ],
        "mc": [
          -4.114248275756836,
          -3.975900650024414,
          2.164339065551758
        ],
        "dc": [
          0.9518451690673828,
          -5.693983554840088,
          0.09053993225097656
        ],
        "bgb": [
          4.4160308837890625,
          -1.8239173889160156,
          -1.1058950424194336
        ],
        "lgb": [
          -5.3754425048828125,
          0.8945560455322266,
          1.4847393035888672
        ]
      },
      "landmarks_global": {
        "mb": [
          0.4964447021484375,
          -5.463488578796387,
          -0.15966224670410156
        ],
        "db": [
          2.532106399536133,
          -5.189131736755371,
          -0.4252948760986328
        ],
        "ml": [
          -3.9142074584960938,
          -4.029523849487305,
          1.1724052429199219
        ],
        "dl": [
          0.9518451690673828,
          -5.693983554840088,
          0.09053993225097656
        ],
        "bg": [
          3.6377182006835938,
          -3.7464218139648438,
          -1.5321273803710938
        ],
        "m": [
          -5.417610168457031,
          -1.8632793426513672,
          2.526905059814453
        ],
        "mr": [
          -4.114248275756836,
          -3.975900650024414,
          2.164339065551758
        ],
        "dr": [
          -3.111757278442383,
          -3.0308780670166016,
          -1.679795265197754
        ],
        "mc": [
          -4.114248275756836,
          -3.975900650024414,
          2.164339065551758
        ],
        "dc": [
          0.9518451690673828,
          -5.693983554840088,
          0.09053993225097656
        ],
        "bgb": [
          4.4160308837890625,
          -1.8239173889160156,
          -1.1058950424194336
        ],
        "lgb": [
          -5.3754425048828125,
          0.8945560455322266,
          1.4847393035888672
        ]
      },
      "indices": {
        "mb": 53,
        "db": 1421,
        "ml": 1,
        "dl": 2199,
        "bg": 1882,
        "m": 17,
        "mr": 170,
        "dr": 469,
        "mc": 170,
        "dc": 2199,
        "bgb": 832,
        "lgb": 1206
      },
      "scores": {
        "mb": 0.792050838470459,
        "db": 0.4970621168613434,
        "ml": 0.3977651000022888,
        "dl": 0.17995405197143555,
        "bg": 0.5977569222450256,
        "m": 0.39895302057266235,
        "mr": 0.3067611753940582,
        "dr": 0.20984503626823425,
        "mc": 0.4139353334903717,
        "dc": 0.2966007888317108,
        "bgb": 0.47364944219589233,
        "lgb": 0.08449965715408325
      },
      "top1": {
        "mb": 0.792050838470459,
        "db": 0.4970621168613434,
        "ml": 0.3977651000022888,
        "dl": 0.17995405197143555,
        "bg": 0.5977569222450256,
        "m": 0.39895302057266235,
        "mr": 0.3067611753940582,
        "dr": 0.20984503626823425,
        "mc": 0.4139353334903717,
        "dc": 0.2966007888317108,
        "bgb": 0.47364944219589233,
        "lgb": 0.08449965715408325
      },
      "peak_scores": {
        "mb": 0.792050838470459,
        "db": 0.4970621168613434,
        "ml": 0.3977651000022888,
        "dl": 0.17995405197143555,
        "bg": 0.5977569222450256,
        "m": 0.39895302057266235,
        "mr": 0.3067611753940582,
        "dr": 0.20984503626823425,
        "mc": 0.4139353334903717,
        "dc": 0.2966007888317108,
        "bgb": 0.47364944219589233,
        "lgb": 0.08449965715408325
      },
      "top2": {
        "mb": 0.7916543483734131,
        "db": 0.49691545963287354,
        "ml": 0.3972168564796448,
        "dl": 0.17945818603038788,
        "bg": 0.59772127866745,
        "m": 0.39892083406448364,
        "mr": 0.3057831823825836,
        "dr": 0.20982174575328827,
        "mc": 0.4126030504703522,
        "dc": 0.2952391505241394,
        "bgb": 0.47327926754951477,
        "lgb": 0.08432404696941376
      },
      "second_scores": {
        "mb": 0.7916543483734131,
        "db": 0.49691545963287354,
        "ml": 0.3972168564796448,
        "dl": 0.17945818603038788,
        "bg": 0.59772127866745,
        "m": 0.39892083406448364,
        "mr": 0.3057831823825836,
        "dr": 0.20982174575328827,
        "mc": 0.4126030504703522,
        "dc": 0.2952391505241394,
        "bgb": 0.47327926754951477,
        "lgb": 0.08432404696941376
      },
      "margin": {
        "mb": 0.00039649009704589844,
        "db": 0.00014665722846984863,
        "ml": 0.000548243522644043,
        "dl": 0.0004958659410476685,
        "bg": 3.5643577575683594e-05,
        "m": 3.218650817871094e-05,
        "mr": 0.0009779930114746094,
        "dr": 2.3290514945983887e-05,
        "mc": 0.0013322830200195312,
        "dc": 0.0013616383075714111,
        "bgb": 0.0003701746463775635,
        "lgb": 0.00017561018466949463
      },
      "meta": {
        "case_id": "048",
        "arch": "U",
        "fdi": 27,
        "tooth_id": 14,
        "sigma_mm": 5.0,
        "unit": "mm"
      }
    }
  },
  "meta": {
    "root": "C:\\MISC\\Deepcare\\Orthodontics\\datasets\\landmarks_dataset\\cooked\\p0\\samples"
  }
}