{
  "predictions": {
    "t27": {
      "landmarks_local": {
        "mb": [
          2.0510826110839844,
          -0.5582065582275391,
          4.644038677215576
        ],
        "db": [
          4.086233139038086,
          0.535797119140625,
          -3.965073585510254
        ],
        "ml": [
          -3.5850563049316406,
          -1.0783510208129883,
          1.730330467224121
        ],
        "dl": [
          -3.2058753967285156,
          -2.630875587463379,
          -1.7715492248535156
        ],
        "bg": [
          2.043661117553711,
          2.784855365753174,
          4.651541233062744
        ],
        "m": [
          -5.974414825439453,
          2.6687164306640625,
          -2.432964324951172
        ],
        "mr": [
          -4.883581161499023,
          2.65006685256958,
          1.2644405364990234
        ],
        "dr": [
          -2.4955482482910156,
          0.30037403106689453,
          -5.803810119628906
        ],
        "mc": [
          -4.883581161499023,
          2.65006685256958,
          1.2644405364990234
        ],
        "dc": [
          -2.305032730102539,
          0.3031740188598633,
          -5.921838760375977
        ],
        "bgb": [
          4.233236312866211,
          3.213277816772461,
          1.7525839805603027
        ],
        "lgb": [
          -4.111692428588867,
          -1.6951723098754883,
          -2.0195465087890625
        ]
      },
      "landmarks_global": {
        "mb": [
          2.0510826110839844,
          -0.5582065582275391,
          4.644038677215576
        ],
        "db": [
          4.086233139038086,
          0.535797119140625,
          -3.965073585510254
        ],
        "ml": [
          -3.5850563049316406,
          -1.0783510208129883,
          1.730330467224121
        ],
        "dl": [
          -3.2058753967285156,
          -2.630875587463379,
          -1.7715492248535156
        ],
        "bg": [
          2.043661117553711,
          2.784855365753174,
          4.651541233062744
        ],
        "m": [
          -5.974414825439453,
          2.6687164306640625,
          -2.432964324951172
        ],
        "mr": [
          -4.883581161499023,
          2.65006685256958,
          1.2644405364990234
        ],
        "dr": [
          -2.4955482482910156,
          0.30037403106689453,
          -5.803810119628906
        ],
        "mc": [
          -4.883581161499023,
          2.65006685256958,
          1.2644405364990234
        ],
        "dc": [
          -2.305032730102539,
          0.3031740188598633,
          -5.921838760375977
        ],
        "bgb": [
          4.233236312866211,
          3.213277816772461,
          1.7525839805603027
        ],
        "lgb": [
          -4.111692428588867,
          -1.6951723098754883,
          -2.0195465087890625
        ]
      },
      "indices": {
        "mb": 1208,
        "db": 2608,
        "ml": 2489,
        "dl": 724,
        "bg": 78,
        "m": 1134,
        "mr": 279,
        "dr": 1828,
        "mc": 279,
        "dc": 52,
        "bgb": 693,
        "lgb": 1967
      },
      "scores": {
        "mb": 0.7879605889320374,
        "db": 0.8641936182975769,
        "ml": 0.36487293243408203,
        "dl": 0.5562408566474915,
        "bg": 0.49781152606010437,
        "m": 0.5340636968612671,
        "mr": 0.3999195396900177,
        "dr": 0.4012160003185272,
        "mc": 0.3265226185321808,
        "dc": 0.7007259130477905,
        "bgb": 0.6746677756309509,
        "lgb": 0.19709855318069458
      },
      "top1": {
        "mb": 0.7879605889320374,
        "db": 0.8641936182975769,
        "ml": 0.36487293243408203,
        "dl": 0.5562408566474915,
        "bg": 0.49781152606010437,
        "m": 0.5340636968612671,
        "mr": 0.3999195396900177,
        "dr": 0.4012160003185272,
        "mc": 0.3265226185321808,
        "dc": 0.7007259130477905,
        "bgb": 0.6746677756309509,
        "lgb": 0.19709855318069458
      },
      "peak_scores": {
        "mb": 0.7879605889320374,
        "db": 0.8641936182975769,
        "ml": 0.36487293243408203,
        "dl": 0.5562408566474915,
        "bg": 0.49781152606010437,
        "m": 0.5340636968612671,
        "mr": 0.3999195396900177,
        "dr": 0.4012160003185272,
        "mc": 0.3265226185321808,
        "dc": 0.7007259130477905,
        "bgb": 0.6746677756309509,
        "lgb": 0.19709855318069458
      },
      "top2": {
        "mb": 0.7877116799354553,
        "db": 0.863808810710907,
        "ml": 0.36486250162124634,
        "dl": 0.5555293560028076,
        "bg": 0.49552348256111145,
        "m": 0.5330110788345337,
        "mr": 0.3998514413833618,
        "dr": 0.40108412504196167,
        "mc": 0.32602137327194214,
        "dc": 0.7004627585411072,
        "bgb": 0.674191951751709,
        "lgb": 0.19685502350330353
      },
      "second_scores": {
        "mb": 0.7877116799354553,
        "db": 0.863808810710907,
        "ml": 0.36486250162124634,
        "dl": 0.5555293560028076,
        "bg": 0.49552348256111145,
        "m": 0.5330110788345337,
        "mr": 0.3998514413833618,
        "dr": 0.40108412504196167,
        "mc": 0.32602137327194214,
        "dc": 0.7004627585411072,
        "bgb": 0.674191951751709,
        "lgb": 0.19685502350330353
      },
      "margin": {
        "mb": 0.00024890899658203125,
        "db": 0.0003848075866699219,
        "ml": 1.043081283569336e-05,
        "dl": 0.0007115006446838379,
        "bg": 0.00228804349899292,
        "m": 0.0010526180267333984,
        "mr": 6.809830665588379e-05,
        "dr": 0.00013187527656555176,
        "mc": 0.0005012452602386475,
        "dc": 0.0002631545066833496,
        "bgb": 0.00047582387924194336,
        "lgb": 0.00024352967739105225
      },
      "meta": {
        "case_id": "049",
        "arch": "U",
        "fdi": 27,
        "tooth_id": 14,
        "sigma_mm": 5.0,
        "unit": "mm"
      }
    }
  },
  "meta": {
    "root": "C:\\MISC\\Deepcare\\Orthodontics\\datasets\\landmarks_dataset\\cooked\\p0\\samples"
  }
}