{
  "predictions": {
    "t27": {
      "landmarks_local": {
        "mb": [
          2.654245376586914,
          0.24118328094482422,
          4.096535682678223
        ],
        "db": [
          4.7391204833984375,
          1.3627920150756836,
          -1.4140262603759766
        ],
        "ml": [
          -4.934333801269531,
          -0.4895334243774414,
          2.504631996154785
        ],
        "dl": [
          -4.445796966552734,
          -0.9652891159057617,
          -3.0521793365478516
        ],
        "bg": [
          3.937471389770508,
          3.5004167556762695,
          3.4634361267089844
        ],
        "m": [
          -6.268827438354492,
          1.8392152786254883,
          1.7548942565917969
        ],
        "mr": [
          -4.452049255371094,
          2.13421630859375,
          3.608623504638672
        ],
        "dr": [
          -2.121540069580078,
          -1.1033906936645508,
          -4.77845573425293
        ],
        "mc": [
          -4.452049255371094,
          2.13421630859375,
          3.608623504638672
        ],
        "dc": [
          -0.3305644989013672,
          0.04315662384033203,
          -5.425800323486328
        ],
        "bgb": [
          4.982093811035156,
          4.355013370513916,
          0.8897609710693359
        ],
        "lgb": [
          -5.631795883178711,
          -0.5045270919799805,
          -1.6206035614013672
        ]
      },
      "landmarks_global": {
        "mb": [
          2.654245376586914,
          0.24118328094482422,
          4.096535682678223
        ],
        "db": [
          4.7391204833984375,
          1.3627920150756836,
          -1.4140262603759766
        ],
        "ml": [
          -4.934333801269531,
          -0.4895334243774414,
          2.504631996154785
        ],
        "dl": [
          -4.445796966552734,
          -0.9652891159057617,
          -3.0521793365478516
        ],
        "bg": [
          3.937471389770508,
          3.5004167556762695,
          3.4634361267089844
        ],
        "m": [
          -6.268827438354492,
          1.8392152786254883,
          1.7548942565917969
        ],
        "mr": [
          -4.452049255371094,
          2.13421630859375,
          3.608623504638672
        ],
        "dr": [
          -2.121540069580078,
          -1.1033906936645508,
          -4.77845573425293
        ],
        "mc": [
          -4.452049255371094,
          2.13421630859375,
          3.608623504638672
        ],
        "dc": [
          -0.3305644989013672,
          0.04315662384033203,
          -5.425800323486328
        ],
        "bgb": [
          4.982093811035156,
          4.355013370513916,
          0.8897609710693359
        ],
        "lgb": [
          -5.631795883178711,
          -0.5045270919799805,
          -1.6206035614013672
        ]
      },
      "indices": {
        "mb": 754,
        "db": 1369,
        "ml": 1014,
        "dl": 986,
        "bg": 2870,
        "m": 0,
        "mr": 20,
        "dr": 741,
        "mc": 20,
        "dc": 814,
        "bgb": 2085,
        "lgb": 1560
      },
      "scores": {
        "mb": 0.7269484996795654,
        "db": 0.8742789626121521,
        "ml": 0.33061158657073975,
        "dl": 0.6037068367004395,
        "bg": 0.43536433577537537,
        "m": 0.5494377017021179,
        "mr": 0.3828118145465851,
        "dr": 0.489205539226532,
        "mc": 0.3344426453113556,
        "dc": 0.7469291090965271,
        "bgb": 0.7055632472038269,
        "lgb": 0.17957326769828796
      },
      "top1": {
        "mb": 0.7269484996795654,
        "db": 0.8742789626121521,
        "ml": 0.33061158657073975,
        "dl": 0.6037068367004395,
        "bg": 0.43536433577537537,
        "m": 0.5494377017021179,
        "mr": 0.3828118145465851,
        "dr": 0.489205539226532,
        "mc": 0.3344426453113556,
        "dc": 0.7469291090965271,
        "bgb": 0.7055632472038269,
        "lgb": 0.17957326769828796
      },
      "peak_scores": {
        "mb": 0.7269484996795654,
        "db": 0.8742789626121521,
        "ml": 0.33061158657073975,
        "dl": 0.6037068367004395,
        "bg": 0.43536433577537537,
        "m": 0.5494377017021179,
        "mr": 0.3828118145465851,
        "dr": 0.489205539226532,
        "mc": 0.3344426453113556,
        "dc": 0.7469291090965271,
        "bgb": 0.7055632472038269,
        "lgb": 0.17957326769828796
      },
      "top2": {
        "mb": 0.7269049882888794,
        "db": 0.874275267124176,
        "ml": 0.33034032583236694,
        "dl": 0.6033082008361816,
        "bg": 0.4343544840812683,
        "m": 0.548448383808136,
        "mr": 0.38166433572769165,
        "dr": 0.48885056376457214,
        "mc": 0.33405667543411255,
        "dc": 0.7468936443328857,
        "bgb": 0.7052876353263855,
        "lgb": 0.1794814020395279
      },
      "second_scores": {
        "mb": 0.7269049882888794,
        "db": 0.874275267124176,
        "ml": 0.33034032583236694,
        "dl": 0.6033082008361816,
        "bg": 0.4343544840812683,
        "m": 0.548448383808136,
        "mr": 0.38166433572769165,
        "dr": 0.48885056376457214,
        "mc": 0.33405667543411255,
        "dc": 0.7468936443328857,
        "bgb": 0.7052876353263855,
        "lgb": 0.1794814020395279
      },
      "margin": {
        "mb": 4.3511390686035156e-05,
        "db": 3.6954879760742188e-06,
        "ml": 0.00027126073837280273,
        "dl": 0.0003986358642578125,
        "bg": 0.0010098516941070557,
        "m": 0.0009893178939819336,
        "mr": 0.0011474788188934326,
        "dr": 0.00035497546195983887,
        "mc": 0.000385969877243042,
        "dc": 3.546476364135742e-05,
        "bgb": 0.00027561187744140625,
        "lgb": 9.18656587600708e-05
      },
      "meta": {
        "case_id": "050",
        "arch": "U",
        "fdi": 27,
        "tooth_id": 14,
        "sigma_mm": 5.0,
        "unit": "mm"
      }
    }
  },
  "meta": {
    "root": "C:\\MISC\\Deepcare\\Orthodontics\\datasets\\landmarks_dataset\\cooked\\p0\\samples"
  }
}