{
  "predictions": {
    "t27": {
      "landmarks_local": {
        "mb": [
          1.744619369506836,
          0.20644474029541016,
          5.083547592163086
        ],
        "db": [
          3.562826156616211,
          2.83736515045166,
          -5.087035179138184
        ],
        "ml": [
          -4.805320739746094,
          -2.005167007446289,
          1.6833267211914062
        ],
        "dl": [
          -6.465890884399414,
          -1.6433963775634766,
          -2.9339818954467773
        ],
        "bg": [
          2.753023147583008,
          5.385639190673828,
          4.125479698181152
        ],
        "m": [
          -7.406169891357422,
          0.016452789306640625,
          0.6427106857299805
        ],
        "mr": [
          -0.34458351135253906,
          3.202143669128418,
          5.834007263183594
        ],
        "dr": [
          -3.052032470703125,
          -2.0537033081054688,
          -6.075390815734863
        ],
        "mc": [
          -0.34458351135253906,
          3.202143669128418,
          5.834007263183594
        ],
        "dc": [
          -3.052032470703125,
          -2.0537033081054688,
          -6.075390815734863
        ],
        "bgb": [
          3.854860305786133,
          5.86614990234375,
          2.004575729370117
        ],
        "lgb": [
          -6.7265777587890625,
          -1.6101608276367188,
          -1.1758975982666016
        ]
      },
      "landmarks_global": {
        "mb": [
          1.744619369506836,
          0.20644474029541016,
          5.083547592163086
        ],
        "db": [
          3.562826156616211,
          2.83736515045166,
          -5.087035179138184
        ],
        "ml": [
          -4.805320739746094,
          -2.005167007446289,
          1.6833267211914062
        ],
        "dl": [
          -6.465890884399414,
          -1.6433963775634766,
          -2.9339818954467773
        ],
        "bg": [
          2.753023147583008,
          5.385639190673828,
          4.125479698181152
        ],
        "m": [
          -7.406169891357422,
          0.016452789306640625,
          0.6427106857299805
        ],
        "mr": [
          -0.34458351135253906,
          3.202143669128418,
          5.834007263183594
        ],
        "dr": [
          -3.052032470703125,
          -2.0537033081054688,
          -6.075390815734863
        ],
        "mc": [
          -0.34458351135253906,
          3.202143669128418,
          5.834007263183594
        ],
        "dc": [
          -3.052032470703125,
          -2.0537033081054688,
          -6.075390815734863
        ],
        "bgb": [
          3.854860305786133,
          5.86614990234375,
          2.004575729370117
        ],
        "lgb": [
          -6.7265777587890625,
          -1.6101608276367188,
          -1.1758975982666016
        ]
      },
      "indices": {
        "mb": 220,
        "db": 408,
        "ml": 216,
        "dl": 1109,
        "bg": 1515,
        "m": 586,
        "mr": 1038,
        "dr": 214,
        "mc": 1038,
        "dc": 214,
        "bgb": 1322,
        "lgb": 1863
      },
      "scores": {
        "mb": 0.7679553031921387,
        "db": 0.8580934405326843,
        "ml": 0.380623996257782,
        "dl": 0.6223792433738708,
        "bg": 0.44431495666503906,
        "m": 0.49965232610702515,
        "mr": 0.38077786564826965,
        "dr": 0.44428375363349915,
        "mc": 0.3345409035682678,
        "dc": 0.7353541851043701,
        "bgb": 0.6585235595703125,
        "lgb": 0.21429313719272614
      },
      "top1": {
        "mb": 0.7679553031921387,
        "db": 0.8580934405326843,
        "ml": 0.380623996257782,
        "dl": 0.6223792433738708,
        "bg": 0.44431495666503906,
        "m": 0.49965232610702515,
        "mr": 0.38077786564826965,
        "dr": 0.44428375363349915,
        "mc": 0.3345409035682678,
        "dc": 0.7353541851043701,
        "bgb": 0.6585235595703125,
        "lgb": 0.21429313719272614
      },
      "peak_scores": {
        "mb": 0.7679553031921387,
        "db": 0.8580934405326843,
        "ml": 0.380623996257782,
        "dl": 0.6223792433738708,
        "bg": 0.44431495666503906,
        "m": 0.49965232610702515,
        "mr": 0.38077786564826965,
        "dr": 0.44428375363349915,
        "mc": 0.3345409035682678,
        "dc": 0.7353541851043701,
        "bgb": 0.6585235595703125,
        "lgb": 0.21429313719272614
      },
      "top2": {
        "mb": 0.7678183913230896,
        "db": 0.8575706481933594,
        "ml": 0.3800669312477112,
        "dl": 0.6221610307693481,
        "bg": 0.4442986249923706,
        "m": 0.4988820552825928,
        "mr": 0.3790355920791626,
        "dr": 0.4423227310180664,
        "mc": 0.3338577151298523,
        "dc": 0.7350874543190002,
        "bgb": 0.6564649939537048,
        "lgb": 0.21419961750507355
      },
      "second_scores": {
        "mb": 0.7678183913230896,
        "db": 0.8575706481933594,
        "ml": 0.3800669312477112,
        "dl": 0.6221610307693481,
        "bg": 0.4442986249923706,
        "m": 0.4988820552825928,
        "mr": 0.3790355920791626,
        "dr": 0.4423227310180664,
        "mc": 0.3338577151298523,
        "dc": 0.7350874543190002,
        "bgb": 0.6564649939537048,
        "lgb": 0.21419961750507355
      },
      "margin": {
        "mb": 0.00013691186904907227,
        "db": 0.0005227923393249512,
        "ml": 0.0005570650100708008,
        "dl": 0.00021821260452270508,
        "bg": 1.633167266845703e-05,
        "m": 0.000770270824432373,
        "mr": 0.0017422735691070557,
        "dr": 0.0019610226154327393,
        "mc": 0.0006831884384155273,
        "dc": 0.00026673078536987305,
        "bgb": 0.002058565616607666,
        "lgb": 9.351968765258789e-05
      },
      "meta": {
        "case_id": "051",
        "arch": "U",
        "fdi": 27,
        "tooth_id": 14,
        "sigma_mm": 5.0,
        "unit": "mm"
      }
    }
  },
  "meta": {
    "root": "C:\\MISC\\Deepcare\\Orthodontics\\datasets\\landmarks_dataset\\cooked\\p0\\samples"
  }
}