{
  "predictions": {
    "t27": {
      "landmarks_local": {
        "mb": [
          2.074533462524414,
          1.1792469024658203,
          5.2077155113220215
        ],
        "db": [
          2.621755599975586,
          1.1211986541748047,
          -5.510324478149414
        ],
        "ml": [
          -5.746065139770508,
          -0.6271781921386719,
          1.771468162536621
        ],
        "dl": [
          -6.22480583190918,
          -1.7675189971923828,
          -1.5211915969848633
        ],
        "bg": [
          -0.4026451110839844,
          2.6236915588378906,
          5.388164520263672
        ],
        "m": [
          -7.383932113647461,
          1.2558326721191406,
          0.19570350646972656
        ],
        "mr": [
          -0.40204811096191406,
          4.003875732421875,
          4.691867828369141
        ],
        "dr": [
          -5.309122085571289,
          -1.1794109344482422,
          -4.547752380371094
        ],
        "mc": [
          -0.23400497436523438,
          4.206429481506348,
          4.601644039154053
        ],
        "dc": [
          -2.3506832122802734,
          -1.3341560363769531,
          -6.11442756652832
        ],
        "bgb": [
          2.819032669067383,
          5.926056861877441,
          2.354766845703125
        ],
        "lgb": [
          -6.601720809936523,
          -1.2799930572509766,
          -0.687159538269043
        ]
      },
      "landmarks_global": {
        "mb": [
          2.074533462524414,
          1.1792469024658203,
          5.2077155113220215
        ],
        "db": [
          2.621755599975586,
          1.1211986541748047,
          -5.510324478149414
        ],
        "ml": [
          -5.746065139770508,
          -0.6271781921386719,
          1.771468162536621
        ],
        "dl": [
          -6.22480583190918,
          -1.7675189971923828,
          -1.5211915969848633
        ],
        "bg": [
          -0.4026451110839844,
          2.6236915588378906,
          5.388164520263672
        ],
        "m": [
          -7.383932113647461,
          1.2558326721191406,
          0.19570350646972656
        ],
        "mr": [
          -0.40204811096191406,
          4.003875732421875,
          4.691867828369141
        ],
        "dr": [
          -5.309122085571289,
          -1.1794109344482422,
          -4.547752380371094
        ],
        "mc": [
          -0.23400497436523438,
          4.206429481506348,
          4.601644039154053
        ],
        "dc": [
          -2.3506832122802734,
          -1.3341560363769531,
          -6.11442756652832
        ],
        "bgb": [
          2.819032669067383,
          5.926056861877441,
          2.354766845703125
        ],
        "lgb": [
          -6.601720809936523,
          -1.2799930572509766,
          -0.687159538269043
        ]
      },
      "indices": {
        "mb": 1398,
        "db": 110,
        "ml": 516,
        "dl": 2313,
        "bg": 11,
        "m": 2537,
        "mr": 2103,
        "dr": 1439,
        "mc": 50,
        "dc": 1351,
        "bgb": 2151,
        "lgb": 1452
      },
      "scores": {
        "mb": 0.773856520652771,
        "db": 0.8357746005058289,
        "ml": 0.40885594487190247,
        "dl": 0.6977888345718384,
        "bg": 0.3945971429347992,
        "m": 0.5334844589233398,
        "mr": 0.408485472202301,
        "dr": 0.4474344253540039,
        "mc": 0.3533508777618408,
        "dc": 0.733087420463562,
        "bgb": 0.5763320326805115,
        "lgb": 0.25703805685043335
      },
      "top1": {
        "mb": 0.773856520652771,
        "db": 0.8357746005058289,
        "ml": 0.40885594487190247,
        "dl": 0.6977888345718384,
        "bg": 0.3945971429347992,
        "m": 0.5334844589233398,
        "mr": 0.408485472202301,
        "dr": 0.4474344253540039,
        "mc": 0.3533508777618408,
        "dc": 0.733087420463562,
        "bgb": 0.5763320326805115,
        "lgb": 0.25703805685043335
      },
      "peak_scores": {
        "mb": 0.773856520652771,
        "db": 0.8357746005058289,
        "ml": 0.40885594487190247,
        "dl": 0.6977888345718384,
        "bg": 0.3945971429347992,
        "m": 0.5334844589233398,
        "mr": 0.408485472202301,
        "dr": 0.4474344253540039,
        "mc": 0.3533508777618408,
        "dc": 0.733087420463562,
        "bgb": 0.5763320326805115,
        "lgb": 0.25703805685043335
      },
      "top2": {
        "mb": 0.7737826108932495,
        "db": 0.8352590799331665,
        "ml": 0.40881621837615967,
        "dl": 0.697577714920044,
        "bg": 0.3942818343639374,
        "m": 0.533482551574707,
        "mr": 0.4081438481807709,
        "dr": 0.4471866488456726,
        "mc": 0.35286787152290344,
        "dc": 0.7321925759315491,
        "bgb": 0.5743553042411804,
        "lgb": 0.25679653882980347
      },
      "second_scores": {
        "mb": 0.7737826108932495,
        "db": 0.8352590799331665,
        "ml": 0.40881621837615967,
        "dl": 0.697577714920044,
        "bg": 0.3942818343639374,
        "m": 0.533482551574707,
        "mr": 0.4081438481807709,
        "dr": 0.4471866488456726,
        "mc": 0.35286787152290344,
        "dc": 0.7321925759315491,
        "bgb": 0.5743553042411804,
        "lgb": 0.25679653882980347
      },
      "margin": {
        "mb": 7.390975952148438e-05,
        "db": 0.0005155205726623535,
        "ml": 3.972649574279785e-05,
        "dl": 0.0002111196517944336,
        "bg": 0.0003153085708618164,
        "m": 1.9073486328125e-06,
        "mr": 0.00034162402153015137,
        "dr": 0.00024777650833129883,
        "mc": 0.00048300623893737793,
        "dc": 0.0008948445320129395,
        "bgb": 0.0019767284393310547,
        "lgb": 0.0002415180206298828
      },
      "meta": {
        "case_id": "052",
        "arch": "U",
        "fdi": 27,
        "tooth_id": 14,
        "sigma_mm": 5.0,
        "unit": "mm"
      }
    }
  },
  "meta": {
    "root": "C:\\MISC\\Deepcare\\Orthodontics\\datasets\\landmarks_dataset\\cooked\\p0\\samples"
  }
}