{
  "predictions": {
    "t27": {
      "landmarks_local": {
        "mb": [
          1.4520015716552734,
          0.6016826629638672,
          4.977847576141357
        ],
        "db": [
          2.4948081970214844,
          0.622650146484375,
          -4.010358810424805
        ],
        "ml": [
          -5.566873550415039,
          -0.6878261566162109,
          0.8149762153625488
        ],
        "dl": [
          -2.9627609252929688,
          -2.6784496307373047,
          -4.225130081176758
        ],
        "bg": [
          1.955343246459961,
          2.6828789710998535,
          4.716862678527832
        ],
        "m": [
          -6.424112319946289,
          -0.3517932891845703,
          -0.5198025703430176
        ],
        "mr": [
          -1.1320304870605469,
          3.031808376312256,
          4.892886161804199
        ],
        "dr": [
          -3.578676223754883,
          -1.3018989562988281,
          -5.756387710571289
        ],
        "mc": [
          -5.7427825927734375,
          0.09203147888183594,
          1.527733325958252
        ],
        "dc": [
          -3.578676223754883,
          -1.3018989562988281,
          -5.756387710571289
        ],
        "bgb": [
          3.4654922485351562,
          5.482577323913574,
          1.3597750663757324
        ],
        "lgb": [
          -5.293214797973633,
          -1.4516515731811523,
          -3.8604164123535156
        ]
      },
      "landmarks_global": {
        "mb": [
          1.4520015716552734,
          0.6016826629638672,
          4.977847576141357
        ],
        "db": [
          2.4948081970214844,
          0.622650146484375,
          -4.010358810424805
        ],
        "ml": [
          -5.566873550415039,
          -0.6878261566162109,
          0.8149762153625488
        ],
        "dl": [
          -2.9627609252929688,
          -2.6784496307373047,
          -4.225130081176758
        ],
        "bg": [
          1.955343246459961,
          2.6828789710998535,
          4.716862678527832
        ],
        "m": [
          -6.424112319946289,
          -0.3517932891845703,
          -0.5198025703430176
        ],
        "mr": [
          -1.1320304870605469,
          3.031808376312256,
          4.892886161804199
        ],
        "dr": [
          -3.578676223754883,
          -1.3018989562988281,
          -5.756387710571289
        ],
        "mc": [
          -5.7427825927734375,
          0.09203147888183594,
          1.527733325958252
        ],
        "dc": [
          -3.578676223754883,
          -1.3018989562988281,
          -5.756387710571289
        ],
        "bgb": [
          3.4654922485351562,
          5.482577323913574,
          1.3597750663757324
        ],
        "lgb": [
          -5.293214797973633,
          -1.4516515731811523,
          -3.8604164123535156
        ]
      },
      "indices": {
        "mb": 1021,
        "db": 1865,
        "ml": 2518,
        "dl": 1634,
        "bg": 2670,
        "m": 0,
        "mr": 380,
        "dr": 2483,
        "mc": 26,
        "dc": 2483,
        "bgb": 2739,
        "lgb": 2272
      },
      "scores": {
        "mb": 0.7890656590461731,
        "db": 0.8563539981842041,
        "ml": 0.41617074608802795,
        "dl": 0.5319981575012207,
        "bg": 0.5315632820129395,
        "m": 0.5244436860084534,
        "mr": 0.3860680162906647,
        "dr": 0.38928329944610596,
        "mc": 0.3263562321662903,
        "dc": 0.668883740901947,
        "bgb": 0.705244243144989,
        "lgb": 0.23518984019756317
      },
      "top1": {
        "mb": 0.7890656590461731,
        "db": 0.8563539981842041,
        "ml": 0.41617074608802795,
        "dl": 0.5319981575012207,
        "bg": 0.5315632820129395,
        "m": 0.5244436860084534,
        "mr": 0.3860680162906647,
        "dr": 0.38928329944610596,
        "mc": 0.3263562321662903,
        "dc": 0.668883740901947,
        "bgb": 0.705244243144989,
        "lgb": 0.23518984019756317
      },
      "peak_scores": {
        "mb": 0.7890656590461731,
        "db": 0.8563539981842041,
        "ml": 0.41617074608802795,
        "dl": 0.5319981575012207,
        "bg": 0.5315632820129395,
        "m": 0.5244436860084534,
        "mr": 0.3860680162906647,
        "dr": 0.38928329944610596,
        "mc": 0.3263562321662903,
        "dc": 0.668883740901947,
        "bgb": 0.705244243144989,
        "lgb": 0.23518984019756317
      },
      "top2": {
        "mb": 0.7888101935386658,
        "db": 0.8563145399093628,
        "ml": 0.41556316614151,
        "dl": 0.5314947962760925,
        "bg": 0.5314770340919495,
        "m": 0.5232847332954407,
        "mr": 0.3851030468940735,
        "dr": 0.38918301463127136,
        "mc": 0.3258169889450073,
        "dc": 0.668597936630249,
        "bgb": 0.7050756812095642,
        "lgb": 0.23503829538822174
      },
      "second_scores": {
        "mb": 0.7888101935386658,
        "db": 0.8563145399093628,
        "ml": 0.41556316614151,
        "dl": 0.5314947962760925,
        "bg": 0.5314770340919495,
        "m": 0.5232847332954407,
        "mr": 0.3851030468940735,
        "dr": 0.38918301463127136,
        "mc": 0.3258169889450073,
        "dc": 0.668597936630249,
        "bgb": 0.7050756812095642,
        "lgb": 0.23503829538822174
      },
      "margin": {
        "mb": 0.0002554655075073242,
        "db": 3.9458274841308594e-05,
        "ml": 0.0006075799465179443,
        "dl": 0.0005033612251281738,
        "bg": 8.624792098999023e-05,
        "m": 0.0011589527130126953,
        "mr": 0.0009649693965911865,
        "dr": 0.00010028481483459473,
        "mc": 0.000539243221282959,
        "dc": 0.00028580427169799805,
        "bgb": 0.0001685619354248047,
        "lgb": 0.00015154480934143066
      },
      "meta": {
        "case_id": "053",
        "arch": "U",
        "fdi": 27,
        "tooth_id": 14,
        "sigma_mm": 5.0,
        "unit": "mm"
      }
    }
  },
  "meta": {
    "root": "C:\\MISC\\Deepcare\\Orthodontics\\datasets\\landmarks_dataset\\cooked\\p0\\samples"
  }
}