{
  "predictions": {
    "t27": {
      "landmarks_local": {
        "mb": [
          2.1691741943359375,
          0.210968017578125,
          4.211099624633789
        ],
        "db": [
          4.0377349853515625,
          3.90087890625,
          -2.637120246887207
        ],
        "ml": [
          -4.130950927734375,
          -1.5134029388427734,
          1.1281509399414062
        ],
        "dl": [
          -4.290855407714844,
          -1.313079833984375,
          -4.655182838439941
        ],
        "bg": [
          1.7167778015136719,
          2.8132619857788086,
          5.103009223937988
        ],
        "m": [
          -6.44560432434082,
          1.7064943313598633,
          0.1566171646118164
        ],
        "mr": [
          -5.305522918701172,
          1.624312400817871,
          2.1997623443603516
        ],
        "dr": [
          -2.96112060546875,
          -1.0247020721435547,
          -5.4848432540893555
        ],
        "mc": [
          1.7167778015136719,
          2.8132619857788086,
          5.103009223937988
        ],
        "dc": [
          -2.96112060546875,
          -1.0247020721435547,
          -5.4848432540893555
        ],
        "bgb": [
          4.810953140258789,
          4.552924156188965,
          -0.2985239028930664
        ],
        "lgb": [
          -5.259183883666992,
          -0.6339855194091797,
          -0.9234685897827148
        ]
      },
      "landmarks_global": {
        "mb": [
          2.1691741943359375,
          0.210968017578125,
          4.211099624633789
        ],
        "db": [
          4.0377349853515625,
          3.90087890625,
          -2.637120246887207
        ],
        "ml": [
          -4.130950927734375,
          -1.5134029388427734,
          1.1281509399414062
        ],
        "dl": [
          -4.290855407714844,
          -1.313079833984375,
          -4.655182838439941
        ],
        "bg": [
          1.7167778015136719,
          2.8132619857788086,
          5.103009223937988
        ],
        "m": [
          -6.44560432434082,
          1.7064943313598633,
          0.1566171646118164
        ],
        "mr": [
          -5.305522918701172,
          1.624312400817871,
          2.1997623443603516
        ],
        "dr": [
          -2.96112060546875,
          -1.0247020721435547,
          -5.4848432540893555
        ],
        "mc": [
          1.7167778015136719,
          2.8132619857788086,
          5.103009223937988
        ],
        "dc": [
          -2.96112060546875,
          -1.0247020721435547,
          -5.4848432540893555
        ],
        "bgb": [
          4.810953140258789,
          4.552924156188965,
          -0.2985239028930664
        ],
        "lgb": [
          -5.259183883666992,
          -0.6339855194091797,
          -0.9234685897827148
        ]
      },
      "indices": {
        "mb": 862,
        "db": 22,
        "ml": 1742,
        "dl": 1,
        "bg": 410,
        "m": 118,
        "mr": 604,
        "dr": 185,
        "mc": 410,
        "dc": 185,
        "bgb": 5,
        "lgb": 2684
      },
      "scores": {
        "mb": 0.7483223676681519,
        "db": 0.8620286583900452,
        "ml": 0.34943461418151855,
        "dl": 0.6353381872177124,
        "bg": 0.4039965867996216,
        "m": 0.5070404410362244,
        "mr": 0.35907161235809326,
        "dr": 0.466350793838501,
        "mc": 0.3124448359012604,
        "dc": 0.7489412426948547,
        "bgb": 0.6536842584609985,
        "lgb": 0.20293669402599335
      },
      "top1": {
        "mb": 0.7483223676681519,
        "db": 0.8620286583900452,
        "ml": 0.34943461418151855,
        "dl": 0.6353381872177124,
        "bg": 0.4039965867996216,
        "m": 0.5070404410362244,
        "mr": 0.35907161235809326,
        "dr": 0.466350793838501,
        "mc": 0.3124448359012604,
        "dc": 0.7489412426948547,
        "bgb": 0.6536842584609985,
        "lgb": 0.20293669402599335
      },
      "peak_scores": {
        "mb": 0.7483223676681519,
        "db": 0.8620286583900452,
        "ml": 0.34943461418151855,
        "dl": 0.6353381872177124,
        "bg": 0.4039965867996216,
        "m": 0.5070404410362244,
        "mr": 0.35907161235809326,
        "dr": 0.466350793838501,
        "mc": 0.3124448359012604,
        "dc": 0.7489412426948547,
        "bgb": 0.6536842584609985,
        "lgb": 0.20293669402599335
      },
      "top2": {
        "mb": 0.7479838132858276,
        "db": 0.8616852760314941,
        "ml": 0.3494017720222473,
        "dl": 0.6346267461776733,
        "bg": 0.403897225856781,
        "m": 0.5064995884895325,
        "mr": 0.3582216501235962,
        "dr": 0.46595829725265503,
        "mc": 0.3113877773284912,
        "dc": 0.7486823797225952,
        "bgb": 0.6521275639533997,
        "lgb": 0.20243221521377563
      },
      "second_scores": {
        "mb": 0.7479838132858276,
        "db": 0.8616852760314941,
        "ml": 0.3494017720222473,
        "dl": 0.6346267461776733,
        "bg": 0.403897225856781,
        "m": 0.5064995884895325,
        "mr": 0.3582216501235962,
        "dr": 0.46595829725265503,
        "mc": 0.3113877773284912,
        "dc": 0.7486823797225952,
        "bgb": 0.6521275639533997,
        "lgb": 0.20243221521377563
      },
      "margin": {
        "mb": 0.00033855438232421875,
        "db": 0.0003433823585510254,
        "ml": 3.2842159271240234e-05,
        "dl": 0.0007114410400390625,
        "bg": 9.936094284057617e-05,
        "m": 0.0005408525466918945,
        "mr": 0.0008499622344970703,
        "dr": 0.00039249658584594727,
        "mc": 0.001057058572769165,
        "dc": 0.0002588629722595215,
        "bgb": 0.001556694507598877,
        "lgb": 0.0005044788122177124
      },
      "meta": {
        "case_id": "054",
        "arch": "U",
        "fdi": 27,
        "tooth_id": 14,
        "sigma_mm": 5.0,
        "unit": "mm"
      }
    }
  },
  "meta": {
    "root": "C:\\MISC\\Deepcare\\Orthodontics\\datasets\\landmarks_dataset\\cooked\\p0\\samples"
  }
}