{
  "predictions": {
    "t27": {
      "landmarks_local": {
        "mb": [
          2.391681671142578,
          0.6975345611572266,
          4.732240676879883
        ],
        "db": [
          4.308107376098633,
          1.077958106994629,
          -4.179703235626221
        ],
        "ml": [
          -5.071409225463867,
          -1.6145992279052734,
          0.5211524963378906
        ],
        "dl": [
          -2.7285690307617188,
          -2.560959815979004,
          -4.1391987800598145
        ],
        "bg": [
          3.1150379180908203,
          5.486013412475586,
          3.2252891063690186
        ],
        "m": [
          -6.660860061645508,
          1.1384477615356445,
          0.06994342803955078
        ],
        "mr": [
          -0.2907848358154297,
          3.9523048400878906,
          4.718445777893066
        ],
        "dr": [
          -2.20794677734375,
          -0.9565715789794922,
          -6.876269817352295
        ],
        "mc": [
          -0.34300994873046875,
          4.208954811096191,
          4.567745208740234
        ],
        "dc": [
          -2.20794677734375,
          -0.9565715789794922,
          -6.876269817352295
        ],
        "bgb": [
          4.335786819458008,
          5.681642532348633,
          2.2557005882263184
        ],
        "lgb": [
          -5.949886322021484,
          -0.7846717834472656,
          -1.6835265159606934
        ]
      },
      "landmarks_global": {
        "mb": [
          2.391681671142578,
          0.6975345611572266,
          4.732240676879883
        ],
        "db": [
          4.308107376098633,
          1.077958106994629,
          -4.179703235626221
        ],
        "ml": [
          -5.071409225463867,
          -1.6145992279052734,
          0.5211524963378906
        ],
        "dl": [
          -2.7285690307617188,
          -2.560959815979004,
          -4.1391987800598145
        ],
        "bg": [
          3.1150379180908203,
          5.486013412475586,
          3.2252891063690186
        ],
        "m": [
          -6.660860061645508,
          1.1384477615356445,
          0.06994342803955078
        ],
        "mr": [
          -0.2907848358154297,
          3.9523048400878906,
          4.718445777893066
        ],
        "dr": [
          -2.20794677734375,
          -0.9565715789794922,
          -6.876269817352295
        ],
        "mc": [
          -0.34300994873046875,
          4.208954811096191,
          4.567745208740234
        ],
        "dc": [
          -2.20794677734375,
          -0.9565715789794922,
          -6.876269817352295
        ],
        "bgb": [
          4.335786819458008,
          5.681642532348633,
          2.2557005882263184
        ],
        "lgb": [
          -5.949886322021484,
          -0.7846717834472656,
          -1.6835265159606934
        ]
      },
      "indices": {
        "mb": 809,
        "db": 80,
        "ml": 1544,
        "dl": 1732,
        "bg": 1970,
        "m": 2122,
        "mr": 185,
        "dr": 89,
        "mc": 1614,
        "dc": 89,
        "bgb": 2151,
        "lgb": 2093
      },
      "scores": {
        "mb": 0.804553210735321,
        "db": 0.8379042744636536,
        "ml": 0.4355197250843048,
        "dl": 0.6221888661384583,
        "bg": 0.483293354511261,
        "m": 0.5332993865013123,
        "mr": 0.39524251222610474,
        "dr": 0.42767712473869324,
        "mc": 0.3574812710285187,
        "dc": 0.7122161984443665,
        "bgb": 0.6649406552314758,
        "lgb": 0.23556798696517944
      },
      "top1": {
        "mb": 0.804553210735321,
        "db": 0.8379042744636536,
        "ml": 0.4355197250843048,
        "dl": 0.6221888661384583,
        "bg": 0.483293354511261,
        "m": 0.5332993865013123,
        "mr": 0.39524251222610474,
        "dr": 0.42767712473869324,
        "mc": 0.3574812710285187,
        "dc": 0.7122161984443665,
        "bgb": 0.6649406552314758,
        "lgb": 0.23556798696517944
      },
      "peak_scores": {
        "mb": 0.804553210735321,
        "db": 0.8379042744636536,
        "ml": 0.4355197250843048,
        "dl": 0.6221888661384583,
        "bg": 0.483293354511261,
        "m": 0.5332993865013123,
        "mr": 0.39524251222610474,
        "dr": 0.42767712473869324,
        "mc": 0.3574812710285187,
        "dc": 0.7122161984443665,
        "bgb": 0.6649406552314758,
        "lgb": 0.23556798696517944
      },
      "top2": {
        "mb": 0.8043451309204102,
        "db": 0.8378156423568726,
        "ml": 0.4343597888946533,
        "dl": 0.6221503615379333,
        "bg": 0.4832621216773987,
        "m": 0.5332942605018616,
        "mr": 0.39501139521598816,
        "dr": 0.4276561141014099,
        "mc": 0.35641926527023315,
        "dc": 0.7114582657814026,
        "bgb": 0.6645568609237671,
        "lgb": 0.2352803647518158
      },
      "second_scores": {
        "mb": 0.8043451309204102,
        "db": 0.8378156423568726,
        "ml": 0.4343597888946533,
        "dl": 0.6221503615379333,
        "bg": 0.4832621216773987,
        "m": 0.5332942605018616,
        "mr": 0.39501139521598816,
        "dr": 0.4276561141014099,
        "mc": 0.35641926527023315,
        "dc": 0.7114582657814026,
        "bgb": 0.6645568609237671,
        "lgb": 0.2352803647518158
      },
      "margin": {
        "mb": 0.00020807981491088867,
        "db": 8.863210678100586e-05,
        "ml": 0.0011599361896514893,
        "dl": 3.8504600524902344e-05,
        "bg": 3.123283386230469e-05,
        "m": 5.125999450683594e-06,
        "mr": 0.00023111701011657715,
        "dr": 2.1010637283325195e-05,
        "mc": 0.0010620057582855225,
        "dc": 0.0007579326629638672,
        "bgb": 0.00038379430770874023,
        "lgb": 0.00028762221336364746
      },
      "meta": {
        "case_id": "055",
        "arch": "U",
        "fdi": 27,
        "tooth_id": 14,
        "sigma_mm": 5.0,
        "unit": "mm"
      }
    }
  },
  "meta": {
    "root": "C:\\MISC\\Deepcare\\Orthodontics\\datasets\\landmarks_dataset\\cooked\\p0\\samples"
  }
}