{
  "predictions": {
    "t27": {
      "landmarks_local": {
        "mb": [
          0.8707294464111328,
          0.5008983612060547,
          5.832242965698242
        ],
        "db": [
          4.122190475463867,
          1.5980806350708008,
          -3.8241376876831055
        ],
        "ml": [
          -4.390920639038086,
          -1.5400323867797852,
          1.7830171585083008
        ],
        "dl": [
          -3.107942581176758,
          -2.2934722900390625,
          -3.4228410720825195
        ],
        "bg": [
          4.893796920776367,
          3.780183792114258,
          4.036544322967529
        ],
        "m": [
          -6.605106353759766,
          3.334259033203125,
          -1.5407285690307617
        ],
        "mr": [
          -5.422574996948242,
          2.180370330810547,
          2.5526394844055176
        ],
        "dr": [
          -4.04682731628418,
          0.638697624206543,
          -5.613935470581055
        ],
        "mc": [
          -5.422574996948242,
          2.180370330810547,
          2.5526394844055176
        ],
        "dc": [
          -4.04682731628418,
          0.638697624206543,
          -5.613935470581055
        ],
        "bgb": [
          5.650856018066406,
          4.491300106048584,
          1.9328699111938477
        ],
        "lgb": [
          -5.174167633056641,
          -1.1472797393798828,
          0.2584371566772461
        ]
      },
      "landmarks_global": {
        "mb": [
          0.8707294464111328,
          0.5008983612060547,
          5.832242965698242
        ],
        "db": [
          4.122190475463867,
          1.5980806350708008,
          -3.8241376876831055
        ],
        "ml": [
          -4.390920639038086,
          -1.5400323867797852,
          1.7830171585083008
        ],
        "dl": [
          -3.107942581176758,
          -2.2934722900390625,
          -3.4228410720825195
        ],
        "bg": [
          4.893796920776367,
          3.780183792114258,
          4.036544322967529
        ],
        "m": [
          -6.605106353759766,
          3.334259033203125,
          -1.5407285690307617
        ],
        "mr": [
          -5.422574996948242,
          2.180370330810547,
          2.5526394844055176
        ],
        "dr": [
          -4.04682731628418,
          0.638697624206543,
          -5.613935470581055
        ],
        "mc": [
          -5.422574996948242,
          2.180370330810547,
          2.5526394844055176
        ],
        "dc": [
          -4.04682731628418,
          0.638697624206543,
          -5.613935470581055
        ],
        "bgb": [
          5.650856018066406,
          4.491300106048584,
          1.9328699111938477
        ],
        "lgb": [
          -5.174167633056641,
          -1.1472797393798828,
          0.2584371566772461
        ]
      },
      "indices": {
        "mb": 404,
        "db": 612,
        "ml": 353,
        "dl": 1431,
        "bg": 425,
        "m": 0,
        "mr": 41,
        "dr": 7,
        "mc": 41,
        "dc": 7,
        "bgb": 124,
        "lgb": 1483
      },
      "scores": {
        "mb": 0.7899444103240967,
        "db": 0.8636277318000793,
        "ml": 0.3987148106098175,
        "dl": 0.5831969380378723,
        "bg": 0.4800911545753479,
        "m": 0.5402444005012512,
        "mr": 0.39505735039711,
        "dr": 0.42889249324798584,
        "mc": 0.33392906188964844,
        "dc": 0.720601499080658,
        "bgb": 0.6806703805923462,
        "lgb": 0.20299886167049408
      },
      "top1": {
        "mb": 0.7899444103240967,
        "db": 0.8636277318000793,
        "ml": 0.3987148106098175,
        "dl": 0.5831969380378723,
        "bg": 0.4800911545753479,
        "m": 0.5402444005012512,
        "mr": 0.39505735039711,
        "dr": 0.42889249324798584,
        "mc": 0.33392906188964844,
        "dc": 0.720601499080658,
        "bgb": 0.6806703805923462,
        "lgb": 0.20299886167049408
      },
      "peak_scores": {
        "mb": 0.7899444103240967,
        "db": 0.8636277318000793,
        "ml": 0.3987148106098175,
        "dl": 0.5831969380378723,
        "bg": 0.4800911545753479,
        "m": 0.5402444005012512,
        "mr": 0.39505735039711,
        "dr": 0.42889249324798584,
        "mc": 0.33392906188964844,
        "dc": 0.720601499080658,
        "bgb": 0.6806703805923462,
        "lgb": 0.20299886167049408
      },
      "top2": {
        "mb": 0.7893446683883667,
        "db": 0.8635859489440918,
        "ml": 0.39845791459083557,
        "dl": 0.5830307006835938,
        "bg": 0.4800754487514496,
        "m": 0.539911687374115,
        "mr": 0.39398378133773804,
        "dr": 0.4280773997306824,
        "mc": 0.33319464325904846,
        "dc": 0.7203541994094849,
        "bgb": 0.679826557636261,
        "lgb": 0.20281070470809937
      },
      "second_scores": {
        "mb": 0.7893446683883667,
        "db": 0.8635859489440918,
        "ml": 0.39845791459083557,
        "dl": 0.5830307006835938,
        "bg": 0.4800754487514496,
        "m": 0.539911687374115,
        "mr": 0.39398378133773804,
        "dr": 0.4280773997306824,
        "mc": 0.33319464325904846,
        "dc": 0.7203541994094849,
        "bgb": 0.679826557636261,
        "lgb": 0.20281070470809937
      },
      "margin": {
        "mb": 0.0005997419357299805,
        "db": 4.178285598754883e-05,
        "ml": 0.0002568960189819336,
        "dl": 0.00016623735427856445,
        "bg": 1.570582389831543e-05,
        "m": 0.00033271312713623047,
        "mr": 0.0010735690593719482,
        "dr": 0.0008150935173034668,
        "mc": 0.0007344186305999756,
        "dc": 0.0002472996711730957,
        "bgb": 0.0008438229560852051,
        "lgb": 0.00018815696239471436
      },
      "meta": {
        "case_id": "056",
        "arch": "U",
        "fdi": 27,
        "tooth_id": 14,
        "sigma_mm": 5.0,
        "unit": "mm"
      }
    }
  },
  "meta": {
    "root": "C:\\MISC\\Deepcare\\Orthodontics\\datasets\\landmarks_dataset\\cooked\\p0\\samples"
  }
}