{
  "predictions": {
    "t27": {
      "landmarks_local": {
        "mb": [
          2.205392837524414,
          0.5806503295898438,
          3.9441614151000977
        ],
        "db": [
          2.9731082916259766,
          1.6445684432983398,
          -3.901394844055176
        ],
        "ml": [
          -4.554145812988281,
          -1.7730894088745117,
          1.6079216003417969
        ],
        "dl": [
          -4.240043640136719,
          -2.930757522583008,
          -2.8202829360961914
        ],
        "bg": [
          2.168191909790039,
          3.1429920196533203,
          3.893803596496582
        ],
        "m": [
          -6.260622024536133,
          0.3584909439086914,
          0.6620254516601562
        ],
        "mr": [
          -3.680879592895508,
          1.0261955261230469,
          3.474641799926758
        ],
        "dr": [
          -4.240043640136719,
          -2.930757522583008,
          -2.8202829360961914
        ],
        "mc": [
          1.9284896850585938,
          2.965073585510254,
          4.133140563964844
        ],
        "dc": [
          -0.010313034057617188,
          -0.2711057662963867,
          -5.538159370422363
        ],
        "bgb": [
          3.978933334350586,
          4.252934455871582,
          0.6178522109985352
        ],
        "lgb": [
          -4.240043640136719,
          -2.930757522583008,
          -2.8202829360961914
        ]
      },
      "landmarks_global": {
        "mb": [
          2.205392837524414,
          0.5806503295898438,
          3.9441614151000977
        ],
        "db": [
          2.9731082916259766,
          1.6445684432983398,
          -3.901394844055176
        ],
        "ml": [
          -4.554145812988281,
          -1.7730894088745117,
          1.6079216003417969
        ],
        "dl": [
          -4.240043640136719,
          -2.930757522583008,
          -2.8202829360961914
        ],
        "bg": [
          2.168191909790039,
          3.1429920196533203,
          3.893803596496582
        ],
        "m": [
          -6.260622024536133,
          0.3584909439086914,
          0.6620254516601562
        ],
        "mr": [
          -3.680879592895508,
          1.0261955261230469,
          3.474641799926758
        ],
        "dr": [
          -4.240043640136719,
          -2.930757522583008,
          -2.8202829360961914
        ],
        "mc": [
          1.9284896850585938,
          2.965073585510254,
          4.133140563964844
        ],
        "dc": [
          -0.010313034057617188,
          -0.2711057662963867,
          -5.538159370422363
        ],
        "bgb": [
          3.978933334350586,
          4.252934455871582,
          0.6178522109985352
        ],
        "lgb": [
          -4.240043640136719,
          -2.930757522583008,
          -2.8202829360961914
        ]
      },
      "indices": {
        "mb": 1799,
        "db": 2498,
        "ml": 2653,
        "dl": 1,
        "bg": 583,
        "m": 1601,
        "mr": 875,
        "dr": 1,
        "mc": 47,
        "dc": 39,
        "bgb": 2487,
        "lgb": 1
      },
      "scores": {
        "mb": 0.7396048903465271,
        "db": 0.8609586954116821,
        "ml": 0.3485822379589081,
        "dl": 0.6220381855964661,
        "bg": 0.4179549217224121,
        "m": 0.5126276612281799,
        "mr": 0.3697129487991333,
        "dr": 0.44831305742263794,
        "mc": 0.3088186979293823,
        "dc": 0.7437469959259033,
        "bgb": 0.6672531366348267,
        "lgb": 0.20317606627941132
      },
      "top1": {
        "mb": 0.7396048903465271,
        "db": 0.8609586954116821,
        "ml": 0.3485822379589081,
        "dl": 0.6220381855964661,
        "bg": 0.4179549217224121,
        "m": 0.5126276612281799,
        "mr": 0.3697129487991333,
        "dr": 0.44831305742263794,
        "mc": 0.3088186979293823,
        "dc": 0.7437469959259033,
        "bgb": 0.6672531366348267,
        "lgb": 0.20317606627941132
      },
      "peak_scores": {
        "mb": 0.7396048903465271,
        "db": 0.8609586954116821,
        "ml": 0.3485822379589081,
        "dl": 0.6220381855964661,
        "bg": 0.4179549217224121,
        "m": 0.5126276612281799,
        "mr": 0.3697129487991333,
        "dr": 0.44831305742263794,
        "mc": 0.3088186979293823,
        "dc": 0.7437469959259033,
        "bgb": 0.6672531366348267,
        "lgb": 0.20317606627941132
      },
      "top2": {
        "mb": 0.7394319772720337,
        "db": 0.8608896732330322,
        "ml": 0.34858202934265137,
        "dl": 0.620056688785553,
        "bg": 0.4174468219280243,
        "m": 0.5120645761489868,
        "mr": 0.3688978850841522,
        "dr": 0.44733378291130066,
        "mc": 0.3084680438041687,
        "dc": 0.7429624795913696,
        "bgb": 0.6660669445991516,
        "lgb": 0.20277811586856842
      },
      "second_scores": {
        "mb": 0.7394319772720337,
        "db": 0.8608896732330322,
        "ml": 0.34858202934265137,
        "dl": 0.620056688785553,
        "bg": 0.4174468219280243,
        "m": 0.5120645761489868,
        "mr": 0.3688978850841522,
        "dr": 0.44733378291130066,
        "mc": 0.3084680438041687,
        "dc": 0.7429624795913696,
        "bgb": 0.6660669445991516,
        "lgb": 0.20277811586856842
      },
      "margin": {
        "mb": 0.0001729130744934082,
        "db": 6.902217864990234e-05,
        "ml": 2.086162567138672e-07,
        "dl": 0.001981496810913086,
        "bg": 0.0005080997943878174,
        "m": 0.0005630850791931152,
        "mr": 0.0008150637149810791,
        "dr": 0.0009792745113372803,
        "mc": 0.00035065412521362305,
        "dc": 0.0007845163345336914,
        "bgb": 0.0011861920356750488,
        "lgb": 0.0003979504108428955
      },
      "meta": {
        "case_id": "057",
        "arch": "U",
        "fdi": 27,
        "tooth_id": 14,
        "sigma_mm": 5.0,
        "unit": "mm"
      }
    }
  },
  "meta": {
    "root": "C:\\MISC\\Deepcare\\Orthodontics\\datasets\\landmarks_dataset\\cooked\\p0\\samples"
  }
}