{
  "predictions": {
    "t27": {
      "landmarks_local": {
        "mb": [
          2.259969711303711,
          -0.09046745300292969,
          5.671438217163086
        ],
        "db": [
          3.4378795623779297,
          2.30849552154541,
          -3.5982580184936523
        ],
        "ml": [
          -5.186664581298828,
          -2.433650016784668,
          1.993016242980957
        ],
        "dl": [
          -4.199714660644531,
          -3.9923572540283203,
          -1.4632062911987305
        ],
        "bg": [
          1.446695327758789,
          4.286349296569824,
          4.810620307922363
        ],
        "m": [
          -7.784915924072266,
          0.3279552459716797,
          0.07468414306640625
        ],
        "mr": [
          -1.5561065673828125,
          2.44973087310791,
          5.3195343017578125
        ],
        "dr": [
          -4.034400939941406,
          -1.1144075393676758,
          -5.540013313293457
        ],
        "mc": [
          -0.7192115783691406,
          2.911820411682129,
          5.420093536376953
        ],
        "dc": [
          -3.0144710540771484,
          -1.4174718856811523,
          -5.877167701721191
        ],
        "bgb": [
          2.8849620819091797,
          6.441603183746338,
          1.6522197723388672
        ],
        "lgb": [
          -6.492162704467773,
          -2.0503416061401367,
          -1.4388751983642578
        ]
      },
      "landmarks_global": {
        "mb": [
          2.259969711303711,
          -0.09046745300292969,
          5.671438217163086
        ],
        "db": [
          3.4378795623779297,
          2.30849552154541,
          -3.5982580184936523
        ],
        "ml": [
          -5.186664581298828,
          -2.433650016784668,
          1.993016242980957
        ],
        "dl": [
          -4.199714660644531,
          -3.9923572540283203,
          -1.4632062911987305
        ],
        "bg": [
          1.446695327758789,
          4.286349296569824,
          4.810620307922363
        ],
        "m": [
          -7.784915924072266,
          0.3279552459716797,
          0.07468414306640625
        ],
        "mr": [
          -1.5561065673828125,
          2.44973087310791,
          5.3195343017578125
        ],
        "dr": [
          -4.034400939941406,
          -1.1144075393676758,
          -5.540013313293457
        ],
        "mc": [
          -0.7192115783691406,
          2.911820411682129,
          5.420093536376953
        ],
        "dc": [
          -3.0144710540771484,
          -1.4174718856811523,
          -5.877167701721191
        ],
        "bgb": [
          2.8849620819091797,
          6.441603183746338,
          1.6522197723388672
        ],
        "lgb": [
          -6.492162704467773,
          -2.0503416061401367,
          -1.4388751983642578
        ]
      },
      "indices": {
        "mb": 243,
        "db": 1997,
        "ml": 384,
        "dl": 2887,
        "bg": 2522,
        "m": 91,
        "mr": 2051,
        "dr": 2956,
        "mc": 362,
        "dc": 1343,
        "bgb": 255,
        "lgb": 1420
      },
      "scores": {
        "mb": 0.7755266427993774,
        "db": 0.8599281907081604,
        "ml": 0.38081949949264526,
        "dl": 0.5916301608085632,
        "bg": 0.4579857587814331,
        "m": 0.5176059007644653,
        "mr": 0.3701687753200531,
        "dr": 0.4541962146759033,
        "mc": 0.3359982669353485,
        "dc": 0.7360689043998718,
        "bgb": 0.685052752494812,
        "lgb": 0.20820686221122742
      },
      "top1": {
        "mb": 0.7755266427993774,
        "db": 0.8599281907081604,
        "ml": 0.38081949949264526,
        "dl": 0.5916301608085632,
        "bg": 0.4579857587814331,
        "m": 0.5176059007644653,
        "mr": 0.3701687753200531,
        "dr": 0.4541962146759033,
        "mc": 0.3359982669353485,
        "dc": 0.7360689043998718,
        "bgb": 0.685052752494812,
        "lgb": 0.20820686221122742
      },
      "peak_scores": {
        "mb": 0.7755266427993774,
        "db": 0.8599281907081604,
        "ml": 0.38081949949264526,
        "dl": 0.5916301608085632,
        "bg": 0.4579857587814331,
        "m": 0.5176059007644653,
        "mr": 0.3701687753200531,
        "dr": 0.4541962146759033,
        "mc": 0.3359982669353485,
        "dc": 0.7360689043998718,
        "bgb": 0.685052752494812,
        "lgb": 0.20820686221122742
      },
      "top2": {
        "mb": 0.7751397490501404,
        "db": 0.8598940372467041,
        "ml": 0.3800651431083679,
        "dl": 0.5915483832359314,
        "bg": 0.45762136578559875,
        "m": 0.5168538689613342,
        "mr": 0.37009090185165405,
        "dr": 0.4539894461631775,
        "mc": 0.3357257843017578,
        "dc": 0.7360654473304749,
        "bgb": 0.684661328792572,
        "lgb": 0.20801934599876404
      },
      "second_scores": {
        "mb": 0.7751397490501404,
        "db": 0.8598940372467041,
        "ml": 0.3800651431083679,
        "dl": 0.5915483832359314,
        "bg": 0.45762136578559875,
        "m": 0.5168538689613342,
        "mr": 0.37009090185165405,
        "dr": 0.4539894461631775,
        "mc": 0.3357257843017578,
        "dc": 0.7360654473304749,
        "bgb": 0.684661328792572,
        "lgb": 0.20801934599876404
      },
      "margin": {
        "mb": 0.00038689374923706055,
        "db": 3.415346145629883e-05,
        "ml": 0.0007543563842773438,
        "dl": 8.177757263183594e-05,
        "bg": 0.0003643929958343506,
        "m": 0.0007520318031311035,
        "mr": 7.787346839904785e-05,
        "dr": 0.00020676851272583008,
        "mc": 0.00027248263359069824,
        "dc": 3.4570693969726562e-06,
        "bgb": 0.00039142370223999023,
        "lgb": 0.0001875162124633789
      },
      "meta": {
        "case_id": "058",
        "arch": "U",
        "fdi": 27,
        "tooth_id": 14,
        "sigma_mm": 5.0,
        "unit": "mm"
      }
    }
  },
  "meta": {
    "root": "C:\\MISC\\Deepcare\\Orthodontics\\datasets\\landmarks_dataset\\cooked\\p0\\samples"
  }
}