{
  "predictions": {
    "t27": {
      "landmarks_local": {
        "mb": [
          2.31072998046875,
          1.269052505493164,
          4.319825649261475
        ],
        "db": [
          4.3290863037109375,
          -0.8576679229736328,
          -3.0976200103759766
        ],
        "ml": [
          -4.302167892456055,
          0.6794490814208984,
          0.709804117679596
        ],
        "dl": [
          -1.5080986022949219,
          -0.9910678863525391,
          -5.961159706115723
        ],
        "bg": [
          1.7308101654052734,
          3.0588951110839844,
          4.617129802703857
        ],
        "m": [
          -4.876319885253906,
          3.3865909576416016,
          -0.7437120676040649
        ],
        "mr": [
          -0.10779571533203125,
          2.615457534790039,
          4.7070817947387695
        ],
        "dr": [
          -1.5080986022949219,
          -0.9910678863525391,
          -5.961159706115723
        ],
        "mc": [
          -3.792299270629883,
          2.8314666748046875,
          1.7908728122711182
        ],
        "dc": [
          -1.5080986022949219,
          -0.9910678863525391,
          -5.961159706115723
        ],
        "bgb": [
          5.243955612182617,
          2.618375778198242,
          2.1593775749206543
        ],
        "lgb": [
          -4.54351806640625,
          0.4403400421142578,
          -0.9246010780334473
        ]
      },
      "landmarks_global": {
        "mb": [
          2.31072998046875,
          1.269052505493164,
          4.319825649261475
        ],
        "db": [
          4.3290863037109375,
          -0.8576679229736328,
          -3.0976200103759766
        ],
        "ml": [
          -4.302167892456055,
          0.6794490814208984,
          0.709804117679596
        ],
        "dl": [
          -1.5080986022949219,
          -0.9910678863525391,
          -5.961159706115723
        ],
        "bg": [
          1.7308101654052734,
          3.0588951110839844,
          4.617129802703857
        ],
        "m": [
          -4.876319885253906,
          3.3865909576416016,
          -0.7437120676040649
        ],
        "mr": [
          -0.10779571533203125,
          2.615457534790039,
          4.7070817947387695
        ],
        "dr": [
          -1.5080986022949219,
          -0.9910678863525391,
          -5.961159706115723
        ],
        "mc": [
          -3.792299270629883,
          2.8314666748046875,
          1.7908728122711182
        ],
        "dc": [
          -1.5080986022949219,
          -0.9910678863525391,
          -5.961159706115723
        ],
        "bgb": [
          5.243955612182617,
          2.618375778198242,
          2.1593775749206543
        ],
        "lgb": [
          -4.54351806640625,
          0.4403400421142578,
          -0.9246010780334473
        ]
      },
      "indices": {
        "mb": 577,
        "db": 1183,
        "ml": 726,
        "dl": 2844,
        "bg": 1510,
        "m": 1555,
        "mr": 137,
        "dr": 2844,
        "mc": 885,
        "dc": 2844,
        "bgb": 5,
        "lgb": 63
      },
      "scores": {
        "mb": 0.8140093684196472,
        "db": 0.7473881244659424,
        "ml": 0.47580116987228394,
        "dl": 0.7321356534957886,
        "bg": 0.39408743381500244,
        "m": 0.4801826775074005,
        "mr": 0.4661356508731842,
        "dr": 0.36104270815849304,
        "mc": 0.44200649857521057,
        "dc": 0.6674339771270752,
        "bgb": 0.4557357728481293,
        "lgb": 0.29508548974990845
      },
      "top1": {
        "mb": 0.8140093684196472,
        "db": 0.7473881244659424,
        "ml": 0.47580116987228394,
        "dl": 0.7321356534957886,
        "bg": 0.39408743381500244,
        "m": 0.4801826775074005,
        "mr": 0.4661356508731842,
        "dr": 0.36104270815849304,
        "mc": 0.44200649857521057,
        "dc": 0.6674339771270752,
        "bgb": 0.4557357728481293,
        "lgb": 0.29508548974990845
      },
      "peak_scores": {
        "mb": 0.8140093684196472,
        "db": 0.7473881244659424,
        "ml": 0.47580116987228394,
        "dl": 0.7321356534957886,
        "bg": 0.39408743381500244,
        "m": 0.4801826775074005,
        "mr": 0.4661356508731842,
        "dr": 0.36104270815849304,
        "mc": 0.44200649857521057,
        "dc": 0.6674339771270752,
        "bgb": 0.4557357728481293,
        "lgb": 0.29508548974990845
      },
      "top2": {
        "mb": 0.8138018846511841,
        "db": 0.7470182776451111,
        "ml": 0.47573354840278625,
        "dl": 0.7318667769432068,
        "bg": 0.3937612473964691,
        "m": 0.4796193838119507,
        "mr": 0.4650857746601105,
        "dr": 0.36042892932891846,
        "mc": 0.4406641125679016,
        "dc": 0.6668866276741028,
        "bgb": 0.45550620555877686,
        "lgb": 0.2949271500110626
      },
      "second_scores": {
        "mb": 0.8138018846511841,
        "db": 0.7470182776451111,
        "ml": 0.47573354840278625,
        "dl": 0.7318667769432068,
        "bg": 0.3937612473964691,
        "m": 0.4796193838119507,
        "mr": 0.4650857746601105,
        "dr": 0.36042892932891846,
        "mc": 0.4406641125679016,
        "dc": 0.6668866276741028,
        "bgb": 0.45550620555877686,
        "lgb": 0.2949271500110626
      },
      "margin": {
        "mb": 0.00020748376846313477,
        "db": 0.00036984682083129883,
        "ml": 6.762146949768066e-05,
        "dl": 0.0002688765525817871,
        "bg": 0.0003261864185333252,
        "m": 0.0005632936954498291,
        "mr": 0.0010498762130737305,
        "dr": 0.000613778829574585,
        "mc": 0.00134238600730896,
        "dc": 0.0005473494529724121,
        "bgb": 0.000229567289352417,
        "lgb": 0.0001583397388458252
      },
      "meta": {
        "case_id": "059",
        "arch": "U",
        "fdi": 27,
        "tooth_id": 14,
        "sigma_mm": 5.0,
        "unit": "mm"
      }
    }
  },
  "meta": {
    "root": "C:\\MISC\\Deepcare\\Orthodontics\\datasets\\landmarks_dataset\\cooked\\p0\\samples"
  }
}