{
  "predictions": {
    "t27": {
      "landmarks_local": {
        "mb": [
          2.7991275787353516,
          0.2446613311767578,
          4.551875114440918
        ],
        "db": [
          4.48052978515625,
          3.236072540283203,
          -3.996358871459961
        ],
        "ml": [
          -4.574262619018555,
          -0.9736061096191406,
          1.6661176681518555
        ],
        "dl": [
          -4.614622116088867,
          -2.053241729736328,
          -4.570104598999023
        ],
        "bg": [
          0.9657726287841797,
          2.8207740783691406,
          5.117814064025879
        ],
        "m": [
          -6.354509353637695,
          2.322622299194336,
          0.47406768798828125
        ],
        "mr": [
          -0.2795257568359375,
          2.142864227294922,
          4.93949031829834
        ],
        "dr": [
          -4.614622116088867,
          -2.053241729736328,
          -4.570104598999023
        ],
        "mc": [
          -4.257749557495117,
          2.6002235412597656,
          3.1002235412597656
        ],
        "dc": [
          -0.993621826171875,
          -1.322671890258789,
          -5.477693557739258
        ],
        "bgb": [
          5.261623382568359,
          4.852968215942383,
          1.429245948791504
        ],
        "lgb": [
          -5.432497024536133,
          -1.0937747955322266,
          0.16855716705322266
        ]
      },
      "landmarks_global": {
        "mb": [
          2.7991275787353516,
          0.2446613311767578,
          4.551875114440918
        ],
        "db": [
          4.48052978515625,
          3.236072540283203,
          -3.996358871459961
        ],
        "ml": [
          -4.574262619018555,
          -0.9736061096191406,
          1.6661176681518555
        ],
        "dl": [
          -4.614622116088867,
          -2.053241729736328,
          -4.570104598999023
        ],
        "bg": [
          0.9657726287841797,
          2.8207740783691406,
          5.117814064025879
        ],
        "m": [
          -6.354509353637695,
          2.322622299194336,
          0.47406768798828125
        ],
        "mr": [
          -0.2795257568359375,
          2.142864227294922,
          4.93949031829834
        ],
        "dr": [
          -4.614622116088867,
          -2.053241729736328,
          -4.570104598999023
        ],
        "mc": [
          -4.257749557495117,
          2.6002235412597656,
          3.1002235412597656
        ],
        "dc": [
          -0.993621826171875,
          -1.322671890258789,
          -5.477693557739258
        ],
        "bgb": [
          5.261623382568359,
          4.852968215942383,
          1.429245948791504
        ],
        "lgb": [
          -5.432497024536133,
          -1.0937747955322266,
          0.16855716705322266
        ]
      },
      "indices": {
        "mb": 1315,
        "db": 1380,
        "ml": 1263,
        "dl": 105,
        "bg": 297,
        "m": 186,
        "mr": 162,
        "dr": 105,
        "mc": 307,
        "dc": 2820,
        "bgb": 2238,
        "lgb": 2806
      },
      "scores": {
        "mb": 0.7664653062820435,
        "db": 0.8422538042068481,
        "ml": 0.3884785771369934,
        "dl": 0.6930064558982849,
        "bg": 0.3838639557361603,
        "m": 0.5262598991394043,
        "mr": 0.3796233832836151,
        "dr": 0.4449625313282013,
        "mc": 0.3316856026649475,
        "dc": 0.7312594652175903,
        "bgb": 0.5745972990989685,
        "lgb": 0.24407511949539185
      },
      "top1": {
        "mb": 0.7664653062820435,
        "db": 0.8422538042068481,
        "ml": 0.3884785771369934,
        "dl": 0.6930064558982849,
        "bg": 0.3838639557361603,
        "m": 0.5262598991394043,
        "mr": 0.3796233832836151,
        "dr": 0.4449625313282013,
        "mc": 0.3316856026649475,
        "dc": 0.7312594652175903,
        "bgb": 0.5745972990989685,
        "lgb": 0.24407511949539185
      },
      "peak_scores": {
        "mb": 0.7664653062820435,
        "db": 0.8422538042068481,
        "ml": 0.3884785771369934,
        "dl": 0.6930064558982849,
        "bg": 0.3838639557361603,
        "m": 0.5262598991394043,
        "mr": 0.3796233832836151,
        "dr": 0.4449625313282013,
        "mc": 0.3316856026649475,
        "dc": 0.7312594652175903,
        "bgb": 0.5745972990989685,
        "lgb": 0.24407511949539185
      },
      "top2": {
        "mb": 0.7664172649383545,
        "db": 0.842113196849823,
        "ml": 0.38832589983940125,
        "dl": 0.6921611428260803,
        "bg": 0.3832278251647949,
        "m": 0.5256829857826233,
        "mr": 0.37926608324050903,
        "dr": 0.4441528916358948,
        "mc": 0.33135196566581726,
        "dc": 0.7306528091430664,
        "bgb": 0.5739203691482544,
        "lgb": 0.2438424676656723
      },
      "second_scores": {
        "mb": 0.7664172649383545,
        "db": 0.842113196849823,
        "ml": 0.38832589983940125,
        "dl": 0.6921611428260803,
        "bg": 0.3832278251647949,
        "m": 0.5256829857826233,
        "mr": 0.37926608324050903,
        "dr": 0.4441528916358948,
        "mc": 0.33135196566581726,
        "dc": 0.7306528091430664,
        "bgb": 0.5739203691482544,
        "lgb": 0.2438424676656723
      },
      "margin": {
        "mb": 4.8041343688964844e-05,
        "db": 0.00014060735702514648,
        "ml": 0.00015267729759216309,
        "dl": 0.0008453130722045898,
        "bg": 0.0006361305713653564,
        "m": 0.0005769133567810059,
        "mr": 0.0003573000431060791,
        "dr": 0.0008096396923065186,
        "mc": 0.000333636999130249,
        "dc": 0.0006066560745239258,
        "bgb": 0.0006769299507141113,
        "lgb": 0.00023265182971954346
      },
      "meta": {
        "case_id": "060",
        "arch": "U",
        "fdi": 27,
        "tooth_id": 14,
        "sigma_mm": 5.0,
        "unit": "mm"
      }
    }
  },
  "meta": {
    "root": "C:\\MISC\\Deepcare\\Orthodontics\\datasets\\landmarks_dataset\\cooked\\p0\\samples"
  }
}