{
  "predictions": {
    "t27": {
      "landmarks_local": {
        "mb": [
          2.1924781799316406,
          0.9968423843383789,
          5.291862964630127
        ],
        "db": [
          4.181446075439453,
          2.5499305725097656,
          -3.842954635620117
        ],
        "ml": [
          -3.4311180114746094,
          -0.49779415130615234,
          3.0516624450683594
        ],
        "dl": [
          -4.722339630126953,
          -0.1926555633544922,
          -5.151935577392578
        ],
        "bg": [
          2.3212661743164062,
          3.2429332733154297,
          5.477031230926514
        ],
        "m": [
          -6.703155517578125,
          2.505642890930176,
          -0.5098438262939453
        ],
        "mr": [
          -5.26500129699707,
          2.302440643310547,
          2.2843751907348633
        ],
        "dr": [
          -4.543304443359375,
          -0.2696418762207031,
          -5.15263557434082
        ],
        "mc": [
          -5.26500129699707,
          2.302440643310547,
          2.2843751907348633
        ],
        "dc": [
          -2.320955276489258,
          -0.4078207015991211,
          -6.002197265625
        ],
        "bgb": [
          5.360845565795898,
          4.549689292907715,
          0.3104887008666992
        ],
        "lgb": [
          -4.220354080200195,
          -0.8995151519775391,
          -3.7297096252441406
        ]
      },
      "landmarks_global": {
        "mb": [
          2.1924781799316406,
          0.9968423843383789,
          5.291862964630127
        ],
        "db": [
          4.181446075439453,
          2.5499305725097656,
          -3.842954635620117
        ],
        "ml": [
          -3.4311180114746094,
          -0.49779415130615234,
          3.0516624450683594
        ],
        "dl": [
          -4.722339630126953,
          -0.1926555633544922,
          -5.151935577392578
        ],
        "bg": [
          2.3212661743164062,
          3.2429332733154297,
          5.477031230926514
        ],
        "m": [
          -6.703155517578125,
          2.505642890930176,
          -0.5098438262939453
        ],
        "mr": [
          -5.26500129699707,
          2.302440643310547,
          2.2843751907348633
        ],
        "dr": [
          -4.543304443359375,
          -0.2696418762207031,
          -5.15263557434082
        ],
        "mc": [
          -5.26500129699707,
          2.302440643310547,
          2.2843751907348633
        ],
        "dc": [
          -2.320955276489258,
          -0.4078207015991211,
          -6.002197265625
        ],
        "bgb": [
          5.360845565795898,
          4.549689292907715,
          0.3104887008666992
        ],
        "lgb": [
          -4.220354080200195,
          -0.8995151519775391,
          -3.7297096252441406
        ]
      },
      "indices": {
        "mb": 324,
        "db": 61,
        "ml": 1343,
        "dl": 122,
        "bg": 1696,
        "m": 394,
        "mr": 9,
        "dr": 2459,
        "mc": 9,
        "dc": 449,
        "bgb": 2725,
        "lgb": 1564
      },
      "scores": {
        "mb": 0.7697782516479492,
        "db": 0.876369297504425,
        "ml": 0.3629233241081238,
        "dl": 0.5934709906578064,
        "bg": 0.46784359216690063,
        "m": 0.5612070560455322,
        "mr": 0.3969879448413849,
        "dr": 0.4511873126029968,
        "mc": 0.32853883504867554,
        "dc": 0.7350564002990723,
        "bgb": 0.6902668476104736,
        "lgb": 0.1989608108997345
      },
      "top1": {
        "mb": 0.7697782516479492,
        "db": 0.876369297504425,
        "ml": 0.3629233241081238,
        "dl": 0.5934709906578064,
        "bg": 0.46784359216690063,
        "m": 0.5612070560455322,
        "mr": 0.3969879448413849,
        "dr": 0.4511873126029968,
        "mc": 0.32853883504867554,
        "dc": 0.7350564002990723,
        "bgb": 0.6902668476104736,
        "lgb": 0.1989608108997345
      },
      "peak_scores": {
        "mb": 0.7697782516479492,
        "db": 0.876369297504425,
        "ml": 0.3629233241081238,
        "dl": 0.5934709906578064,
        "bg": 0.46784359216690063,
        "m": 0.5612070560455322,
        "mr": 0.3969879448413849,
        "dr": 0.4511873126029968,
        "mc": 0.32853883504867554,
        "dc": 0.7350564002990723,
        "bgb": 0.6902668476104736,
        "lgb": 0.1989608108997345
      },
      "top2": {
        "mb": 0.7694266438484192,
        "db": 0.8762890100479126,
        "ml": 0.3625364601612091,
        "dl": 0.5930299758911133,
        "bg": 0.46629345417022705,
        "m": 0.5609353184700012,
        "mr": 0.3949035704135895,
        "dr": 0.45086613297462463,
        "mc": 0.3273429274559021,
        "dc": 0.7344818115234375,
        "bgb": 0.6893747448921204,
        "lgb": 0.1988896131515503
      },
      "second_scores": {
        "mb": 0.7694266438484192,
        "db": 0.8762890100479126,
        "ml": 0.3625364601612091,
        "dl": 0.5930299758911133,
        "bg": 0.46629345417022705,
        "m": 0.5609353184700012,
        "mr": 0.3949035704135895,
        "dr": 0.45086613297462463,
        "mc": 0.3273429274559021,
        "dc": 0.7344818115234375,
        "bgb": 0.6893747448921204,
        "lgb": 0.1988896131515503
      },
      "margin": {
        "mb": 0.0003516077995300293,
        "db": 8.028745651245117e-05,
        "ml": 0.00038686394691467285,
        "dl": 0.00044101476669311523,
        "bg": 0.001550137996673584,
        "m": 0.00027173757553100586,
        "mr": 0.00208437442779541,
        "dr": 0.0003211796283721924,
        "mc": 0.0011959075927734375,
        "dc": 0.0005745887756347656,
        "bgb": 0.0008921027183532715,
        "lgb": 7.11977481842041e-05
      },
      "meta": {
        "case_id": "061",
        "arch": "U",
        "fdi": 27,
        "tooth_id": 14,
        "sigma_mm": 5.0,
        "unit": "mm"
      }
    }
  },
  "meta": {
    "root": "C:\\MISC\\Deepcare\\Orthodontics\\datasets\\landmarks_dataset\\cooked\\p0\\samples"
  }
}