{
  "predictions": {
    "t27": {
      "landmarks_local": {
        "mb": [
          0.8226985931396484,
          1.7741103172302246,
          4.667384147644043
        ],
        "db": [
          3.546459197998047,
          0.6466197967529297,
          -2.6231307983398438
        ],
        "ml": [
          -4.5506744384765625,
          0.07532405853271484,
          2.547562599182129
        ],
        "dl": [
          -2.9989013671875,
          -2.153057098388672,
          -4.169151306152344
        ],
        "bg": [
          2.0523681640625,
          1.9635224342346191,
          4.407724380493164
        ],
        "m": [
          -5.296039581298828,
          -0.10304927825927734,
          1.4678192138671875
        ],
        "mr": [
          -3.9961395263671875,
          0.21024227142333984,
          3.249357223510742
        ],
        "dr": [
          -2.882089614868164,
          -2.132984161376953,
          -4.232517242431641
        ],
        "mc": [
          -3.9961395263671875,
          0.21024227142333984,
          3.249357223510742
        ],
        "dc": [
          -2.5064735412597656,
          -2.038623809814453,
          -4.401203155517578
        ],
        "bgb": [
          4.67561149597168,
          3.0444703102111816,
          0.35569000244140625
        ],
        "lgb": [
          -3.5971717834472656,
          -1.7866907119750977,
          -2.9556636810302734
        ]
      },
      "landmarks_global": {
        "mb": [
          0.8226985931396484,
          1.7741103172302246,
          4.667384147644043
        ],
        "db": [
          3.546459197998047,
          0.6466197967529297,
          -2.6231307983398438
        ],
        "ml": [
          -4.5506744384765625,
          0.07532405853271484,
          2.547562599182129
        ],
        "dl": [
          -2.9989013671875,
          -2.153057098388672,
          -4.169151306152344
        ],
        "bg": [
          2.0523681640625,
          1.9635224342346191,
          4.407724380493164
        ],
        "m": [
          -5.296039581298828,
          -0.10304927825927734,
          1.4678192138671875
        ],
        "mr": [
          -3.9961395263671875,
          0.21024227142333984,
          3.249357223510742
        ],
        "dr": [
          -2.882089614868164,
          -2.132984161376953,
          -4.232517242431641
        ],
        "mc": [
          -3.9961395263671875,
          0.21024227142333984,
          3.249357223510742
        ],
        "dc": [
          -2.5064735412597656,
          -2.038623809814453,
          -4.401203155517578
        ],
        "bgb": [
          4.67561149597168,
          3.0444703102111816,
          0.35569000244140625
        ],
        "lgb": [
          -3.5971717834472656,
          -1.7866907119750977,
          -2.9556636810302734
        ]
      },
      "indices": {
        "mb": 2402,
        "db": 2700,
        "ml": 3,
        "dl": 1,
        "bg": 2053,
        "m": 939,
        "mr": 116,
        "dr": 2547,
        "mc": 116,
        "dc": 307,
        "bgb": 241,
        "lgb": 2114
      },
      "scores": {
        "mb": 0.7286956310272217,
        "db": 0.8699032068252563,
        "ml": 0.3167506754398346,
        "dl": 0.5644587874412537,
        "bg": 0.45367497205734253,
        "m": 0.5223276615142822,
        "mr": 0.3620442748069763,
        "dr": 0.4438000023365021,
        "mc": 0.30397164821624756,
        "dc": 0.7153823375701904,
        "bgb": 0.6989628076553345,
        "lgb": 0.17406399548053741
      },
      "top1": {
        "mb": 0.7286956310272217,
        "db": 0.8699032068252563,
        "ml": 0.3167506754398346,
        "dl": 0.5644587874412537,
        "bg": 0.45367497205734253,
        "m": 0.5223276615142822,
        "mr": 0.3620442748069763,
        "dr": 0.4438000023365021,
        "mc": 0.30397164821624756,
        "dc": 0.7153823375701904,
        "bgb": 0.6989628076553345,
        "lgb": 0.17406399548053741
      },
      "peak_scores": {
        "mb": 0.7286956310272217,
        "db": 0.8699032068252563,
        "ml": 0.3167506754398346,
        "dl": 0.5644587874412537,
        "bg": 0.45367497205734253,
        "m": 0.5223276615142822,
        "mr": 0.3620442748069763,
        "dr": 0.4438000023365021,
        "mc": 0.30397164821624756,
        "dc": 0.7153823375701904,
        "bgb": 0.6989628076553345,
        "lgb": 0.17406399548053741
      },
      "top2": {
        "mb": 0.7277839183807373,
        "db": 0.8697611689567566,
        "ml": 0.3167358636856079,
        "dl": 0.5637032389640808,
        "bg": 0.4529493749141693,
        "m": 0.5222137570381165,
        "mr": 0.3601301312446594,
        "dr": 0.4427693486213684,
        "mc": 0.302017480134964,
        "dc": 0.7153024673461914,
        "bgb": 0.6986518502235413,
        "lgb": 0.17405712604522705
      },
      "second_scores": {
        "mb": 0.7277839183807373,
        "db": 0.8697611689567566,
        "ml": 0.3167358636856079,
        "dl": 0.5637032389640808,
        "bg": 0.4529493749141693,
        "m": 0.5222137570381165,
        "mr": 0.3601301312446594,
        "dr": 0.4427693486213684,
        "mc": 0.302017480134964,
        "dc": 0.7153024673461914,
        "bgb": 0.6986518502235413,
        "lgb": 0.17405712604522705
      },
      "margin": {
        "mb": 0.000911712646484375,
        "db": 0.00014203786849975586,
        "ml": 1.481175422668457e-05,
        "dl": 0.0007555484771728516,
        "bg": 0.0007255971431732178,
        "m": 0.00011390447616577148,
        "mr": 0.0019141435623168945,
        "dr": 0.001030653715133667,
        "mc": 0.0019541680812835693,
        "dc": 7.987022399902344e-05,
        "bgb": 0.0003109574317932129,
        "lgb": 6.8694353103637695e-06
      },
      "meta": {
        "case_id": "062",
        "arch": "U",
        "fdi": 27,
        "tooth_id": 14,
        "sigma_mm": 5.0,
        "unit": "mm"
      }
    }
  },
  "meta": {
    "root": "C:\\MISC\\Deepcare\\Orthodontics\\datasets\\landmarks_dataset\\cooked\\p0\\samples"
  }
}