{
  "predictions": {
    "t27": {
      "landmarks_local": {
        "mb": [
          1.0581130981445312,
          2.9871206283569336,
          5.3106889724731445
        ],
        "db": [
          2.7212486267089844,
          -1.081359624862671,
          -2.498992919921875
        ],
        "ml": [
          -5.260629653930664,
          -0.6183485984802246,
          3.659010887145996
        ],
        "dl": [
          -4.266134262084961,
          -1.6358652114868164,
          -3.0621814727783203
        ],
        "bg": [
          1.0616302490234375,
          2.1220266819000244,
          5.487853050231934
        ],
        "m": [
          -6.000104904174805,
          -0.027794599533081055,
          3.1153345108032227
        ],
        "mr": [
          -5.596229553222656,
          -0.32258176803588867,
          3.4496898651123047
        ],
        "dr": [
          -4.266134262084961,
          -1.6358652114868164,
          -3.0621814727783203
        ],
        "mc": [
          -5.596229553222656,
          -0.32258176803588867,
          3.4496898651123047
        ],
        "dc": [
          -3.6071720123291016,
          -1.3159193992614746,
          -3.606975555419922
        ],
        "bgb": [
          3.5089035034179688,
          4.708869457244873,
          1.2051115036010742
        ],
        "lgb": [
          -4.891347885131836,
          -2.704313278198242,
          0.21094512939453125
        ]
      },
      "landmarks_global": {
        "mb": [
          1.0581130981445312,
          2.9871206283569336,
          5.3106889724731445
        ],
        "db": [
          2.7212486267089844,
          -1.081359624862671,
          -2.498992919921875
        ],
        "ml": [
          -5.260629653930664,
          -0.6183485984802246,
          3.659010887145996
        ],
        "dl": [
          -4.266134262084961,
          -1.6358652114868164,
          -3.0621814727783203
        ],
        "bg": [
          1.0616302490234375,
          2.1220266819000244,
          5.487853050231934
        ],
        "m": [
          -6.000104904174805,
          -0.027794599533081055,
          3.1153345108032227
        ],
        "mr": [
          -5.596229553222656,
          -0.32258176803588867,
          3.4496898651123047
        ],
        "dr": [
          -4.266134262084961,
          -1.6358652114868164,
          -3.0621814727783203
        ],
        "mc": [
          -5.596229553222656,
          -0.32258176803588867,
          3.4496898651123047
        ],
        "dc": [
          -3.6071720123291016,
          -1.3159193992614746,
          -3.606975555419922
        ],
        "bgb": [
          3.5089035034179688,
          4.708869457244873,
          1.2051115036010742
        ],
        "lgb": [
          -4.891347885131836,
          -2.704313278198242,
          0.21094512939453125
        ]
      },
      "indices": {
        "mb": 2349,
        "db": 1267,
        "ml": 89,
        "dl": 1572,
        "bg": 2236,
        "m": 0,
        "mr": 1972,
        "dr": 1572,
        "mc": 1972,
        "dc": 83,
        "bgb": 2926,
        "lgb": 2964
      },
      "scores": {
        "mb": 0.7619912624359131,
        "db": 0.8765575885772705,
        "ml": 0.3561278283596039,
        "dl": 0.479347288608551,
        "bg": 0.5100809931755066,
        "m": 0.5850975513458252,
        "mr": 0.36252501606941223,
        "dr": 0.4623067080974579,
        "mc": 0.3196769058704376,
        "dc": 0.7089568972587585,
        "bgb": 0.7834267616271973,
        "lgb": 0.17470571398735046
      },
      "top1": {
        "mb": 0.7619912624359131,
        "db": 0.8765575885772705,
        "ml": 0.3561278283596039,
        "dl": 0.479347288608551,
        "bg": 0.5100809931755066,
        "m": 0.5850975513458252,
        "mr": 0.36252501606941223,
        "dr": 0.4623067080974579,
        "mc": 0.3196769058704376,
        "dc": 0.7089568972587585,
        "bgb": 0.7834267616271973,
        "lgb": 0.17470571398735046
      },
      "peak_scores": {
        "mb": 0.7619912624359131,
        "db": 0.8765575885772705,
        "ml": 0.3561278283596039,
        "dl": 0.479347288608551,
        "bg": 0.5100809931755066,
        "m": 0.5850975513458252,
        "mr": 0.36252501606941223,
        "dr": 0.4623067080974579,
        "mc": 0.3196769058704376,
        "dc": 0.7089568972587585,
        "bgb": 0.7834267616271973,
        "lgb": 0.17470571398735046
      },
      "top2": {
        "mb": 0.7614516019821167,
        "db": 0.8757266998291016,
        "ml": 0.35591405630111694,
        "dl": 0.47783148288726807,
        "bg": 0.5099055767059326,
        "m": 0.5822239518165588,
        "mr": 0.3593894839286804,
        "dr": 0.4613228440284729,
        "mc": 0.31750786304473877,
        "dc": 0.7087312340736389,
        "bgb": 0.7829425930976868,
        "lgb": 0.1745418757200241
      },
      "second_scores": {
        "mb": 0.7614516019821167,
        "db": 0.8757266998291016,
        "ml": 0.35591405630111694,
        "dl": 0.47783148288726807,
        "bg": 0.5099055767059326,
        "m": 0.5822239518165588,
        "mr": 0.3593894839286804,
        "dr": 0.4613228440284729,
        "mc": 0.31750786304473877,
        "dc": 0.7087312340736389,
        "bgb": 0.7829425930976868,
        "lgb": 0.1745418757200241
      },
      "margin": {
        "mb": 0.0005396604537963867,
        "db": 0.0008308887481689453,
        "ml": 0.00021377205848693848,
        "dl": 0.001515805721282959,
        "bg": 0.0001754164695739746,
        "m": 0.0028735995292663574,
        "mr": 0.0031355321407318115,
        "dr": 0.0009838640689849854,
        "mc": 0.0021690428256988525,
        "dc": 0.0002256631851196289,
        "bgb": 0.00048416852951049805,
        "lgb": 0.00016383826732635498
      },
      "meta": {
        "case_id": "063",
        "arch": "U",
        "fdi": 27,
        "tooth_id": 14,
        "sigma_mm": 5.0,
        "unit": "mm"
      }
    }
  },
  "meta": {
    "root": "C:\\MISC\\Deepcare\\Orthodontics\\datasets\\landmarks_dataset\\cooked\\p0\\samples"
  }
}