{
  "predictions": {
    "t27": {
      "landmarks_local": {
        "mb": [
          0.28345680236816406,
          1.4690046310424805,
          5.143779277801514
        ],
        "db": [
          3.855192184448242,
          1.6087875366210938,
          -3.614287853240967
        ],
        "ml": [
          -5.106725692749023,
          -1.7861976623535156,
          0.34035348892211914
        ],
        "dl": [
          -1.7955646514892578,
          -2.6077194213867188,
          -4.039440631866455
        ],
        "bg": [
          2.597627639770508,
          4.748207092285156,
          3.8523049354553223
        ],
        "m": [
          -6.762636184692383,
          0.8113260269165039,
          -1.0404434204101562
        ],
        "mr": [
          -5.130731582641602,
          1.3909406661987305,
          2.6060404777526855
        ],
        "dr": [
          -2.857950210571289,
          -0.2575416564941406,
          -5.9600749015808105
        ],
        "mc": [
          -5.130731582641602,
          1.3909406661987305,
          2.6060404777526855
        ],
        "dc": [
          -2.612752914428711,
          -0.25057506561279297,
          -6.074095249176025
        ],
        "bgb": [
          3.5571537017822266,
          5.069034576416016,
          2.5625815391540527
        ],
        "lgb": [
          -6.048017501831055,
          -0.744044303894043,
          -1.1267790794372559
        ]
      },
      "landmarks_global": {
        "mb": [
          0.28345680236816406,
          1.4690046310424805,
          5.143779277801514
        ],
        "db": [
          3.855192184448242,
          1.6087875366210938,
          -3.614287853240967
        ],
        "ml": [
          -5.106725692749023,
          -1.7861976623535156,
          0.34035348892211914
        ],
        "dl": [
          -1.7955646514892578,
          -2.6077194213867188,
          -4.039440631866455
        ],
        "bg": [
          2.597627639770508,
          4.748207092285156,
          3.8523049354553223
        ],
        "m": [
          -6.762636184692383,
          0.8113260269165039,
          -1.0404434204101562
        ],
        "mr": [
          -5.130731582641602,
          1.3909406661987305,
          2.6060404777526855
        ],
        "dr": [
          -2.857950210571289,
          -0.2575416564941406,
          -5.9600749015808105
        ],
        "mc": [
          -5.130731582641602,
          1.3909406661987305,
          2.6060404777526855
        ],
        "dc": [
          -2.612752914428711,
          -0.25057506561279297,
          -6.074095249176025
        ],
        "bgb": [
          3.5571537017822266,
          5.069034576416016,
          2.5625815391540527
        ],
        "lgb": [
          -6.048017501831055,
          -0.744044303894043,
          -1.1267790794372559
        ]
      },
      "indices": {
        "mb": 2759,
        "db": 454,
        "ml": 1508,
        "dl": 2150,
        "bg": 2942,
        "m": 1193,
        "mr": 2297,
        "dr": 347,
        "mc": 2297,
        "dc": 2333,
        "bgb": 250,
        "lgb": 46
      },
      "scores": {
        "mb": 0.8070111274719238,
        "db": 0.8503018021583557,
        "ml": 0.4330393075942993,
        "dl": 0.5884107351303101,
        "bg": 0.5111939311027527,
        "m": 0.5364531874656677,
        "mr": 0.39737197756767273,
        "dr": 0.41269731521606445,
        "mc": 0.3581344187259674,
        "dc": 0.6929745674133301,
        "bgb": 0.6806210875511169,
        "lgb": 0.2303277552127838
      },
      "top1": {
        "mb": 0.8070111274719238,
        "db": 0.8503018021583557,
        "ml": 0.4330393075942993,
        "dl": 0.5884107351303101,
        "bg": 0.5111939311027527,
        "m": 0.5364531874656677,
        "mr": 0.39737197756767273,
        "dr": 0.41269731521606445,
        "mc": 0.3581344187259674,
        "dc": 0.6929745674133301,
        "bgb": 0.6806210875511169,
        "lgb": 0.2303277552127838
      },
      "peak_scores": {
        "mb": 0.8070111274719238,
        "db": 0.8503018021583557,
        "ml": 0.4330393075942993,
        "dl": 0.5884107351303101,
        "bg": 0.5111939311027527,
        "m": 0.5364531874656677,
        "mr": 0.39737197756767273,
        "dr": 0.41269731521606445,
        "mc": 0.3581344187259674,
        "dc": 0.6929745674133301,
        "bgb": 0.6806210875511169,
        "lgb": 0.2303277552127838
      },
      "top2": {
        "mb": 0.8065943717956543,
        "db": 0.8499117493629456,
        "ml": 0.43277081847190857,
        "dl": 0.5882205367088318,
        "bg": 0.5111063718795776,
        "m": 0.5355715155601501,
        "mr": 0.39624518156051636,
        "dr": 0.41247889399528503,
        "mc": 0.3567395806312561,
        "dc": 0.6926065683364868,
        "bgb": 0.6804617643356323,
        "lgb": 0.22973372042179108
      },
      "second_scores": {
        "mb": 0.8065943717956543,
        "db": 0.8499117493629456,
        "ml": 0.43277081847190857,
        "dl": 0.5882205367088318,
        "bg": 0.5111063718795776,
        "m": 0.5355715155601501,
        "mr": 0.39624518156051636,
        "dr": 0.41247889399528503,
        "mc": 0.3567395806312561,
        "dc": 0.6926065683364868,
        "bgb": 0.6804617643356323,
        "lgb": 0.22973372042179108
      },
      "margin": {
        "mb": 0.00041675567626953125,
        "db": 0.00039005279541015625,
        "ml": 0.00026848912239074707,
        "dl": 0.00019019842147827148,
        "bg": 8.755922317504883e-05,
        "m": 0.0008816719055175781,
        "mr": 0.001126796007156372,
        "dr": 0.00021842122077941895,
        "mc": 0.0013948380947113037,
        "dc": 0.0003679990768432617,
        "bgb": 0.00015932321548461914,
        "lgb": 0.0005940347909927368
      },
      "meta": {
        "case_id": "064",
        "arch": "U",
        "fdi": 27,
        "tooth_id": 14,
        "sigma_mm": 5.0,
        "unit": "mm"
      }
    }
  },
  "meta": {
    "root": "C:\\MISC\\Deepcare\\Orthodontics\\datasets\\landmarks_dataset\\cooked\\p0\\samples"
  }
}