{
  "predictions": {
    "t27": {
      "landmarks_local": {
        "mb": [
          -1.8071842193603516,
          -3.714677333831787,
          -0.47829723358154297
        ],
        "db": [
          2.8318138122558594,
          -3.9156384468078613,
          -0.6129961013793945
        ],
        "ml": [
          -0.7065715789794922,
          -4.341104030609131,
          -0.44536304473876953
        ],
        "dl": [
          -0.9616260528564453,
          -4.187542915344238,
          -0.5272302627563477
        ],
        "bg": [
          3.011913299560547,
          -2.532512664794922,
          -1.3768625259399414
        ],
        "m": [
          -5.974353790283203,
          -1.3067436218261719,
          1.394235610961914
        ],
        "mr": [
          -5.20033073425293,
          -2.5415172576904297,
          1.1144371032714844
        ],
        "dr": [
          -0.3200206756591797,
          -4.6975321769714355,
          -0.3900299072265625
        ],
        "mc": [
          -5.20033073425293,
          -2.5415172576904297,
          1.1144371032714844
        ],
        "dc": [
          -0.3200206756591797,
          -4.6975321769714355,
          -0.3900299072265625
        ],
        "bgb": [
          3.0059757232666016,
          -0.2993764877319336,
          -0.6106634140014648
        ],
        "lgb": [
          -6.061281204223633,
          1.919454574584961,
          1.3705711364746094
        ]
      },
      "landmarks_global": {
        "mb": [
          -1.8071842193603516,
          -3.714677333831787,
          -0.47829723358154297
        ],
        "db": [
          2.8318138122558594,
          -3.9156384468078613,
          -0.6129961013793945
        ],
        "ml": [
          -0.7065715789794922,
          -4.341104030609131,
          -0.44536304473876953
        ],
        "dl": [
          -0.9616260528564453,
          -4.187542915344238,
          -0.5272302627563477
        ],
        "bg": [
          3.011913299560547,
          -2.532512664794922,
          -1.3768625259399414
        ],
        "m": [
          -5.974353790283203,
          -1.3067436218261719,
          1.394235610961914
        ],
        "mr": [
          -5.20033073425293,
          -2.5415172576904297,
          1.1144371032714844
        ],
        "dr": [
          -0.3200206756591797,
          -4.6975321769714355,
          -0.3900299072265625
        ],
        "mc": [
          -5.20033073425293,
          -2.5415172576904297,
          1.1144371032714844
        ],
        "dc": [
          -0.3200206756591797,
          -4.6975321769714355,
          -0.3900299072265625
        ],
        "bgb": [
          3.0059757232666016,
          -0.2993764877319336,
          -0.6106634140014648
        ],
        "lgb": [
          -6.061281204223633,
          1.919454574584961,
          1.3705711364746094
        ]
      },
      "indices": {
        "mb": 1307,
        "db": 2186,
        "ml": 131,
        "dl": 993,
        "bg": 2938,
        "m": 1385,
        "mr": 1128,
        "dr": 836,
        "mc": 1128,
        "dc": 836,
        "bgb": 2449,
        "lgb": 1541
      },
      "scores": {
        "mb": 0.8103047013282776,
        "db": 0.503063976764679,
        "ml": 0.42504894733428955,
        "dl": 0.18029502034187317,
        "bg": 0.6199980974197388,
        "m": 0.4289306104183197,
        "mr": 0.3343435823917389,
        "dr": 0.20718325674533844,
        "mc": 0.3954095244407654,
        "dc": 0.2942443788051605,
        "bgb": 0.4390946328639984,
        "lgb": 0.081841841340065
      },
      "top1": {
        "mb": 0.8103047013282776,
        "db": 0.503063976764679,
        "ml": 0.42504894733428955,
        "dl": 0.18029502034187317,
        "bg": 0.6199980974197388,
        "m": 0.4289306104183197,
        "mr": 0.3343435823917389,
        "dr": 0.20718325674533844,
        "mc": 0.3954095244407654,
        "dc": 0.2942443788051605,
        "bgb": 0.4390946328639984,
        "lgb": 0.081841841340065
      },
      "peak_scores": {
        "mb": 0.8103047013282776,
        "db": 0.503063976764679,
        "ml": 0.42504894733428955,
        "dl": 0.18029502034187317,
        "bg": 0.6199980974197388,
        "m": 0.4289306104183197,
        "mr": 0.3343435823917389,
        "dr": 0.20718325674533844,
        "mc": 0.3954095244407654,
        "dc": 0.2942443788051605,
        "bgb": 0.4390946328639984,
        "lgb": 0.081841841340065
      },
      "top2": {
        "mb": 0.8102734684944153,
        "db": 0.5023095011711121,
        "ml": 0.4244811236858368,
        "dl": 0.1801152229309082,
        "bg": 0.6193420886993408,
        "m": 0.4282695949077606,
        "mr": 0.33268558979034424,
        "dr": 0.20606859028339386,
        "mc": 0.3932865858078003,
        "dc": 0.2933923304080963,
        "bgb": 0.43877580761909485,
        "lgb": 0.08172550052404404
      },
      "second_scores": {
        "mb": 0.8102734684944153,
        "db": 0.5023095011711121,
        "ml": 0.4244811236858368,
        "dl": 0.1801152229309082,
        "bg": 0.6193420886993408,
        "m": 0.4282695949077606,
        "mr": 0.33268558979034424,
        "dr": 0.20606859028339386,
        "mc": 0.3932865858078003,
        "dc": 0.2933923304080963,
        "bgb": 0.43877580761909485,
        "lgb": 0.08172550052404404
      },
      "margin": {
        "mb": 3.123283386230469e-05,
        "db": 0.0007544755935668945,
        "ml": 0.0005678236484527588,
        "dl": 0.00017979741096496582,
        "bg": 0.0006560087203979492,
        "m": 0.000661015510559082,
        "mr": 0.0016579926013946533,
        "dr": 0.00111466646194458,
        "mc": 0.002122938632965088,
        "dc": 0.000852048397064209,
        "bgb": 0.00031882524490356445,
        "lgb": 0.00011634081602096558
      },
      "meta": {
        "case_id": "065",
        "arch": "U",
        "fdi": 27,
        "tooth_id": 14,
        "sigma_mm": 5.0,
        "unit": "mm"
      }
    }
  },
  "meta": {
    "root": "C:\\MISC\\Deepcare\\Orthodontics\\datasets\\landmarks_dataset\\cooked\\p0\\samples"
  }
}