{
  "predictions": {
    "t27": {
      "landmarks_local": {
        "mb": [
          1.9311447143554688,
          1.008835792541504,
          4.519268989562988
        ],
        "db": [
          4.220991134643555,
          0.9907712936401367,
          -2.1231689453125
        ],
        "ml": [
          -4.540304183959961,
          -1.0830812454223633,
          3.3738269805908203
        ],
        "dl": [
          -3.1164932250976562,
          -2.098163604736328,
          -4.934661865234375
        ],
        "bg": [
          1.0773181915283203,
          3.0211544036865234,
          5.550595283508301
        ],
        "m": [
          -6.048181533813477,
          0.31444644927978516,
          3.1928043365478516
        ],
        "mr": [
          -4.557676315307617,
          1.3403921127319336,
          4.71567440032959
        ],
        "dr": [
          -2.043729782104492,
          -1.4229841232299805,
          -5.737739562988281
        ],
        "mc": [
          -4.557676315307617,
          1.3403921127319336,
          4.71567440032959
        ],
        "dc": [
          -1.9019317626953125,
          -1.3087530136108398,
          -5.790079116821289
        ],
        "bgb": [
          4.074151992797852,
          4.394387245178223,
          0.04813385009765625
        ],
        "lgb": [
          -5.849943161010742,
          -1.6797332763671875,
          -0.8584518432617188
        ]
      },
      "landmarks_global": {
        "mb": [
          1.9311447143554688,
          1.008835792541504,
          4.519268989562988
        ],
        "db": [
          4.220991134643555,
          0.9907712936401367,
          -2.1231689453125
        ],
        "ml": [
          -4.540304183959961,
          -1.0830812454223633,
          3.3738269805908203
        ],
        "dl": [
          -3.1164932250976562,
          -2.098163604736328,
          -4.934661865234375
        ],
        "bg": [
          1.0773181915283203,
          3.0211544036865234,
          5.550595283508301
        ],
        "m": [
          -6.048181533813477,
          0.31444644927978516,
          3.1928043365478516
        ],
        "mr": [
          -4.557676315307617,
          1.3403921127319336,
          4.71567440032959
        ],
        "dr": [
          -2.043729782104492,
          -1.4229841232299805,
          -5.737739562988281
        ],
        "mc": [
          -4.557676315307617,
          1.3403921127319336,
          4.71567440032959
        ],
        "dc": [
          -1.9019317626953125,
          -1.3087530136108398,
          -5.790079116821289
        ],
        "bgb": [
          4.074151992797852,
          4.394387245178223,
          0.04813385009765625
        ],
        "lgb": [
          -5.849943161010742,
          -1.6797332763671875,
          -0.8584518432617188
        ]
      },
      "indices": {
        "mb": 2284,
        "db": 1794,
        "ml": 32,
        "dl": 1,
        "bg": 24,
        "m": 847,
        "mr": 490,
        "dr": 62,
        "mc": 490,
        "dc": 2458,
        "bgb": 520,
        "lgb": 6
      },
      "scores": {
        "mb": 0.7262246012687683,
        "db": 0.8631887435913086,
        "ml": 0.3354514539241791,
        "dl": 0.6476454138755798,
        "bg": 0.4138583838939667,
        "m": 0.5329834222793579,
        "mr": 0.37424394488334656,
        "dr": 0.5079004168510437,
        "mc": 0.3189274072647095,
        "dc": 0.7589696645736694,
        "bgb": 0.6610451936721802,
        "lgb": 0.19320327043533325
      },
      "top1": {
        "mb": 0.7262246012687683,
        "db": 0.8631887435913086,
        "ml": 0.3354514539241791,
        "dl": 0.6476454138755798,
        "bg": 0.4138583838939667,
        "m": 0.5329834222793579,
        "mr": 0.37424394488334656,
        "dr": 0.5079004168510437,
        "mc": 0.3189274072647095,
        "dc": 0.7589696645736694,
        "bgb": 0.6610451936721802,
        "lgb": 0.19320327043533325
      },
      "peak_scores": {
        "mb": 0.7262246012687683,
        "db": 0.8631887435913086,
        "ml": 0.3354514539241791,
        "dl": 0.6476454138755798,
        "bg": 0.4138583838939667,
        "m": 0.5329834222793579,
        "mr": 0.37424394488334656,
        "dr": 0.5079004168510437,
        "mc": 0.3189274072647095,
        "dc": 0.7589696645736694,
        "bgb": 0.6610451936721802,
        "lgb": 0.19320327043533325
      },
      "top2": {
        "mb": 0.7260203957557678,
        "db": 0.8630197644233704,
        "ml": 0.3354102671146393,
        "dl": 0.646563708782196,
        "bg": 0.4135574698448181,
        "m": 0.5329402089118958,
        "mr": 0.3713601529598236,
        "dr": 0.5071957111358643,
        "mc": 0.31862524151802063,
        "dc": 0.7587196826934814,
        "bgb": 0.660842776298523,
        "lgb": 0.19318896532058716
      },
      "second_scores": {
        "mb": 0.7260203957557678,
        "db": 0.8630197644233704,
        "ml": 0.3354102671146393,
        "dl": 0.646563708782196,
        "bg": 0.4135574698448181,
        "m": 0.5329402089118958,
        "mr": 0.3713601529598236,
        "dr": 0.5071957111358643,
        "mc": 0.31862524151802063,
        "dc": 0.7587196826934814,
        "bgb": 0.660842776298523,
        "lgb": 0.19318896532058716
      },
      "margin": {
        "mb": 0.00020420551300048828,
        "db": 0.00016897916793823242,
        "ml": 4.118680953979492e-05,
        "dl": 0.001081705093383789,
        "bg": 0.00030091404914855957,
        "m": 4.32133674621582e-05,
        "mr": 0.0028837919235229492,
        "dr": 0.0007047057151794434,
        "mc": 0.0003021657466888428,
        "dc": 0.0002499818801879883,
        "bgb": 0.00020241737365722656,
        "lgb": 1.430511474609375e-05
      },
      "meta": {
        "case_id": "066",
        "arch": "U",
        "fdi": 27,
        "tooth_id": 14,
        "sigma_mm": 5.0,
        "unit": "mm"
      }
    }
  },
  "meta": {
    "root": "C:\\MISC\\Deepcare\\Orthodontics\\datasets\\landmarks_dataset\\cooked\\p0\\samples"
  }
}