{
  "predictions": {
    "t27": {
      "landmarks_local": {
        "mb": [
          0.7781314849853516,
          1.7131867408752441,
          5.334333419799805
        ],
        "db": [
          3.6393909454345703,
          0.2893657684326172,
          -3.1905622482299805
        ],
        "ml": [
          -4.211399078369141,
          -1.5320148468017578,
          1.0518732070922852
        ],
        "dl": [
          -2.9893970489501953,
          -2.1843461990356445,
          -4.650021553039551
        ],
        "bg": [
          1.4600791931152344,
          3.301567554473877,
          4.997262477874756
        ],
        "m": [
          -6.104671478271484,
          0.6495804786682129,
          -0.6337771415710449
        ],
        "mr": [
          -5.635824203491211,
          1.215507984161377,
          1.5584864616394043
        ],
        "dr": [
          -3.402219772338867,
          -1.4830598831176758,
          -5.2689714431762695
        ],
        "mc": [
          -5.635824203491211,
          1.215507984161377,
          1.5584864616394043
        ],
        "dc": [
          -3.402219772338867,
          -1.4830598831176758,
          -5.2689714431762695
        ],
        "bgb": [
          3.686777114868164,
          3.533271312713623,
          2.6232903003692627
        ],
        "lgb": [
          -3.998371124267578,
          -1.4271430969238281,
          -4.481030464172363
        ]
      },
      "landmarks_global": {
        "mb": [
          0.7781314849853516,
          1.7131867408752441,
          5.334333419799805
        ],
        "db": [
          3.6393909454345703,
          0.2893657684326172,
          -3.1905622482299805
        ],
        "ml": [
          -4.211399078369141,
          -1.5320148468017578,
          1.0518732070922852
        ],
        "dl": [
          -2.9893970489501953,
          -2.1843461990356445,
          -4.650021553039551
        ],
        "bg": [
          1.4600791931152344,
          3.301567554473877,
          4.997262477874756
        ],
        "m": [
          -6.104671478271484,
          0.6495804786682129,
          -0.6337771415710449
        ],
        "mr": [
          -5.635824203491211,
          1.215507984161377,
          1.5584864616394043
        ],
        "dr": [
          -3.402219772338867,
          -1.4830598831176758,
          -5.2689714431762695
        ],
        "mc": [
          -5.635824203491211,
          1.215507984161377,
          1.5584864616394043
        ],
        "dc": [
          -3.402219772338867,
          -1.4830598831176758,
          -5.2689714431762695
        ],
        "bgb": [
          3.686777114868164,
          3.533271312713623,
          2.6232903003692627
        ],
        "lgb": [
          -3.998371124267578,
          -1.4271430969238281,
          -4.481030464172363
        ]
      },
      "indices": {
        "mb": 2440,
        "db": 22,
        "ml": 749,
        "dl": 1860,
        "bg": 2115,
        "m": 222,
        "mr": 11,
        "dr": 637,
        "mc": 11,
        "dc": 637,
        "bgb": 1,
        "lgb": 1833
      },
      "scores": {
        "mb": 0.7957180142402649,
        "db": 0.8574215769767761,
        "ml": 0.4080086946487427,
        "dl": 0.5352793335914612,
        "bg": 0.5377732515335083,
        "m": 0.534396767616272,
        "mr": 0.39970898628234863,
        "dr": 0.3860180377960205,
        "mc": 0.3310934603214264,
        "dc": 0.668462872505188,
        "bgb": 0.6944031715393066,
        "lgb": 0.22710779309272766
      },
      "top1": {
        "mb": 0.7957180142402649,
        "db": 0.8574215769767761,
        "ml": 0.4080086946487427,
        "dl": 0.5352793335914612,
        "bg": 0.5377732515335083,
        "m": 0.534396767616272,
        "mr": 0.39970898628234863,
        "dr": 0.3860180377960205,
        "mc": 0.3310934603214264,
        "dc": 0.668462872505188,
        "bgb": 0.6944031715393066,
        "lgb": 0.22710779309272766
      },
      "peak_scores": {
        "mb": 0.7957180142402649,
        "db": 0.8574215769767761,
        "ml": 0.4080086946487427,
        "dl": 0.5352793335914612,
        "bg": 0.5377732515335083,
        "m": 0.534396767616272,
        "mr": 0.39970898628234863,
        "dr": 0.3860180377960205,
        "mc": 0.3310934603214264,
        "dc": 0.668462872505188,
        "bgb": 0.6944031715393066,
        "lgb": 0.22710779309272766
      },
      "top2": {
        "mb": 0.7956281304359436,
        "db": 0.8571469783782959,
        "ml": 0.40758249163627625,
        "dl": 0.5347743034362793,
        "bg": 0.5377079248428345,
        "m": 0.5332053303718567,
        "mr": 0.397443026304245,
        "dr": 0.38445353507995605,
        "mc": 0.3294680118560791,
        "dc": 0.6676996946334839,
        "bgb": 0.6941674947738647,
        "lgb": 0.22710295021533966
      },
      "second_scores": {
        "mb": 0.7956281304359436,
        "db": 0.8571469783782959,
        "ml": 0.40758249163627625,
        "dl": 0.5347743034362793,
        "bg": 0.5377079248428345,
        "m": 0.5332053303718567,
        "mr": 0.397443026304245,
        "dr": 0.38445353507995605,
        "mc": 0.3294680118560791,
        "dc": 0.6676996946334839,
        "bgb": 0.6941674947738647,
        "lgb": 0.22710295021533966
      },
      "margin": {
        "mb": 8.988380432128906e-05,
        "db": 0.0002745985984802246,
        "ml": 0.00042620301246643066,
        "dl": 0.0005050301551818848,
        "bg": 6.532669067382812e-05,
        "m": 0.0011914372444152832,
        "mr": 0.0022659599781036377,
        "dr": 0.0015645027160644531,
        "mc": 0.00162544846534729,
        "dc": 0.0007631778717041016,
        "bgb": 0.00023567676544189453,
        "lgb": 4.842877388000488e-06
      },
      "meta": {
        "case_id": "067",
        "arch": "U",
        "fdi": 27,
        "tooth_id": 14,
        "sigma_mm": 5.0,
        "unit": "mm"
      }
    }
  },
  "meta": {
    "root": "C:\\MISC\\Deepcare\\Orthodontics\\datasets\\landmarks_dataset\\cooked\\p0\\samples"
  }
}