{
  "predictions": {
    "t27": {
      "landmarks_local": {
        "mb": [
          -0.6374950408935547,
          0.9348368644714355,
          4.857614040374756
        ],
        "db": [
          2.2629222869873047,
          0.10613012313842773,
          -3.879643440246582
        ],
        "ml": [
          -5.47785758972168,
          -0.8999266624450684,
          0.5140142440795898
        ],
        "dl": [
          -4.84228515625,
          -0.794248104095459,
          -4.369887351989746
        ],
        "bg": [
          1.2931499481201172,
          2.309598922729492,
          4.361688137054443
        ],
        "m": [
          -6.975025177001953,
          0.07940053939819336,
          -1.2314748764038086
        ],
        "mr": [
          -1.2095260620117188,
          1.4866352081298828,
          4.227724552154541
        ],
        "dr": [
          -4.84228515625,
          -0.794248104095459,
          -4.369887351989746
        ],
        "mc": [
          -6.244331359863281,
          0.07054424285888672,
          0.508997917175293
        ],
        "dc": [
          -4.2241363525390625,
          -1.0423550605773926,
          -4.379469871520996
        ],
        "bgb": [
          3.081930160522461,
          5.015685081481934,
          1.1360106468200684
        ],
        "lgb": [
          -6.472051620483398,
          -0.07794380187988281,
          -3.12648868560791
        ]
      },
      "landmarks_global": {
        "mb": [
          -0.6374950408935547,
          0.9348368644714355,
          4.857614040374756
        ],
        "db": [
          2.2629222869873047,
          0.10613012313842773,
          -3.879643440246582
        ],
        "ml": [
          -5.47785758972168,
          -0.8999266624450684,
          0.5140142440795898
        ],
        "dl": [
          -4.84228515625,
          -0.794248104095459,
          -4.369887351989746
        ],
        "bg": [
          1.2931499481201172,
          2.309598922729492,
          4.361688137054443
        ],
        "m": [
          -6.975025177001953,
          0.07940053939819336,
          -1.2314748764038086
        ],
        "mr": [
          -1.2095260620117188,
          1.4866352081298828,
          4.227724552154541
        ],
        "dr": [
          -4.84228515625,
          -0.794248104095459,
          -4.369887351989746
        ],
        "mc": [
          -6.244331359863281,
          0.07054424285888672,
          0.508997917175293
        ],
        "dc": [
          -4.2241363525390625,
          -1.0423550605773926,
          -4.379469871520996
        ],
        "bgb": [
          3.081930160522461,
          5.015685081481934,
          1.1360106468200684
        ],
        "lgb": [
          -6.472051620483398,
          -0.07794380187988281,
          -3.12648868560791
        ]
      },
      "indices": {
        "mb": 37,
        "db": 948,
        "ml": 722,
        "dl": 432,
        "bg": 845,
        "m": 0,
        "mr": 391,
        "dr": 432,
        "mc": 2967,
        "dc": 2429,
        "bgb": 2369,
        "lgb": 1262
      },
      "scores": {
        "mb": 0.7715706825256348,
        "db": 0.8595487475395203,
        "ml": 0.37246230244636536,
        "dl": 0.4546862840652466,
        "bg": 0.5235000252723694,
        "m": 0.5039380788803101,
        "mr": 0.3556780219078064,
        "dr": 0.3464118540287018,
        "mc": 0.2984902262687683,
        "dc": 0.6318054795265198,
        "bgb": 0.7025577425956726,
        "lgb": 0.21942685544490814
      },
      "top1": {
        "mb": 0.7715706825256348,
        "db": 0.8595487475395203,
        "ml": 0.37246230244636536,
        "dl": 0.4546862840652466,
        "bg": 0.5235000252723694,
        "m": 0.5039380788803101,
        "mr": 0.3556780219078064,
        "dr": 0.3464118540287018,
        "mc": 0.2984902262687683,
        "dc": 0.6318054795265198,
        "bgb": 0.7025577425956726,
        "lgb": 0.21942685544490814
      },
      "peak_scores": {
        "mb": 0.7715706825256348,
        "db": 0.8595487475395203,
        "ml": 0.37246230244636536,
        "dl": 0.4546862840652466,
        "bg": 0.5235000252723694,
        "m": 0.5039380788803101,
        "mr": 0.3556780219078064,
        "dr": 0.3464118540287018,
        "mc": 0.2984902262687683,
        "dc": 0.6318054795265198,
        "bgb": 0.7025577425956726,
        "lgb": 0.21942685544490814
      },
      "top2": {
        "mb": 0.7712540626525879,
        "db": 0.8591147661209106,
        "ml": 0.37200927734375,
        "dl": 0.45464658737182617,
        "bg": 0.5233142375946045,
        "m": 0.5038434863090515,
        "mr": 0.3554321825504303,
        "dr": 0.3460404574871063,
        "mc": 0.29792872071266174,
        "dc": 0.6312310695648193,
        "bgb": 0.7010684609413147,
        "lgb": 0.21926255524158478
      },
      "second_scores": {
        "mb": 0.7712540626525879,
        "db": 0.8591147661209106,
        "ml": 0.37200927734375,
        "dl": 0.45464658737182617,
        "bg": 0.5233142375946045,
        "m": 0.5038434863090515,
        "mr": 0.3554321825504303,
        "dr": 0.3460404574871063,
        "mc": 0.29792872071266174,
        "dc": 0.6312310695648193,
        "bgb": 0.7010684609413147,
        "lgb": 0.21926255524158478
      },
      "margin": {
        "mb": 0.000316619873046875,
        "db": 0.00043398141860961914,
        "ml": 0.00045302510261535645,
        "dl": 3.9696693420410156e-05,
        "bg": 0.00018578767776489258,
        "m": 9.459257125854492e-05,
        "mr": 0.00024583935737609863,
        "dr": 0.000371396541595459,
        "mc": 0.0005615055561065674,
        "dc": 0.0005744099617004395,
        "bgb": 0.0014892816543579102,
        "lgb": 0.00016430020332336426
      },
      "meta": {
        "case_id": "068",
        "arch": "U",
        "fdi": 27,
        "tooth_id": 14,
        "sigma_mm": 5.0,
        "unit": "mm"
      }
    }
  },
  "meta": {
    "root": "C:\\MISC\\Deepcare\\Orthodontics\\datasets\\landmarks_dataset\\cooked\\p0\\samples"
  }
}