{
  "predictions": {
    "t27": {
      "landmarks_local": {
        "mb": [
          0.21387290954589844,
          1.9090938568115234,
          4.982145309448242
        ],
        "db": [
          3.2856082916259766,
          -0.3401012420654297,
          -3.0023107528686523
        ],
        "ml": [
          -4.779947280883789,
          -0.7798466682434082,
          2.370553970336914
        ],
        "dl": [
          -4.142965316772461,
          -1.866805076599121,
          -4.365786552429199
        ],
        "bg": [
          1.4335079193115234,
          3.2808520793914795,
          4.395689964294434
        ],
        "m": [
          -6.5941619873046875,
          0.8478527069091797,
          0.6212654113769531
        ],
        "mr": [
          -5.448312759399414,
          1.191342830657959,
          2.744668960571289
        ],
        "dr": [
          -3.8463077545166016,
          -1.3268423080444336,
          -4.889269828796387
        ],
        "mc": [
          -5.283533096313477,
          1.0021648406982422,
          2.869283676147461
        ],
        "dc": [
          -3.610635757446289,
          -1.210641860961914,
          -5.019261360168457
        ],
        "bgb": [
          4.091545104980469,
          5.367119789123535,
          0.6322469711303711
        ],
        "lgb": [
          -5.323030471801758,
          -1.3184843063354492,
          -3.385493278503418
        ]
      },
      "landmarks_global": {
        "mb": [
          0.21387290954589844,
          1.9090938568115234,
          4.982145309448242
        ],
        "db": [
          3.2856082916259766,
          -0.3401012420654297,
          -3.0023107528686523
        ],
        "ml": [
          -4.779947280883789,
          -0.7798466682434082,
          2.370553970336914
        ],
        "dl": [
          -4.142965316772461,
          -1.866805076599121,
          -4.365786552429199
        ],
        "bg": [
          1.4335079193115234,
          3.2808520793914795,
          4.395689964294434
        ],
        "m": [
          -6.5941619873046875,
          0.8478527069091797,
          0.6212654113769531
        ],
        "mr": [
          -5.448312759399414,
          1.191342830657959,
          2.744668960571289
        ],
        "dr": [
          -3.8463077545166016,
          -1.3268423080444336,
          -4.889269828796387
        ],
        "mc": [
          -5.283533096313477,
          1.0021648406982422,
          2.869283676147461
        ],
        "dc": [
          -3.610635757446289,
          -1.210641860961914,
          -5.019261360168457
        ],
        "bgb": [
          4.091545104980469,
          5.367119789123535,
          0.6322469711303711
        ],
        "lgb": [
          -5.323030471801758,
          -1.3184843063354492,
          -3.385493278503418
        ]
      },
      "indices": {
        "mb": 695,
        "db": 1501,
        "ml": 1212,
        "dl": 812,
        "bg": 893,
        "m": 0,
        "mr": 1905,
        "dr": 1113,
        "mc": 566,
        "dc": 688,
        "bgb": 1817,
        "lgb": 402
      },
      "scores": {
        "mb": 0.7377340197563171,
        "db": 0.8796977996826172,
        "ml": 0.35695207118988037,
        "dl": 0.5546284914016724,
        "bg": 0.4811747968196869,
        "m": 0.5604223012924194,
        "mr": 0.37803420424461365,
        "dr": 0.46546700596809387,
        "mc": 0.32498371601104736,
        "dc": 0.7258173823356628,
        "bgb": 0.7488321661949158,
        "lgb": 0.18756277859210968
      },
      "top1": {
        "mb": 0.7377340197563171,
        "db": 0.8796977996826172,
        "ml": 0.35695207118988037,
        "dl": 0.5546284914016724,
        "bg": 0.4811747968196869,
        "m": 0.5604223012924194,
        "mr": 0.37803420424461365,
        "dr": 0.46546700596809387,
        "mc": 0.32498371601104736,
        "dc": 0.7258173823356628,
        "bgb": 0.7488321661949158,
        "lgb": 0.18756277859210968
      },
      "peak_scores": {
        "mb": 0.7377340197563171,
        "db": 0.8796977996826172,
        "ml": 0.35695207118988037,
        "dl": 0.5546284914016724,
        "bg": 0.4811747968196869,
        "m": 0.5604223012924194,
        "mr": 0.37803420424461365,
        "dr": 0.46546700596809387,
        "mc": 0.32498371601104736,
        "dc": 0.7258173823356628,
        "bgb": 0.7488321661949158,
        "lgb": 0.18756277859210968
      },
      "top2": {
        "mb": 0.7376011610031128,
        "db": 0.8796250820159912,
        "ml": 0.356682151556015,
        "dl": 0.5545341968536377,
        "bg": 0.48090660572052,
        "m": 0.5590023398399353,
        "mr": 0.3774367868900299,
        "dr": 0.4654184877872467,
        "mc": 0.32435476779937744,
        "dc": 0.725040078163147,
        "bgb": 0.7486069202423096,
        "lgb": 0.18740232288837433
      },
      "second_scores": {
        "mb": 0.7376011610031128,
        "db": 0.8796250820159912,
        "ml": 0.356682151556015,
        "dl": 0.5545341968536377,
        "bg": 0.48090660572052,
        "m": 0.5590023398399353,
        "mr": 0.3774367868900299,
        "dr": 0.4654184877872467,
        "mc": 0.32435476779937744,
        "dc": 0.725040078163147,
        "bgb": 0.7486069202423096,
        "lgb": 0.18740232288837433
      },
      "margin": {
        "mb": 0.0001328587532043457,
        "db": 7.271766662597656e-05,
        "ml": 0.00026991963386535645,
        "dl": 9.429454803466797e-05,
        "bg": 0.0002681910991668701,
        "m": 0.0014199614524841309,
        "mr": 0.0005974173545837402,
        "dr": 4.851818084716797e-05,
        "mc": 0.0006289482116699219,
        "dc": 0.0007773041725158691,
        "bgb": 0.00022524595260620117,
        "lgb": 0.00016045570373535156
      },
      "meta": {
        "case_id": "069",
        "arch": "U",
        "fdi": 27,
        "tooth_id": 14,
        "sigma_mm": 5.0,
        "unit": "mm"
      }
    }
  },
  "meta": {
    "root": "C:\\MISC\\Deepcare\\Orthodontics\\datasets\\landmarks_dataset\\cooked\\p0\\samples"
  }
}