{
  "predictions": {
    "t27": {
      "landmarks_local": {
        "mb": [
          1.7631454467773438,
          2.504392147064209,
          5.564647197723389
        ],
        "db": [
          2.4699020385742188,
          -0.9185514450073242,
          -3.68241024017334
        ],
        "ml": [
          -4.801239013671875,
          -1.714040756225586,
          1.7725801467895508
        ],
        "dl": [
          -4.368324279785156,
          -2.222872734069824,
          -3.467949867248535
        ],
        "bg": [
          1.6315174102783203,
          1.9941071271896362,
          5.701566219329834
        ],
        "m": [
          -6.648887634277344,
          1.2256286144256592,
          1.3112201690673828
        ],
        "mr": [
          -5.350902557373047,
          1.4387221336364746,
          3.223997116088867
        ],
        "dr": [
          -5.583690643310547,
          -0.46752262115478516,
          -4.675912857055664
        ],
        "mc": [
          -5.088850021362305,
          1.3651537895202637,
          3.441988945007324
        ],
        "dc": [
          -4.565221786499023,
          -0.6013383865356445,
          -5.234676361083984
        ],
        "bgb": [
          4.579292297363281,
          4.739474296569824,
          1.0809192657470703
        ],
        "lgb": [
          -4.594953536987305,
          -2.2618322372436523,
          -3.134249687194824
        ]
      },
      "landmarks_global": {
        "mb": [
          1.7631454467773438,
          2.504392147064209,
          5.564647197723389
        ],
        "db": [
          2.4699020385742188,
          -0.9185514450073242,
          -3.68241024017334
        ],
        "ml": [
          -4.801239013671875,
          -1.714040756225586,
          1.7725801467895508
        ],
        "dl": [
          -4.368324279785156,
          -2.222872734069824,
          -3.467949867248535
        ],
        "bg": [
          1.6315174102783203,
          1.9941071271896362,
          5.701566219329834
        ],
        "m": [
          -6.648887634277344,
          1.2256286144256592,
          1.3112201690673828
        ],
        "mr": [
          -5.350902557373047,
          1.4387221336364746,
          3.223997116088867
        ],
        "dr": [
          -5.583690643310547,
          -0.46752262115478516,
          -4.675912857055664
        ],
        "mc": [
          -5.088850021362305,
          1.3651537895202637,
          3.441988945007324
        ],
        "dc": [
          -4.565221786499023,
          -0.6013383865356445,
          -5.234676361083984
        ],
        "bgb": [
          4.579292297363281,
          4.739474296569824,
          1.0809192657470703
        ],
        "lgb": [
          -4.594953536987305,
          -2.2618322372436523,
          -3.134249687194824
        ]
      },
      "indices": {
        "mb": 53,
        "db": 2451,
        "ml": 1107,
        "dl": 1305,
        "bg": 942,
        "m": 2780,
        "mr": 866,
        "dr": 1300,
        "mc": 13,
        "dc": 2652,
        "bgb": 8,
        "lgb": 652
      },
      "scores": {
        "mb": 0.7801711559295654,
        "db": 0.880415141582489,
        "ml": 0.39790064096450806,
        "dl": 0.4762808680534363,
        "bg": 0.5176234245300293,
        "m": 0.594984769821167,
        "mr": 0.423753947019577,
        "dr": 0.39829587936401367,
        "mc": 0.315801739692688,
        "dc": 0.6507688760757446,
        "bgb": 0.7542385458946228,
        "lgb": 0.19923833012580872
      },
      "top1": {
        "mb": 0.7801711559295654,
        "db": 0.880415141582489,
        "ml": 0.39790064096450806,
        "dl": 0.4762808680534363,
        "bg": 0.5176234245300293,
        "m": 0.594984769821167,
        "mr": 0.423753947019577,
        "dr": 0.39829587936401367,
        "mc": 0.315801739692688,
        "dc": 0.6507688760757446,
        "bgb": 0.7542385458946228,
        "lgb": 0.19923833012580872
      },
      "peak_scores": {
        "mb": 0.7801711559295654,
        "db": 0.880415141582489,
        "ml": 0.39790064096450806,
        "dl": 0.4762808680534363,
        "bg": 0.5176234245300293,
        "m": 0.594984769821167,
        "mr": 0.423753947019577,
        "dr": 0.39829587936401367,
        "mc": 0.315801739692688,
        "dc": 0.6507688760757446,
        "bgb": 0.7542385458946228,
        "lgb": 0.19923833012580872
      },
      "top2": {
        "mb": 0.779762864112854,
        "db": 0.8801860809326172,
        "ml": 0.3968317210674286,
        "dl": 0.4760505259037018,
        "bg": 0.5172329545021057,
        "m": 0.5949487090110779,
        "mr": 0.42287197709083557,
        "dr": 0.3962918221950531,
        "mc": 0.31576812267303467,
        "dc": 0.6500986814498901,
        "bgb": 0.7540968656539917,
        "lgb": 0.19922862946987152
      },
      "second_scores": {
        "mb": 0.779762864112854,
        "db": 0.8801860809326172,
        "ml": 0.3968317210674286,
        "dl": 0.4760505259037018,
        "bg": 0.5172329545021057,
        "m": 0.5949487090110779,
        "mr": 0.42287197709083557,
        "dr": 0.3962918221950531,
        "mc": 0.31576812267303467,
        "dc": 0.6500986814498901,
        "bgb": 0.7540968656539917,
        "lgb": 0.19922862946987152
      },
      "margin": {
        "mb": 0.0004082918167114258,
        "db": 0.00022906064987182617,
        "ml": 0.0010689198970794678,
        "dl": 0.00023034214973449707,
        "bg": 0.000390470027923584,
        "m": 3.606081008911133e-05,
        "mr": 0.0008819699287414551,
        "dr": 0.0020040571689605713,
        "mc": 3.361701965332031e-05,
        "dc": 0.0006701946258544922,
        "bgb": 0.00014168024063110352,
        "lgb": 9.700655937194824e-06
      },
      "meta": {
        "case_id": "070",
        "arch": "U",
        "fdi": 27,
        "tooth_id": 14,
        "sigma_mm": 5.0,
        "unit": "mm"
      }
    }
  },
  "meta": {
    "root": "C:\\MISC\\Deepcare\\Orthodontics\\datasets\\landmarks_dataset\\cooked\\p0\\samples"
  }
}