{
  "predictions": {
    "t27": {
      "landmarks_local": {
        "mb": [
          5.058788299560547,
          -2.532881736755371,
          4.024499893188477
        ],
        "db": [
          3.0945892333984375,
          -4.445598602294922,
          -2.2956247329711914
        ],
        "ml": [
          -6.012308120727539,
          -2.278500556945801,
          0.7795877456665039
        ],
        "dl": [
          -0.2032642364501953,
          -5.622493743896484,
          -2.3869638442993164
        ],
        "bg": [
          2.8298988342285156,
          3.79571795463562,
          4.38885498046875
        ],
        "m": [
          -4.794248580932617,
          5.070480823516846,
          1.4901914596557617
        ],
        "mr": [
          -5.995111465454102,
          3.87927508354187,
          2.3026628494262695
        ],
        "dr": [
          -2.2699356079101562,
          -3.793071746826172,
          -2.8342418670654297
        ],
        "mc": [
          -6.012308120727539,
          -2.278500556945801,
          0.7795877456665039
        ],
        "dc": [
          -1.4548206329345703,
          -3.823070526123047,
          -3.0362625122070312
        ],
        "bgb": [
          4.768833160400391,
          1.8287343978881836,
          3.1050758361816406
        ],
        "lgb": [
          -6.012308120727539,
          -2.278500556945801,
          0.7795877456665039
        ]
      },
      "landmarks_global": {
        "mb": [
          5.058788299560547,
          -2.532881736755371,
          4.024499893188477
        ],
        "db": [
          3.0945892333984375,
          -4.445598602294922,
          -2.2956247329711914
        ],
        "ml": [
          -6.012308120727539,
          -2.278500556945801,
          0.7795877456665039
        ],
        "dl": [
          -0.2032642364501953,
          -5.622493743896484,
          -2.3869638442993164
        ],
        "bg": [
          2.8298988342285156,
          3.79571795463562,
          4.38885498046875
        ],
        "m": [
          -4.794248580932617,
          5.070480823516846,
          1.4901914596557617
        ],
        "mr": [
          -5.995111465454102,
          3.87927508354187,
          2.3026628494262695
        ],
        "dr": [
          -2.2699356079101562,
          -3.793071746826172,
          -2.8342418670654297
        ],
        "mc": [
          -6.012308120727539,
          -2.278500556945801,
          0.7795877456665039
        ],
        "dc": [
          -1.4548206329345703,
          -3.823070526123047,
          -3.0362625122070312
        ],
        "bgb": [
          4.768833160400391,
          1.8287343978881836,
          3.1050758361816406
        ],
        "lgb": [
          -6.012308120727539,
          -2.278500556945801,
          0.7795877456665039
        ]
      },
      "indices": {
        "mb": 1694,
        "db": 1267,
        "ml": 1283,
        "dl": 1098,
        "bg": 27,
        "m": 2659,
        "mr": 1020,
        "dr": 2866,
        "mc": 1283,
        "dc": 1351,
        "bgb": 2076,
        "lgb": 1283
      },
      "scores": {
        "mb": 0.847943902015686,
        "db": 0.7656541466712952,
        "ml": 0.37457597255706787,
        "dl": 0.3379192054271698,
        "bg": 0.6974976658821106,
        "m": 0.5154334306716919,
        "mr": 0.41077810525894165,
        "dr": 0.24957942962646484,
        "mc": 0.24235884845256805,
        "dc": 0.3070109188556671,
        "bgb": 0.49850600957870483,
        "lgb": 0.18385767936706543
      },
      "top1": {
        "mb": 0.847943902015686,
        "db": 0.7656541466712952,
        "ml": 0.37457597255706787,
        "dl": 0.3379192054271698,
        "bg": 0.6974976658821106,
        "m": 0.5154334306716919,
        "mr": 0.41077810525894165,
        "dr": 0.24957942962646484,
        "mc": 0.24235884845256805,
        "dc": 0.3070109188556671,
        "bgb": 0.49850600957870483,
        "lgb": 0.18385767936706543
      },
      "peak_scores": {
        "mb": 0.847943902015686,
        "db": 0.7656541466712952,
        "ml": 0.37457597255706787,
        "dl": 0.3379192054271698,
        "bg": 0.6974976658821106,
        "m": 0.5154334306716919,
        "mr": 0.41077810525894165,
        "dr": 0.24957942962646484,
        "mc": 0.24235884845256805,
        "dc": 0.3070109188556671,
        "bgb": 0.49850600957870483,
        "lgb": 0.18385767936706543
      },
      "top2": {
        "mb": 0.8478995561599731,
        "db": 0.7650954723358154,
        "ml": 0.37393999099731445,
        "dl": 0.3357560932636261,
        "bg": 0.6970658898353577,
        "m": 0.5152640342712402,
        "mr": 0.41044148802757263,
        "dr": 0.24931980669498444,
        "mc": 0.24048419296741486,
        "dc": 0.30688703060150146,
        "bgb": 0.4980698525905609,
        "lgb": 0.1838276982307434
      },
      "second_scores": {
        "mb": 0.8478995561599731,
        "db": 0.7650954723358154,
        "ml": 0.37393999099731445,
        "dl": 0.3357560932636261,
        "bg": 0.6970658898353577,
        "m": 0.5152640342712402,
        "mr": 0.41044148802757263,
        "dr": 0.24931980669498444,
        "mc": 0.24048419296741486,
        "dc": 0.30688703060150146,
        "bgb": 0.4980698525905609,
        "lgb": 0.1838276982307434
      },
      "margin": {
        "mb": 4.4345855712890625e-05,
        "db": 0.0005586743354797363,
        "ml": 0.000635981559753418,
        "dl": 0.002163112163543701,
        "bg": 0.0004317760467529297,
        "m": 0.00016939640045166016,
        "mr": 0.00033661723136901855,
        "dr": 0.0002596229314804077,
        "mc": 0.0018746554851531982,
        "dc": 0.00012388825416564941,
        "bgb": 0.0004361569881439209,
        "lgb": 2.9981136322021484e-05
      },
      "meta": {
        "case_id": "071",
        "arch": "U",
        "fdi": 27,
        "tooth_id": 14,
        "sigma_mm": 5.0,
        "unit": "mm"
      }
    }
  },
  "meta": {
    "root": "C:\\MISC\\Deepcare\\Orthodontics\\datasets\\landmarks_dataset\\cooked\\p0\\samples"
  }
}