{
  "predictions": {
    "t27": {
      "landmarks_local": {
        "mb": [
          2.4761734008789062,
          3.114226818084717,
          4.178443908691406
        ],
        "db": [
          0.943878173828125,
          -4.844825744628906,
          -2.1847639083862305
        ],
        "ml": [
          -5.790138244628906,
          -3.2041099071502686,
          1.5662126541137695
        ],
        "dl": [
          -5.2096710205078125,
          -3.1566174030303955,
          0.3205280303955078
        ],
        "bg": [
          -5.744724273681641,
          0.5976169109344482,
          0.9442691802978516
        ],
        "m": [
          -4.519889831542969,
          0.5231642723083496,
          -1.7574396133422852
        ],
        "mr": [
          -6.3790130615234375,
          -0.15241360664367676,
          2.8572874069213867
        ],
        "dr": [
          -3.1731185913085938,
          -2.753641128540039,
          -1.917954444885254
        ],
        "mc": [
          -6.3790130615234375,
          -0.15241360664367676,
          2.8572874069213867
        ],
        "dc": [
          0.07552337646484375,
          -5.124731063842773,
          -2.010645866394043
        ],
        "bgb": [
          -1.7109565734863281,
          4.596724510192871,
          1.3921756744384766
        ],
        "lgb": [
          -4.634052276611328,
          -2.533278465270996,
          -0.6472101211547852
        ]
      },
      "landmarks_global": {
        "mb": [
          2.4761734008789062,
          3.114226818084717,
          4.178443908691406
        ],
        "db": [
          0.943878173828125,
          -4.844825744628906,
          -2.1847639083862305
        ],
        "ml": [
          -5.790138244628906,
          -3.2041099071502686,
          1.5662126541137695
        ],
        "dl": [
          -5.2096710205078125,
          -3.1566174030303955,
          0.3205280303955078
        ],
        "bg": [
          -5.744724273681641,
          0.5976169109344482,
          0.9442691802978516
        ],
        "m": [
          -4.519889831542969,
          0.5231642723083496,
          -1.7574396133422852
        ],
        "mr": [
          -6.3790130615234375,
          -0.15241360664367676,
          2.8572874069213867
        ],
        "dr": [
          -3.1731185913085938,
          -2.753641128540039,
          -1.917954444885254
        ],
        "mc": [
          -6.3790130615234375,
          -0.15241360664367676,
          2.8572874069213867
        ],
        "dc": [
          0.07552337646484375,
          -5.124731063842773,
          -2.010645866394043
        ],
        "bgb": [
          -1.7109565734863281,
          4.596724510192871,
          1.3921756744384766
        ],
        "lgb": [
          -4.634052276611328,
          -2.533278465270996,
          -0.6472101211547852
        ]
      },
      "indices": {
        "mb": 1168,
        "db": 2277,
        "ml": 1309,
        "dl": 966,
        "bg": 2775,
        "m": 2953,
        "mr": 2818,
        "dr": 2767,
        "mc": 2818,
        "dc": 2230,
        "bgb": 1884,
        "lgb": 1268
      },
      "scores": {
        "mb": 0.7976136207580566,
        "db": 0.6965205669403076,
        "ml": 0.4144521653652191,
        "dl": 0.2117498219013214,
        "bg": 0.6459296345710754,
        "m": 0.5670887231826782,
        "mr": 0.40363970398902893,
        "dr": 0.24621881544589996,
        "mc": 0.18334117531776428,
        "dc": 0.2511451840400696,
        "bgb": 0.3760017454624176,
        "lgb": 0.15653705596923828
      },
      "top1": {
        "mb": 0.7976136207580566,
        "db": 0.6965205669403076,
        "ml": 0.4144521653652191,
        "dl": 0.2117498219013214,
        "bg": 0.6459296345710754,
        "m": 0.5670887231826782,
        "mr": 0.40363970398902893,
        "dr": 0.24621881544589996,
        "mc": 0.18334117531776428,
        "dc": 0.2511451840400696,
        "bgb": 0.3760017454624176,
        "lgb": 0.15653705596923828
      },
      "peak_scores": {
        "mb": 0.7976136207580566,
        "db": 0.6965205669403076,
        "ml": 0.4144521653652191,
        "dl": 0.2117498219013214,
        "bg": 0.6459296345710754,
        "m": 0.5670887231826782,
        "mr": 0.40363970398902893,
        "dr": 0.24621881544589996,
        "mc": 0.18334117531776428,
        "dc": 0.2511451840400696,
        "bgb": 0.3760017454624176,
        "lgb": 0.15653705596923828
      },
      "top2": {
        "mb": 0.7975564002990723,
        "db": 0.6963866353034973,
        "ml": 0.4134639501571655,
        "dl": 0.2114405483007431,
        "bg": 0.6455996632575989,
        "m": 0.5670611262321472,
        "mr": 0.4034857451915741,
        "dr": 0.24621407687664032,
        "mc": 0.18287895619869232,
        "dc": 0.25055551528930664,
        "bgb": 0.37567052245140076,
        "lgb": 0.15650328993797302
      },
      "second_scores": {
        "mb": 0.7975564002990723,
        "db": 0.6963866353034973,
        "ml": 0.4134639501571655,
        "dl": 0.2114405483007431,
        "bg": 0.6455996632575989,
        "m": 0.5670611262321472,
        "mr": 0.4034857451915741,
        "dr": 0.24621407687664032,
        "mc": 0.18287895619869232,
        "dc": 0.25055551528930664,
        "bgb": 0.37567052245140076,
        "lgb": 0.15650328993797302
      },
      "margin": {
        "mb": 5.7220458984375e-05,
        "db": 0.00013393163681030273,
        "ml": 0.0009882152080535889,
        "dl": 0.0003092736005783081,
        "bg": 0.0003299713134765625,
        "m": 2.759695053100586e-05,
        "mr": 0.00015395879745483398,
        "dr": 4.738569259643555e-06,
        "mc": 0.00046221911907196045,
        "dc": 0.0005896687507629395,
        "bgb": 0.0003312230110168457,
        "lgb": 3.376603126525879e-05
      },
      "meta": {
        "case_id": "072",
        "arch": "U",
        "fdi": 27,
        "tooth_id": 14,
        "sigma_mm": 5.0,
        "unit": "mm"
      }
    }
  },
  "meta": {
    "root": "C:\\MISC\\Deepcare\\Orthodontics\\datasets\\landmarks_dataset\\cooked\\p0\\samples"
  }
}