{
  "predictions": {
    "t27": {
      "landmarks_local": {
        "mb": [
          4.57763671875,
          -1.6821308135986328,
          5.187604904174805
        ],
        "db": [
          3.2931976318359375,
          -3.4812240600585938,
          -2.4230995178222656
        ],
        "ml": [
          -6.384832382202148,
          -2.697244644165039,
          2.5185184478759766
        ],
        "dl": [
          0.08427238464355469,
          -5.685737609863281,
          -1.2336921691894531
        ],
        "bg": [
          1.9920082092285156,
          4.185096263885498,
          3.6338748931884766
        ],
        "m": [
          -4.38408088684082,
          5.215163230895996,
          1.2373933792114258
        ],
        "mr": [
          -6.693958282470703,
          0.7564620971679688,
          3.045919418334961
        ],
        "dr": [
          -5.262432098388672,
          0.16839218139648438,
          -2.4389572143554688
        ],
        "mc": [
          -6.038148880004883,
          -2.1374549865722656,
          0.5573701858520508
        ],
        "dc": [
          -3.206686019897461,
          -3.08880615234375,
          -2.1589975357055664
        ],
        "bgb": [
          3.94488525390625,
          2.834427833557129,
          0.5833349227905273
        ],
        "lgb": [
          -6.598354339599609,
          -2.237116813659668,
          2.7008514404296875
        ]
      },
      "landmarks_global": {
        "mb": [
          4.57763671875,
          -1.6821308135986328,
          5.187604904174805
        ],
        "db": [
          3.2931976318359375,
          -3.4812240600585938,
          -2.4230995178222656
        ],
        "ml": [
          -6.384832382202148,
          -2.697244644165039,
          2.5185184478759766
        ],
        "dl": [
          0.08427238464355469,
          -5.685737609863281,
          -1.2336921691894531
        ],
        "bg": [
          1.9920082092285156,
          4.185096263885498,
          3.6338748931884766
        ],
        "m": [
          -4.38408088684082,
          5.215163230895996,
          1.2373933792114258
        ],
        "mr": [
          -6.693958282470703,
          0.7564620971679688,
          3.045919418334961
        ],
        "dr": [
          -5.262432098388672,
          0.16839218139648438,
          -2.4389572143554688
        ],
        "mc": [
          -6.038148880004883,
          -2.1374549865722656,
          0.5573701858520508
        ],
        "dc": [
          -3.206686019897461,
          -3.08880615234375,
          -2.1589975357055664
        ],
        "bgb": [
          3.94488525390625,
          2.834427833557129,
          0.5833349227905273
        ],
        "lgb": [
          -6.598354339599609,
          -2.237116813659668,
          2.7008514404296875
        ]
      },
      "indices": {
        "mb": 1759,
        "db": 731,
        "ml": 34,
        "dl": 1082,
        "bg": 1377,
        "m": 458,
        "mr": 1201,
        "dr": 2080,
        "mc": 349,
        "dc": 2098,
        "bgb": 400,
        "lgb": 567
      },
      "scores": {
        "mb": 0.8585895299911499,
        "db": 0.7193438410758972,
        "ml": 0.4044084846973419,
        "dl": 0.35504788160324097,
        "bg": 0.6964085102081299,
        "m": 0.4772118330001831,
        "mr": 0.41364291310310364,
        "dr": 0.25870609283447266,
        "mc": 0.27668124437332153,
        "dc": 0.2871118485927582,
        "bgb": 0.4942232370376587,
        "lgb": 0.2168208509683609
      },
      "top1": {
        "mb": 0.8585895299911499,
        "db": 0.7193438410758972,
        "ml": 0.4044084846973419,
        "dl": 0.35504788160324097,
        "bg": 0.6964085102081299,
        "m": 0.4772118330001831,
        "mr": 0.41364291310310364,
        "dr": 0.25870609283447266,
        "mc": 0.27668124437332153,
        "dc": 0.2871118485927582,
        "bgb": 0.4942232370376587,
        "lgb": 0.2168208509683609
      },
      "peak_scores": {
        "mb": 0.8585895299911499,
        "db": 0.7193438410758972,
        "ml": 0.4044084846973419,
        "dl": 0.35504788160324097,
        "bg": 0.6964085102081299,
        "m": 0.4772118330001831,
        "mr": 0.41364291310310364,
        "dr": 0.25870609283447266,
        "mc": 0.27668124437332153,
        "dc": 0.2871118485927582,
        "bgb": 0.4942232370376587,
        "lgb": 0.2168208509683609
      },
      "top2": {
        "mb": 0.8585003018379211,
        "db": 0.7184031009674072,
        "ml": 0.404390811920166,
        "dl": 0.3549676537513733,
        "bg": 0.696130096912384,
        "m": 0.47699761390686035,
        "mr": 0.4132910966873169,
        "dr": 0.2583160996437073,
        "mc": 0.2763739824295044,
        "dc": 0.2868175804615021,
        "bgb": 0.49388423562049866,
        "lgb": 0.2165977656841278
      },
      "second_scores": {
        "mb": 0.8585003018379211,
        "db": 0.7184031009674072,
        "ml": 0.404390811920166,
        "dl": 0.3549676537513733,
        "bg": 0.696130096912384,
        "m": 0.47699761390686035,
        "mr": 0.4132910966873169,
        "dr": 0.2583160996437073,
        "mc": 0.2763739824295044,
        "dc": 0.2868175804615021,
        "bgb": 0.49388423562049866,
        "lgb": 0.2165977656841278
      },
      "margin": {
        "mb": 8.922815322875977e-05,
        "db": 0.0009407401084899902,
        "ml": 1.767277717590332e-05,
        "dl": 8.022785186767578e-05,
        "bg": 0.0002784132957458496,
        "m": 0.0002142190933227539,
        "mr": 0.00035181641578674316,
        "dr": 0.00038999319076538086,
        "mc": 0.00030726194381713867,
        "dc": 0.0002942681312561035,
        "bgb": 0.0003390014171600342,
        "lgb": 0.00022308528423309326
      },
      "meta": {
        "case_id": "073",
        "arch": "U",
        "fdi": 27,
        "tooth_id": 14,
        "sigma_mm": 5.0,
        "unit": "mm"
      }
    }
  },
  "meta": {
    "root": "C:\\MISC\\Deepcare\\Orthodontics\\datasets\\landmarks_dataset\\cooked\\p0\\samples"
  }
}