{
  "predictions": {
    "t27": {
      "landmarks_local": {
        "mb": [
          4.016876220703125,
          -4.706183433532715,
          2.0519628524780273
        ],
        "db": [
          2.495807647705078,
          -3.857773780822754,
          -2.0134811401367188
        ],
        "ml": [
          -6.545305252075195,
          -1.3859686851501465,
          0.8661317825317383
        ],
        "dl": [
          -1.5534820556640625,
          -5.188678741455078,
          -1.253046989440918
        ],
        "bg": [
          3.1174964904785156,
          2.7762348651885986,
          3.238898277282715
        ],
        "m": [
          -4.647239685058594,
          4.185947418212891,
          2.3685426712036133
        ],
        "mr": [
          -6.535825729370117,
          0.6886887550354004,
          1.8211278915405273
        ],
        "dr": [
          -4.540027618408203,
          -0.415616512298584,
          -1.9710826873779297
        ],
        "mc": [
          -5.4803009033203125,
          -2.6980552673339844,
          -0.41733741760253906
        ],
        "dc": [
          -3.1235618591308594,
          -1.6219110488891602,
          -2.3737897872924805
        ],
        "bgb": [
          4.3285675048828125,
          0.48851490020751953,
          1.4582319259643555
        ],
        "lgb": [
          -6.713537216186523,
          -0.6237287521362305,
          1.4238557815551758
        ]
      },
      "landmarks_global": {
        "mb": [
          4.016876220703125,
          -4.706183433532715,
          2.0519628524780273
        ],
        "db": [
          2.495807647705078,
          -3.857773780822754,
          -2.0134811401367188
        ],
        "ml": [
          -6.545305252075195,
          -1.3859686851501465,
          0.8661317825317383
        ],
        "dl": [
          -1.5534820556640625,
          -5.188678741455078,
          -1.253046989440918
        ],
        "bg": [
          3.1174964904785156,
          2.7762348651885986,
          3.238898277282715
        ],
        "m": [
          -4.647239685058594,
          4.185947418212891,
          2.3685426712036133
        ],
        "mr": [
          -6.535825729370117,
          0.6886887550354004,
          1.8211278915405273
        ],
        "dr": [
          -4.540027618408203,
          -0.415616512298584,
          -1.9710826873779297
        ],
        "mc": [
          -5.4803009033203125,
          -2.6980552673339844,
          -0.41733741760253906
        ],
        "dc": [
          -3.1235618591308594,
          -1.6219110488891602,
          -2.3737897872924805
        ],
        "bgb": [
          4.3285675048828125,
          0.48851490020751953,
          1.4582319259643555
        ],
        "lgb": [
          -6.713537216186523,
          -0.6237287521362305,
          1.4238557815551758
        ]
      },
      "indices": {
        "mb": 1029,
        "db": 535,
        "ml": 2209,
        "dl": 1291,
        "bg": 2256,
        "m": 2917,
        "mr": 532,
        "dr": 826,
        "mc": 9,
        "dc": 718,
        "bgb": 692,
        "lgb": 2631
      },
      "scores": {
        "mb": 0.8295249342918396,
        "db": 0.7251551151275635,
        "ml": 0.3540368378162384,
        "dl": 0.24373506009578705,
        "bg": 0.6792532801628113,
        "m": 0.504025936126709,
        "mr": 0.3704146146774292,
        "dr": 0.23186206817626953,
        "mc": 0.20395974814891815,
        "dc": 0.27339401841163635,
        "bgb": 0.4487698972225189,
        "lgb": 0.1751956343650818
      },
      "top1": {
        "mb": 0.8295249342918396,
        "db": 0.7251551151275635,
        "ml": 0.3540368378162384,
        "dl": 0.24373506009578705,
        "bg": 0.6792532801628113,
        "m": 0.504025936126709,
        "mr": 0.3704146146774292,
        "dr": 0.23186206817626953,
        "mc": 0.20395974814891815,
        "dc": 0.27339401841163635,
        "bgb": 0.4487698972225189,
        "lgb": 0.1751956343650818
      },
      "peak_scores": {
        "mb": 0.8295249342918396,
        "db": 0.7251551151275635,
        "ml": 0.3540368378162384,
        "dl": 0.24373506009578705,
        "bg": 0.6792532801628113,
        "m": 0.504025936126709,
        "mr": 0.3704146146774292,
        "dr": 0.23186206817626953,
        "mc": 0.20395974814891815,
        "dc": 0.27339401841163635,
        "bgb": 0.4487698972225189,
        "lgb": 0.1751956343650818
      },
      "top2": {
        "mb": 0.8294763565063477,
        "db": 0.724947988986969,
        "ml": 0.3537521958351135,
        "dl": 0.24288669228553772,
        "bg": 0.67909175157547,
        "m": 0.5032734870910645,
        "mr": 0.37030625343322754,
        "dr": 0.23177529871463776,
        "mc": 0.20386925339698792,
        "dc": 0.27330482006073,
        "bgb": 0.44870221614837646,
        "lgb": 0.17512822151184082
      },
      "second_scores": {
        "mb": 0.8294763565063477,
        "db": 0.724947988986969,
        "ml": 0.3537521958351135,
        "dl": 0.24288669228553772,
        "bg": 0.67909175157547,
        "m": 0.5032734870910645,
        "mr": 0.37030625343322754,
        "dr": 0.23177529871463776,
        "mc": 0.20386925339698792,
        "dc": 0.27330482006073,
        "bgb": 0.44870221614837646,
        "lgb": 0.17512822151184082
      },
      "margin": {
        "mb": 4.857778549194336e-05,
        "db": 0.00020712614059448242,
        "ml": 0.00028464198112487793,
        "dl": 0.0008483678102493286,
        "bg": 0.0001615285873413086,
        "m": 0.0007524490356445312,
        "mr": 0.00010836124420166016,
        "dr": 8.67694616317749e-05,
        "mc": 9.049475193023682e-05,
        "dc": 8.919835090637207e-05,
        "bgb": 6.768107414245605e-05,
        "lgb": 6.74128532409668e-05
      },
      "meta": {
        "case_id": "074",
        "arch": "U",
        "fdi": 27,
        "tooth_id": 14,
        "sigma_mm": 5.0,
        "unit": "mm"
      }
    }
  },
  "meta": {
    "root": "C:\\MISC\\Deepcare\\Orthodontics\\datasets\\landmarks_dataset\\cooked\\p0\\samples"
  }
}