{
  "predictions": {
    "t27": {
      "landmarks_local": {
        "mb": [
          2.348217010498047,
          -2.182654857635498,
          5.032223701477051
        ],
        "db": [
          2.965618133544922,
          -2.8638148307800293,
          -1.365957260131836
        ],
        "ml": [
          -6.20428466796875,
          -0.8701605796813965,
          -0.38200855255126953
        ],
        "dl": [
          -2.204477310180664,
          -3.4869332313537598,
          -1.7856254577636719
        ],
        "bg": [
          1.2593441009521484,
          3.187913656234741,
          4.212958335876465
        ],
        "m": [
          -6.0883636474609375,
          1.268742561340332,
          -0.13467884063720703
        ],
        "mr": [
          -0.7374706268310547,
          4.254321098327637,
          2.884054183959961
        ],
        "dr": [
          -2.204477310180664,
          -3.4869332313537598,
          -1.7856254577636719
        ],
        "mc": [
          -2.0586681365966797,
          4.47007942199707,
          1.7630443572998047
        ],
        "dc": [
          -2.204477310180664,
          -3.4869332313537598,
          -1.7856254577636719
        ],
        "bgb": [
          1.5168437957763672,
          3.522855520248413,
          2.4514827728271484
        ],
        "lgb": [
          -4.643400192260742,
          -2.183988094329834,
          -1.231027603149414
        ]
      },
      "landmarks_global": {
        "mb": [
          2.348217010498047,
          -2.182654857635498,
          5.032223701477051
        ],
        "db": [
          2.965618133544922,
          -2.8638148307800293,
          -1.365957260131836
        ],
        "ml": [
          -6.20428466796875,
          -0.8701605796813965,
          -0.38200855255126953
        ],
        "dl": [
          -2.204477310180664,
          -3.4869332313537598,
          -1.7856254577636719
        ],
        "bg": [
          1.2593441009521484,
          3.187913656234741,
          4.212958335876465
        ],
        "m": [
          -6.0883636474609375,
          1.268742561340332,
          -0.13467884063720703
        ],
        "mr": [
          -0.7374706268310547,
          4.254321098327637,
          2.884054183959961
        ],
        "dr": [
          -2.204477310180664,
          -3.4869332313537598,
          -1.7856254577636719
        ],
        "mc": [
          -2.0586681365966797,
          4.47007942199707,
          1.7630443572998047
        ],
        "dc": [
          -2.204477310180664,
          -3.4869332313537598,
          -1.7856254577636719
        ],
        "bgb": [
          1.5168437957763672,
          3.522855520248413,
          2.4514827728271484
        ],
        "lgb": [
          -4.643400192260742,
          -2.183988094329834,
          -1.231027603149414
        ]
      },
      "indices": {
        "mb": 402,
        "db": 696,
        "ml": 1125,
        "dl": 1431,
        "bg": 693,
        "m": 81,
        "mr": 1615,
        "dr": 1431,
        "mc": 912,
        "dc": 1431,
        "bgb": 647,
        "lgb": 635
      },
      "scores": {
        "mb": 0.7549638152122498,
        "db": 0.8689790964126587,
        "ml": 0.3389684557914734,
        "dl": 0.4824337959289551,
        "bg": 0.49664315581321716,
        "m": 0.524922251701355,
        "mr": 0.3597272038459778,
        "dr": 0.38229984045028687,
        "mc": 0.3111703097820282,
        "dc": 0.6620163321495056,
        "bgb": 0.692511796951294,
        "lgb": 0.19902895390987396
      },
      "top1": {
        "mb": 0.7549638152122498,
        "db": 0.8689790964126587,
        "ml": 0.3389684557914734,
        "dl": 0.4824337959289551,
        "bg": 0.49664315581321716,
        "m": 0.524922251701355,
        "mr": 0.3597272038459778,
        "dr": 0.38229984045028687,
        "mc": 0.3111703097820282,
        "dc": 0.6620163321495056,
        "bgb": 0.692511796951294,
        "lgb": 0.19902895390987396
      },
      "peak_scores": {
        "mb": 0.7549638152122498,
        "db": 0.8689790964126587,
        "ml": 0.3389684557914734,
        "dl": 0.4824337959289551,
        "bg": 0.49664315581321716,
        "m": 0.524922251701355,
        "mr": 0.3597272038459778,
        "dr": 0.38229984045028687,
        "mc": 0.3111703097820282,
        "dc": 0.6620163321495056,
        "bgb": 0.692511796951294,
        "lgb": 0.19902895390987396
      },
      "top2": {
        "mb": 0.7549372911453247,
        "db": 0.8689709305763245,
        "ml": 0.3382907509803772,
        "dl": 0.48057302832603455,
        "bg": 0.4963144063949585,
        "m": 0.5245335698127747,
        "mr": 0.35959649085998535,
        "dr": 0.38118988275527954,
        "mc": 0.3106735348701477,
        "dc": 0.6619542241096497,
        "bgb": 0.6923965215682983,
        "lgb": 0.19893044233322144
      },
      "second_scores": {
        "mb": 0.7549372911453247,
        "db": 0.8689709305763245,
        "ml": 0.3382907509803772,
        "dl": 0.48057302832603455,
        "bg": 0.4963144063949585,
        "m": 0.5245335698127747,
        "mr": 0.35959649085998535,
        "dr": 0.38118988275527954,
        "mc": 0.3106735348701477,
        "dc": 0.6619542241096497,
        "bgb": 0.6923965215682983,
        "lgb": 0.19893044233322144
      },
      "margin": {
        "mb": 2.6524066925048828e-05,
        "db": 8.165836334228516e-06,
        "ml": 0.0006777048110961914,
        "dl": 0.0018607676029205322,
        "bg": 0.000328749418258667,
        "m": 0.00038868188858032227,
        "mr": 0.00013071298599243164,
        "dr": 0.0011099576950073242,
        "mc": 0.0004967749118804932,
        "dc": 6.210803985595703e-05,
        "bgb": 0.00011527538299560547,
        "lgb": 9.851157665252686e-05
      },
      "meta": {
        "case_id": "075",
        "arch": "U",
        "fdi": 27,
        "tooth_id": 14,
        "sigma_mm": 5.0,
        "unit": "mm"
      }
    }
  },
  "meta": {
    "root": "C:\\MISC\\Deepcare\\Orthodontics\\datasets\\landmarks_dataset\\cooked\\p0\\samples"
  }
}