{
  "predictions": {
    "t27": {
      "landmarks_local": {
        "mb": [
          2.5262184143066406,
          -3.9729104042053223,
          2.7728424072265625
        ],
        "db": [
          -0.6718292236328125,
          -4.213188648223877,
          -2.3318967819213867
        ],
        "ml": [
          -7.13702392578125,
          -1.8245010375976562,
          0.03499031066894531
        ],
        "dl": [
          -7.079477310180664,
          -1.1645817756652832,
          -0.4680042266845703
        ],
        "bg": [
          -0.4469146728515625,
          4.819382667541504,
          2.1902294158935547
        ],
        "m": [
          -6.405265808105469,
          3.640949010848999,
          0.024005889892578125
        ],
        "mr": [
          -7.369913101196289,
          2.4879727363586426,
          -0.07540035247802734
        ],
        "dr": [
          -5.17108154296875,
          1.237016201019287,
          -2.88565731048584
        ],
        "mc": [
          -5.86346435546875,
          -2.787254810333252,
          -0.5562887191772461
        ],
        "dc": [
          -1.9730186462402344,
          -4.099442958831787,
          -2.3291425704956055
        ],
        "bgb": [
          4.506771087646484,
          -1.3216142654418945,
          0.08745765686035156
        ],
        "lgb": [
          -7.927911758422852,
          -0.8396368026733398,
          0.08703422546386719
        ]
      },
      "landmarks_global": {
        "mb": [
          2.5262184143066406,
          -3.9729104042053223,
          2.7728424072265625
        ],
        "db": [
          -0.6718292236328125,
          -4.213188648223877,
          -2.3318967819213867
        ],
        "ml": [
          -7.13702392578125,
          -1.8245010375976562,
          0.03499031066894531
        ],
        "dl": [
          -7.079477310180664,
          -1.1645817756652832,
          -0.4680042266845703
        ],
        "bg": [
          -0.4469146728515625,
          4.819382667541504,
          2.1902294158935547
        ],
        "m": [
          -6.405265808105469,
          3.640949010848999,
          0.024005889892578125
        ],
        "mr": [
          -7.369913101196289,
          2.4879727363586426,
          -0.07540035247802734
        ],
        "dr": [
          -5.17108154296875,
          1.237016201019287,
          -2.88565731048584
        ],
        "mc": [
          -5.86346435546875,
          -2.787254810333252,
          -0.5562887191772461
        ],
        "dc": [
          -1.9730186462402344,
          -4.099442958831787,
          -2.3291425704956055
        ],
        "bgb": [
          4.506771087646484,
          -1.3216142654418945,
          0.08745765686035156
        ],
        "lgb": [
          -7.927911758422852,
          -0.8396368026733398,
          0.08703422546386719
        ]
      },
      "indices": {
        "mb": 1941,
        "db": 331,
        "ml": 78,
        "dl": 987,
        "bg": 662,
        "m": 339,
        "mr": 947,
        "dr": 2194,
        "mc": 213,
        "dc": 75,
        "bgb": 713,
        "lgb": 0
      },
      "scores": {
        "mb": 0.820614755153656,
        "db": 0.7406793236732483,
        "ml": 0.3678116798400879,
        "dl": 0.23213382065296173,
        "bg": 0.65628582239151,
        "m": 0.5335931777954102,
        "mr": 0.37016618251800537,
        "dr": 0.23769617080688477,
        "mc": 0.19695861637592316,
        "dc": 0.2689736783504486,
        "bgb": 0.43081024289131165,
        "lgb": 0.18638965487480164
      },
      "top1": {
        "mb": 0.820614755153656,
        "db": 0.7406793236732483,
        "ml": 0.3678116798400879,
        "dl": 0.23213382065296173,
        "bg": 0.65628582239151,
        "m": 0.5335931777954102,
        "mr": 0.37016618251800537,
        "dr": 0.23769617080688477,
        "mc": 0.19695861637592316,
        "dc": 0.2689736783504486,
        "bgb": 0.43081024289131165,
        "lgb": 0.18638965487480164
      },
      "peak_scores": {
        "mb": 0.820614755153656,
        "db": 0.7406793236732483,
        "ml": 0.3678116798400879,
        "dl": 0.23213382065296173,
        "bg": 0.65628582239151,
        "m": 0.5335931777954102,
        "mr": 0.37016618251800537,
        "dr": 0.23769617080688477,
        "mc": 0.19695861637592316,
        "dc": 0.2689736783504486,
        "bgb": 0.43081024289131165,
        "lgb": 0.18638965487480164
      },
      "top2": {
        "mb": 0.8201923966407776,
        "db": 0.7405372858047485,
        "ml": 0.36735832691192627,
        "dl": 0.23153981566429138,
        "bg": 0.656209409236908,
        "m": 0.5332143306732178,
        "mr": 0.368772029876709,
        "dr": 0.23629224300384521,
        "mc": 0.19657789170742035,
        "dc": 0.268942266702652,
        "bgb": 0.4307560920715332,
        "lgb": 0.1845577359199524
      },
      "second_scores": {
        "mb": 0.8201923966407776,
        "db": 0.7405372858047485,
        "ml": 0.36735832691192627,
        "dl": 0.23153981566429138,
        "bg": 0.656209409236908,
        "m": 0.5332143306732178,
        "mr": 0.368772029876709,
        "dr": 0.23629224300384521,
        "mc": 0.19657789170742035,
        "dc": 0.268942266702652,
        "bgb": 0.4307560920715332,
        "lgb": 0.1845577359199524
      },
      "margin": {
        "mb": 0.00042235851287841797,
        "db": 0.00014203786849975586,
        "ml": 0.0004533529281616211,
        "dl": 0.0005940049886703491,
        "bg": 7.641315460205078e-05,
        "m": 0.0003788471221923828,
        "mr": 0.0013941526412963867,
        "dr": 0.0014039278030395508,
        "mc": 0.0003807246685028076,
        "dc": 3.141164779663086e-05,
        "bgb": 5.415081977844238e-05,
        "lgb": 0.0018319189548492432
      },
      "meta": {
        "case_id": "076",
        "arch": "U",
        "fdi": 27,
        "tooth_id": 14,
        "sigma_mm": 5.0,
        "unit": "mm"
      }
    }
  },
  "meta": {
    "root": "C:\\MISC\\Deepcare\\Orthodontics\\datasets\\landmarks_dataset\\cooked\\p0\\samples"
  }
}