{
  "predictions": {
    "t27": {
      "landmarks_local": {
        "mb": [
          1.5170745849609375,
          -3.768369674682617,
          6.430842399597168
        ],
        "db": [
          3.2211761474609375,
          -3.8532581329345703,
          -1.401280403137207
        ],
        "ml": [
          -1.5673713684082031,
          -5.744399070739746,
          0.23427057266235352
        ],
        "dl": [
          -1.4202079772949219,
          -5.8346662521362305,
          -0.26999425888061523
        ],
        "bg": [
          1.4439239501953125,
          3.145235538482666,
          5.2277727127075195
        ],
        "m": [
          -7.516901016235352,
          2.1537556648254395,
          1.2146720886230469
        ],
        "mr": [
          -6.782440185546875,
          3.3375139236450195,
          1.0108566284179688
        ],
        "dr": [
          -4.6097259521484375,
          -2.104093551635742,
          -2.6177291870117188
        ],
        "mc": [
          -7.516901016235352,
          2.1537556648254395,
          1.2146720886230469
        ],
        "dc": [
          -3.596179962158203,
          -2.531062126159668,
          -2.8251514434814453
        ],
        "bgb": [
          1.9262580871582031,
          3.8641133308410645,
          4.020384788513184
        ],
        "lgb": [
          -4.6097259521484375,
          -2.104093551635742,
          -2.6177291870117188
        ]
      },
      "landmarks_global": {
        "mb": [
          1.5170745849609375,
          -3.768369674682617,
          6.430842399597168
        ],
        "db": [
          3.2211761474609375,
          -3.8532581329345703,
          -1.401280403137207
        ],
        "ml": [
          -1.5673713684082031,
          -5.744399070739746,
          0.23427057266235352
        ],
        "dl": [
          -1.4202079772949219,
          -5.8346662521362305,
          -0.26999425888061523
        ],
        "bg": [
          1.4439239501953125,
          3.145235538482666,
          5.2277727127075195
        ],
        "m": [
          -7.516901016235352,
          2.1537556648254395,
          1.2146720886230469
        ],
        "mr": [
          -6.782440185546875,
          3.3375139236450195,
          1.0108566284179688
        ],
        "dr": [
          -4.6097259521484375,
          -2.104093551635742,
          -2.6177291870117188
        ],
        "mc": [
          -7.516901016235352,
          2.1537556648254395,
          1.2146720886230469
        ],
        "dc": [
          -3.596179962158203,
          -2.531062126159668,
          -2.8251514434814453
        ],
        "bgb": [
          1.9262580871582031,
          3.8641133308410645,
          4.020384788513184
        ],
        "lgb": [
          -4.6097259521484375,
          -2.104093551635742,
          -2.6177291870117188
        ]
      },
      "indices": {
        "mb": 1836,
        "db": 204,
        "ml": 48,
        "dl": 1115,
        "bg": 12,
        "m": 269,
        "mr": 316,
        "dr": 2653,
        "mc": 269,
        "dc": 1986,
        "bgb": 2321,
        "lgb": 2653
      },
      "scores": {
        "mb": 0.783945620059967,
        "db": 0.8477157950401306,
        "ml": 0.35859280824661255,
        "dl": 0.3960215151309967,
        "bg": 0.5598266124725342,
        "m": 0.4868907630443573,
        "mr": 0.34752365946769714,
        "dr": 0.29814112186431885,
        "mc": 0.33953046798706055,
        "dc": 0.510164737701416,
        "bgb": 0.6528780460357666,
        "lgb": 0.1799810528755188
      },
      "top1": {
        "mb": 0.783945620059967,
        "db": 0.8477157950401306,
        "ml": 0.35859280824661255,
        "dl": 0.3960215151309967,
        "bg": 0.5598266124725342,
        "m": 0.4868907630443573,
        "mr": 0.34752365946769714,
        "dr": 0.29814112186431885,
        "mc": 0.33953046798706055,
        "dc": 0.510164737701416,
        "bgb": 0.6528780460357666,
        "lgb": 0.1799810528755188
      },
      "peak_scores": {
        "mb": 0.783945620059967,
        "db": 0.8477157950401306,
        "ml": 0.35859280824661255,
        "dl": 0.3960215151309967,
        "bg": 0.5598266124725342,
        "m": 0.4868907630443573,
        "mr": 0.34752365946769714,
        "dr": 0.29814112186431885,
        "mc": 0.33953046798706055,
        "dc": 0.510164737701416,
        "bgb": 0.6528780460357666,
        "lgb": 0.1799810528755188
      },
      "top2": {
        "mb": 0.7834331393241882,
        "db": 0.8476743102073669,
        "ml": 0.35851699113845825,
        "dl": 0.3957003355026245,
        "bg": 0.5593410134315491,
        "m": 0.4842943549156189,
        "mr": 0.3471543490886688,
        "dr": 0.2977272570133209,
        "mc": 0.3383810818195343,
        "dc": 0.5099353790283203,
        "bgb": 0.6528751254081726,
        "lgb": 0.17965155839920044
      },
      "second_scores": {
        "mb": 0.7834331393241882,
        "db": 0.8476743102073669,
        "ml": 0.35851699113845825,
        "dl": 0.3957003355026245,
        "bg": 0.5593410134315491,
        "m": 0.4842943549156189,
        "mr": 0.3471543490886688,
        "dr": 0.2977272570133209,
        "mc": 0.3383810818195343,
        "dc": 0.5099353790283203,
        "bgb": 0.6528751254081726,
        "lgb": 0.17965155839920044
      },
      "margin": {
        "mb": 0.0005124807357788086,
        "db": 4.1484832763671875e-05,
        "ml": 7.581710815429688e-05,
        "dl": 0.0003211796283721924,
        "bg": 0.0004855990409851074,
        "m": 0.0025964081287384033,
        "mr": 0.0003693103790283203,
        "dr": 0.0004138648509979248,
        "mc": 0.0011493861675262451,
        "dc": 0.00022935867309570312,
        "bgb": 2.9206275939941406e-06,
        "lgb": 0.0003294944763183594
      },
      "meta": {
        "case_id": "077",
        "arch": "U",
        "fdi": 27,
        "tooth_id": 14,
        "sigma_mm": 5.0,
        "unit": "mm"
      }
    }
  },
  "meta": {
    "root": "C:\\MISC\\Deepcare\\Orthodontics\\datasets\\landmarks_dataset\\cooked\\p0\\samples"
  }
}