{
  "predictions": {
    "t27": {
      "landmarks_local": {
        "mb": [
          1.7982177734375,
          -6.087432861328125,
          1.3557853698730469
        ],
        "db": [
          1.7581787109375,
          -6.0482177734375,
          0.9454803466796875
        ],
        "ml": [
          1.7982177734375,
          -6.087432861328125,
          1.3557853698730469
        ],
        "dl": [
          1.419830322265625,
          -5.724822998046875,
          -0.2059345245361328
        ],
        "bg": [
          2.418243408203125,
          -5.66766357421875,
          2.0172576904296875
        ],
        "m": [
          -6.567352294921875,
          -0.131805419921875,
          1.1020278930664062
        ],
        "mr": [
          -4.63031005859375,
          -3.5025634765625,
          -0.1286144256591797
        ],
        "dr": [
          1.7982177734375,
          -6.087432861328125,
          1.3557853698730469
        ],
        "mc": [
          -6.27227783203125,
          -1.73187255859375,
          0.7854270935058594
        ],
        "dc": [
          -4.696624755859375,
          -2.02105712890625,
          -1.8062267303466797
        ],
        "bgb": [
          3.64373779296875,
          -4.687103271484375,
          -0.6789226531982422
        ],
        "lgb": [
          -6.08575439453125,
          -1.702728271484375,
          0.390380859375
        ]
      },
      "landmarks_global": {
        "mb": [
          1.7982177734375,
          -6.087432861328125,
          1.3557853698730469
        ],
        "db": [
          1.7581787109375,
          -6.0482177734375,
          0.9454803466796875
        ],
        "ml": [
          1.7982177734375,
          -6.087432861328125,
          1.3557853698730469
        ],
        "dl": [
          1.419830322265625,
          -5.724822998046875,
          -0.2059345245361328
        ],
        "bg": [
          2.418243408203125,
          -5.66766357421875,
          2.0172576904296875
        ],
        "m": [
          -6.567352294921875,
          -0.131805419921875,
          1.1020278930664062
        ],
        "mr": [
          -4.63031005859375,
          -3.5025634765625,
          -0.1286144256591797
        ],
        "dr": [
          1.7982177734375,
          -6.087432861328125,
          1.3557853698730469
        ],
        "mc": [
          -6.27227783203125,
          -1.73187255859375,
          0.7854270935058594
        ],
        "dc": [
          -4.696624755859375,
          -2.02105712890625,
          -1.8062267303466797
        ],
        "bgb": [
          3.64373779296875,
          -4.687103271484375,
          -0.6789226531982422
        ],
        "lgb": [
          -6.08575439453125,
          -1.702728271484375,
          0.390380859375
        ]
      },
      "indices": {
        "mb": 635,
        "db": 167,
        "ml": 635,
        "dl": 2237,
        "bg": 624,
        "m": 673,
        "mr": 2235,
        "dr": 635,
        "mc": 32,
        "dc": 604,
        "bgb": 264,
        "lgb": 1357
      },
      "scores": {
        "mb": 0.4895399212837219,
        "db": 0.3133772611618042,
        "ml": 0.17861860990524292,
        "dl": 0.0717119500041008,
        "bg": 0.45214226841926575,
        "m": 0.4447002112865448,
        "mr": 0.17801381647586823,
        "dr": 0.1346985399723053,
        "mc": 0.35941481590270996,
        "dc": 0.3438957929611206,
        "bgb": 0.5623421669006348,
        "lgb": 0.09876095503568649
      },
      "top1": {
        "mb": 0.4895399212837219,
        "db": 0.3133772611618042,
        "ml": 0.17861860990524292,
        "dl": 0.0717119500041008,
        "bg": 0.45214226841926575,
        "m": 0.4447002112865448,
        "mr": 0.17801381647586823,
        "dr": 0.1346985399723053,
        "mc": 0.35941481590270996,
        "dc": 0.3438957929611206,
        "bgb": 0.5623421669006348,
        "lgb": 0.09876095503568649
      },
      "peak_scores": {
        "mb": 0.4895399212837219,
        "db": 0.3133772611618042,
        "ml": 0.17861860990524292,
        "dl": 0.0717119500041008,
        "bg": 0.45214226841926575,
        "m": 0.4447002112865448,
        "mr": 0.17801381647586823,
        "dr": 0.1346985399723053,
        "mc": 0.35941481590270996,
        "dc": 0.3438957929611206,
        "bgb": 0.5623421669006348,
        "lgb": 0.09876095503568649
      },
      "top2": {
        "mb": 0.4893032908439636,
        "db": 0.3133719861507416,
        "ml": 0.1785825937986374,
        "dl": 0.07169223576784134,
        "bg": 0.4521369934082031,
        "m": 0.44466590881347656,
        "mr": 0.17799676954746246,
        "dr": 0.13469304144382477,
        "mc": 0.3593292534351349,
        "dc": 0.34389469027519226,
        "bgb": 0.562337338924408,
        "lgb": 0.0987604483962059
      },
      "second_scores": {
        "mb": 0.4893032908439636,
        "db": 0.3133719861507416,
        "ml": 0.1785825937986374,
        "dl": 0.07169223576784134,
        "bg": 0.4521369934082031,
        "m": 0.44466590881347656,
        "mr": 0.17799676954746246,
        "dr": 0.13469304144382477,
        "mc": 0.3593292534351349,
        "dc": 0.34389469027519226,
        "bgb": 0.562337338924408,
        "lgb": 0.0987604483962059
      },
      "margin": {
        "mb": 0.00023663043975830078,
        "db": 5.27501106262207e-06,
        "ml": 3.6016106605529785e-05,
        "dl": 1.971423625946045e-05,
        "bg": 5.27501106262207e-06,
        "m": 3.4302473068237305e-05,
        "mr": 1.704692840576172e-05,
        "dr": 5.498528480529785e-06,
        "mc": 8.556246757507324e-05,
        "dc": 1.1026859283447266e-06,
        "bgb": 4.827976226806641e-06,
        "lgb": 5.066394805908203e-07
      },
      "meta": {
        "case_id": "078",
        "arch": "U",
        "fdi": 27,
        "tooth_id": 14,
        "sigma_mm": 5.0,
        "unit": "mm"
      }
    }
  },
  "meta": {
    "root": "C:\\MISC\\Deepcare\\Orthodontics\\datasets\\landmarks_dataset\\cooked\\p0\\samples"
  }
}