{
  "predictions": {
    "t27": {
      "landmarks_local": {
        "mb": [
          4.2659149169921875,
          -2.8905725479125977,
          3.7210559844970703
        ],
        "db": [
          3.990570068359375,
          -3.2655630111694336,
          -0.1931304931640625
        ],
        "ml": [
          -6.305530548095703,
          -1.7883491516113281,
          2.1773681640625
        ],
        "dl": [
          -4.164966583251953,
          -1.5127687454223633,
          -2.307680130004883
        ],
        "bg": [
          2.4165992736816406,
          2.5702638626098633,
          4.85167121887207
        ],
        "m": [
          -6.164455413818359,
          1.006596565246582,
          2.7174243927001953
        ],
        "mr": [
          -5.179340362548828,
          2.5948963165283203,
          2.820281982421875
        ],
        "dr": [
          -4.526369094848633,
          -0.07993412017822266,
          -2.6893482208251953
        ],
        "mc": [
          -2.834108352661133,
          4.253550052642822,
          1.994272232055664
        ],
        "dc": [
          -4.404239654541016,
          0.056792259216308594,
          -2.7786865234375
        ],
        "bgb": [
          2.2921829223632812,
          3.6706161499023438,
          2.329862594604492
        ],
        "lgb": [
          -3.6319217681884766,
          -3.4787206649780273,
          -1.084890365600586
        ]
      },
      "landmarks_global": {
        "mb": [
          4.2659149169921875,
          -2.8905725479125977,
          3.7210559844970703
        ],
        "db": [
          3.990570068359375,
          -3.2655630111694336,
          -0.1931304931640625
        ],
        "ml": [
          -6.305530548095703,
          -1.7883491516113281,
          2.1773681640625
        ],
        "dl": [
          -4.164966583251953,
          -1.5127687454223633,
          -2.307680130004883
        ],
        "bg": [
          2.4165992736816406,
          2.5702638626098633,
          4.85167121887207
        ],
        "m": [
          -6.164455413818359,
          1.006596565246582,
          2.7174243927001953
        ],
        "mr": [
          -5.179340362548828,
          2.5948963165283203,
          2.820281982421875
        ],
        "dr": [
          -4.526369094848633,
          -0.07993412017822266,
          -2.6893482208251953
        ],
        "mc": [
          -2.834108352661133,
          4.253550052642822,
          1.994272232055664
        ],
        "dc": [
          -4.404239654541016,
          0.056792259216308594,
          -2.7786865234375
        ],
        "bgb": [
          2.2921829223632812,
          3.6706161499023438,
          2.329862594604492
        ],
        "lgb": [
          -3.6319217681884766,
          -3.4787206649780273,
          -1.084890365600586
        ]
      },
      "indices": {
        "mb": 928,
        "db": 1127,
        "ml": 2359,
        "dl": 507,
        "bg": 1428,
        "m": 1953,
        "mr": 1,
        "dr": 359,
        "mc": 2977,
        "dc": 2963,
        "bgb": 439,
        "lgb": 766
      },
      "scores": {
        "mb": 0.7072383761405945,
        "db": 0.8630404472351074,
        "ml": 0.28711867332458496,
        "dl": 0.5452885627746582,
        "bg": 0.4462246298789978,
        "m": 0.5177923440933228,
        "mr": 0.33581459522247314,
        "dr": 0.490774929523468,
        "mc": 0.3214741349220276,
        "dc": 0.731611967086792,
        "bgb": 0.6811707019805908,
        "lgb": 0.16414082050323486
      },
      "top1": {
        "mb": 0.7072383761405945,
        "db": 0.8630404472351074,
        "ml": 0.28711867332458496,
        "dl": 0.5452885627746582,
        "bg": 0.4462246298789978,
        "m": 0.5177923440933228,
        "mr": 0.33581459522247314,
        "dr": 0.490774929523468,
        "mc": 0.3214741349220276,
        "dc": 0.731611967086792,
        "bgb": 0.6811707019805908,
        "lgb": 0.16414082050323486
      },
      "peak_scores": {
        "mb": 0.7072383761405945,
        "db": 0.8630404472351074,
        "ml": 0.28711867332458496,
        "dl": 0.5452885627746582,
        "bg": 0.4462246298789978,
        "m": 0.5177923440933228,
        "mr": 0.33581459522247314,
        "dr": 0.490774929523468,
        "mc": 0.3214741349220276,
        "dc": 0.731611967086792,
        "bgb": 0.6811707019805908,
        "lgb": 0.16414082050323486
      },
      "top2": {
        "mb": 0.7071554064750671,
        "db": 0.8629603385925293,
        "ml": 0.28703275322914124,
        "dl": 0.5451568961143494,
        "bg": 0.44596078991889954,
        "m": 0.5177538394927979,
        "mr": 0.33563232421875,
        "dr": 0.49042701721191406,
        "mc": 0.32144156098365784,
        "dc": 0.7310354113578796,
        "bgb": 0.6809912323951721,
        "lgb": 0.16411659121513367
      },
      "second_scores": {
        "mb": 0.7071554064750671,
        "db": 0.8629603385925293,
        "ml": 0.28703275322914124,
        "dl": 0.5451568961143494,
        "bg": 0.44596078991889954,
        "m": 0.5177538394927979,
        "mr": 0.33563232421875,
        "dr": 0.49042701721191406,
        "mc": 0.32144156098365784,
        "dc": 0.7310354113578796,
        "bgb": 0.6809912323951721,
        "lgb": 0.16411659121513367
      },
      "margin": {
        "mb": 8.296966552734375e-05,
        "db": 8.0108642578125e-05,
        "ml": 8.592009544372559e-05,
        "dl": 0.0001316666603088379,
        "bg": 0.0002638399600982666,
        "m": 3.8504600524902344e-05,
        "mr": 0.00018227100372314453,
        "dr": 0.0003479123115539551,
        "mc": 3.2573938369750977e-05,
        "dc": 0.0005765557289123535,
        "bgb": 0.00017946958541870117,
        "lgb": 2.422928810119629e-05
      },
      "meta": {
        "case_id": "079",
        "arch": "U",
        "fdi": 27,
        "tooth_id": 14,
        "sigma_mm": 5.0,
        "unit": "mm"
      }
    }
  },
  "meta": {
    "root": "C:\\MISC\\Deepcare\\Orthodontics\\datasets\\landmarks_dataset\\cooked\\p0\\samples"
  }
}