{
  "predictions": {
    "t27": {
      "landmarks_local": {
        "mb": [
          -2.1962051391601562,
          -0.19498395919799805,
          -0.8414192199707031
        ],
        "db": [
          2.837848663330078,
          -3.3354334831237793,
          -1.8659000396728516
        ],
        "ml": [
          -5.512779235839844,
          -3.1556074619293213,
          -0.027605056762695312
        ],
        "dl": [
          -4.186262130737305,
          -3.5282981395721436,
          -1.0660839080810547
        ],
        "bg": [
          3.522319793701172,
          -1.6495122909545898,
          -1.9762897491455078
        ],
        "m": [
          -6.685678482055664,
          -0.6375460624694824,
          0.3412437438964844
        ],
        "mr": [
          -6.295644760131836,
          -1.7904300689697266,
          0.09026718139648438
        ],
        "dr": [
          -4.088266372680664,
          -2.5139687061309814,
          -1.6184616088867188
        ],
        "mc": [
          -6.38386344909668,
          -1.4885444641113281,
          0.12561416625976562
        ],
        "dc": [
          -0.6561965942382812,
          -4.963073253631592,
          -1.3992023468017578
        ],
        "bgb": [
          3.227550506591797,
          3.0019774436950684,
          0.8914070129394531
        ],
        "lgb": [
          -1.8191604614257812,
          -4.585516452789307,
          -1.2801189422607422
        ]
      },
      "landmarks_global": {
        "mb": [
          -2.1962051391601562,
          -0.19498395919799805,
          -0.8414192199707031
        ],
        "db": [
          2.837848663330078,
          -3.3354334831237793,
          -1.8659000396728516
        ],
        "ml": [
          -5.512779235839844,
          -3.1556074619293213,
          -0.027605056762695312
        ],
        "dl": [
          -4.186262130737305,
          -3.5282981395721436,
          -1.0660839080810547
        ],
        "bg": [
          3.522319793701172,
          -1.6495122909545898,
          -1.9762897491455078
        ],
        "m": [
          -6.685678482055664,
          -0.6375460624694824,
          0.3412437438964844
        ],
        "mr": [
          -6.295644760131836,
          -1.7904300689697266,
          0.09026718139648438
        ],
        "dr": [
          -4.088266372680664,
          -2.5139687061309814,
          -1.6184616088867188
        ],
        "mc": [
          -6.38386344909668,
          -1.4885444641113281,
          0.12561416625976562
        ],
        "dc": [
          -0.6561965942382812,
          -4.963073253631592,
          -1.3992023468017578
        ],
        "bgb": [
          3.227550506591797,
          3.0019774436950684,
          0.8914070129394531
        ],
        "lgb": [
          -1.8191604614257812,
          -4.585516452789307,
          -1.2801189422607422
        ]
      },
      "indices": {
        "mb": 1505,
        "db": 1620,
        "ml": 76,
        "dl": 526,
        "bg": 1773,
        "m": 2067,
        "mr": 738,
        "dr": 1020,
        "mc": 951,
        "dc": 297,
        "bgb": 488,
        "lgb": 213
      },
      "scores": {
        "mb": 0.8222804069519043,
        "db": 0.48837339878082275,
        "ml": 0.5171193480491638,
        "dl": 0.1729375720024109,
        "bg": 0.6431594491004944,
        "m": 0.4942965507507324,
        "mr": 0.38809844851493835,
        "dr": 0.24505087733268738,
        "mc": 0.3050290644168854,
        "dc": 0.2753976583480835,
        "bgb": 0.3653615713119507,
        "lgb": 0.11767113953828812
      },
      "top1": {
        "mb": 0.8222804069519043,
        "db": 0.48837339878082275,
        "ml": 0.5171193480491638,
        "dl": 0.1729375720024109,
        "bg": 0.6431594491004944,
        "m": 0.4942965507507324,
        "mr": 0.38809844851493835,
        "dr": 0.24505087733268738,
        "mc": 0.3050290644168854,
        "dc": 0.2753976583480835,
        "bgb": 0.3653615713119507,
        "lgb": 0.11767113953828812
      },
      "peak_scores": {
        "mb": 0.8222804069519043,
        "db": 0.48837339878082275,
        "ml": 0.5171193480491638,
        "dl": 0.1729375720024109,
        "bg": 0.6431594491004944,
        "m": 0.4942965507507324,
        "mr": 0.38809844851493835,
        "dr": 0.24505087733268738,
        "mc": 0.3050290644168854,
        "dc": 0.2753976583480835,
        "bgb": 0.3653615713119507,
        "lgb": 0.11767113953828812
      },
      "top2": {
        "mb": 0.8221709728240967,
        "db": 0.48755693435668945,
        "ml": 0.5150697231292725,
        "dl": 0.17283010482788086,
        "bg": 0.6407848596572876,
        "m": 0.4941681921482086,
        "mr": 0.38754570484161377,
        "dr": 0.2450137436389923,
        "mc": 0.30476775765419006,
        "dc": 0.2735135853290558,
        "bgb": 0.36534953117370605,
        "lgb": 0.11707688868045807
      },
      "second_scores": {
        "mb": 0.8221709728240967,
        "db": 0.48755693435668945,
        "ml": 0.5150697231292725,
        "dl": 0.17283010482788086,
        "bg": 0.6407848596572876,
        "m": 0.4941681921482086,
        "mr": 0.38754570484161377,
        "dr": 0.2450137436389923,
        "mc": 0.30476775765419006,
        "dc": 0.2735135853290558,
        "bgb": 0.36534953117370605,
        "lgb": 0.11707688868045807
      },
      "margin": {
        "mb": 0.00010943412780761719,
        "db": 0.0008164644241333008,
        "ml": 0.0020496249198913574,
        "dl": 0.0001074671745300293,
        "bg": 0.002374589443206787,
        "m": 0.0001283586025238037,
        "mr": 0.000552743673324585,
        "dr": 3.713369369506836e-05,
        "mc": 0.0002613067626953125,
        "dc": 0.00188407301902771,
        "bgb": 1.2040138244628906e-05,
        "lgb": 0.0005942508578300476
      },
      "meta": {
        "case_id": "080",
        "arch": "U",
        "fdi": 27,
        "tooth_id": 14,
        "sigma_mm": 5.0,
        "unit": "mm"
      }
    }
  },
  "meta": {
    "root": "C:\\MISC\\Deepcare\\Orthodontics\\datasets\\landmarks_dataset\\cooked\\p0\\samples"
  }
}