{
  "predictions": {
    "t27": {
      "landmarks_local": {
        "mb": [
          2.94921875,
          3.0882577896118164,
          3.380293846130371
        ],
        "db": [
          1.0042457580566406,
          -4.113516807556152,
          -1.0830373764038086
        ],
        "ml": [
          -5.633628845214844,
          -1.1628904342651367,
          0.053592681884765625
        ],
        "dl": [
          -4.032646179199219,
          -2.3822827339172363,
          -0.49296092987060547
        ],
        "bg": [
          -4.545989990234375,
          -0.041906118392944336,
          -1.2074308395385742
        ],
        "m": [
          -5.3375396728515625,
          0.7882766723632812,
          -0.5784025192260742
        ],
        "mr": [
          -5.126441955566406,
          2.1678953170776367,
          0.05408287048339844
        ],
        "dr": [
          -2.8944168090820312,
          -3.2686288356781006,
          -1.103590965270996
        ],
        "mc": [
          -5.633628845214844,
          -1.1628904342651367,
          0.053592681884765625
        ],
        "dc": [
          -0.40131378173828125,
          -3.6582374572753906,
          -1.5048704147338867
        ],
        "bgb": [
          1.4775543212890625,
          4.1582512855529785,
          1.5211544036865234
        ],
        "lgb": [
          -5.298530578613281,
          -1.7998347282409668,
          0.28400421142578125
        ]
      },
      "landmarks_global": {
        "mb": [
          2.94921875,
          3.0882577896118164,
          3.380293846130371
        ],
        "db": [
          1.0042457580566406,
          -4.113516807556152,
          -1.0830373764038086
        ],
        "ml": [
          -5.633628845214844,
          -1.1628904342651367,
          0.053592681884765625
        ],
        "dl": [
          -4.032646179199219,
          -2.3822827339172363,
          -0.49296092987060547
        ],
        "bg": [
          -4.545989990234375,
          -0.041906118392944336,
          -1.2074308395385742
        ],
        "m": [
          -5.3375396728515625,
          0.7882766723632812,
          -0.5784025192260742
        ],
        "mr": [
          -5.126441955566406,
          2.1678953170776367,
          0.05408287048339844
        ],
        "dr": [
          -2.8944168090820312,
          -3.2686288356781006,
          -1.103590965270996
        ],
        "mc": [
          -5.633628845214844,
          -1.1628904342651367,
          0.053592681884765625
        ],
        "dc": [
          -0.40131378173828125,
          -3.6582374572753906,
          -1.5048704147338867
        ],
        "bgb": [
          1.4775543212890625,
          4.1582512855529785,
          1.5211544036865234
        ],
        "lgb": [
          -5.298530578613281,
          -1.7998347282409668,
          0.28400421142578125
        ]
      },
      "indices": {
        "mb": 550,
        "db": 269,
        "ml": 1907,
        "dl": 2374,
        "bg": 2883,
        "m": 999,
        "mr": 243,
        "dr": 3,
        "mc": 1907,
        "dc": 1484,
        "bgb": 1102,
        "lgb": 101
      },
      "scores": {
        "mb": 0.7956069707870483,
        "db": 0.682482898235321,
        "ml": 0.38479459285736084,
        "dl": 0.1882776916027069,
        "bg": 0.6343612670898438,
        "m": 0.5661377906799316,
        "mr": 0.38462403416633606,
        "dr": 0.23681925237178802,
        "mc": 0.1678430736064911,
        "dc": 0.22789865732192993,
        "bgb": 0.38370248675346375,
        "lgb": 0.15733076632022858
      },
      "top1": {
        "mb": 0.7956069707870483,
        "db": 0.682482898235321,
        "ml": 0.38479459285736084,
        "dl": 0.1882776916027069,
        "bg": 0.6343612670898438,
        "m": 0.5661377906799316,
        "mr": 0.38462403416633606,
        "dr": 0.23681925237178802,
        "mc": 0.1678430736064911,
        "dc": 0.22789865732192993,
        "bgb": 0.38370248675346375,
        "lgb": 0.15733076632022858
      },
      "peak_scores": {
        "mb": 0.7956069707870483,
        "db": 0.682482898235321,
        "ml": 0.38479459285736084,
        "dl": 0.1882776916027069,
        "bg": 0.6343612670898438,
        "m": 0.5661377906799316,
        "mr": 0.38462403416633606,
        "dr": 0.23681925237178802,
        "mc": 0.1678430736064911,
        "dc": 0.22789865732192993,
        "bgb": 0.38370248675346375,
        "lgb": 0.15733076632022858
      },
      "top2": {
        "mb": 0.795569121837616,
        "db": 0.6823634505271912,
        "ml": 0.3846922516822815,
        "dl": 0.1882430762052536,
        "bg": 0.6341373324394226,
        "m": 0.5653868913650513,
        "mr": 0.38401201367378235,
        "dr": 0.23666641116142273,
        "mc": 0.16716645658016205,
        "dc": 0.22786833345890045,
        "bgb": 0.3834473192691803,
        "lgb": 0.15725798904895782
      },
      "second_scores": {
        "mb": 0.795569121837616,
        "db": 0.6823634505271912,
        "ml": 0.3846922516822815,
        "dl": 0.1882430762052536,
        "bg": 0.6341373324394226,
        "m": 0.5653868913650513,
        "mr": 0.38401201367378235,
        "dr": 0.23666641116142273,
        "mc": 0.16716645658016205,
        "dc": 0.22786833345890045,
        "bgb": 0.3834473192691803,
        "lgb": 0.15725798904895782
      },
      "margin": {
        "mb": 3.784894943237305e-05,
        "db": 0.00011944770812988281,
        "ml": 0.0001023411750793457,
        "dl": 3.4615397453308105e-05,
        "bg": 0.00022393465042114258,
        "m": 0.0007508993148803711,
        "mr": 0.0006120204925537109,
        "dr": 0.0001528412103652954,
        "mc": 0.0006766170263290405,
        "dc": 3.032386302947998e-05,
        "bgb": 0.00025516748428344727,
        "lgb": 7.277727127075195e-05
      },
      "meta": {
        "case_id": "081",
        "arch": "U",
        "fdi": 27,
        "tooth_id": 14,
        "sigma_mm": 5.0,
        "unit": "mm"
      }
    }
  },
  "meta": {
    "root": "C:\\MISC\\Deepcare\\Orthodontics\\datasets\\landmarks_dataset\\cooked\\p0\\samples"
  }
}