{
  "predictions": {
    "t27": {
      "landmarks_local": {
        "mb": [
          4.396598815917969,
          -5.0102739334106445,
          4.541406631469727
        ],
        "db": [
          1.202239990234375,
          -5.247854232788086,
          -3.17403507232666
        ],
        "ml": [
          -0.6802482604980469,
          -7.267662048339844,
          -0.3892707824707031
        ],
        "dl": [
          -1.2845001220703125,
          -5.852784156799316,
          -2.8963327407836914
        ],
        "bg": [
          3.775592803955078,
          2.112027645111084,
          4.106563568115234
        ],
        "m": [
          -5.7415924072265625,
          4.201371192932129,
          1.0685062408447266
        ],
        "mr": [
          -7.158538818359375,
          2.2918615341186523,
          0.7926158905029297
        ],
        "dr": [
          -6.458667755126953,
          -0.7833714485168457,
          -2.238729476928711
        ],
        "mc": [
          -6.393882751464844,
          -2.4309539794921875,
          -1.7578973770141602
        ],
        "dc": [
          -4.133003234863281,
          -3.2663402557373047,
          -3.5534753799438477
        ],
        "bgb": [
          4.647663116455078,
          -0.1706399917602539,
          0.8494606018066406
        ],
        "lgb": [
          -7.561195373535156,
          -0.6992964744567871,
          -0.41829681396484375
        ]
      },
      "landmarks_global": {
        "mb": [
          4.396598815917969,
          -5.0102739334106445,
          4.541406631469727
        ],
        "db": [
          1.202239990234375,
          -5.247854232788086,
          -3.17403507232666
        ],
        "ml": [
          -0.6802482604980469,
          -7.267662048339844,
          -0.3892707824707031
        ],
        "dl": [
          -1.2845001220703125,
          -5.852784156799316,
          -2.8963327407836914
        ],
        "bg": [
          3.775592803955078,
          2.112027645111084,
          4.106563568115234
        ],
        "m": [
          -5.7415924072265625,
          4.201371192932129,
          1.0685062408447266
        ],
        "mr": [
          -7.158538818359375,
          2.2918615341186523,
          0.7926158905029297
        ],
        "dr": [
          -6.458667755126953,
          -0.7833714485168457,
          -2.238729476928711
        ],
        "mc": [
          -6.393882751464844,
          -2.4309539794921875,
          -1.7578973770141602
        ],
        "dc": [
          -4.133003234863281,
          -3.2663402557373047,
          -3.5534753799438477
        ],
        "bgb": [
          4.647663116455078,
          -0.1706399917602539,
          0.8494606018066406
        ],
        "lgb": [
          -7.561195373535156,
          -0.6992964744567871,
          -0.41829681396484375
        ]
      },
      "indices": {
        "mb": 1727,
        "db": 2856,
        "ml": 21,
        "dl": 1701,
        "bg": 942,
        "m": 1258,
        "mr": 845,
        "dr": 2258,
        "mc": 1943,
        "dc": 695,
        "bgb": 1942,
        "lgb": 74
      },
      "scores": {
        "mb": 0.8398533463478088,
        "db": 0.7298482060432434,
        "ml": 0.3537440001964569,
        "dl": 0.2581460475921631,
        "bg": 0.6786563396453857,
        "m": 0.5131376385688782,
        "mr": 0.37540850043296814,
        "dr": 0.24312137067317963,
        "mc": 0.21315403282642365,
        "dc": 0.28503793478012085,
        "bgb": 0.44750288128852844,
        "lgb": 0.1708684116601944
      },
      "top1": {
        "mb": 0.8398533463478088,
        "db": 0.7298482060432434,
        "ml": 0.3537440001964569,
        "dl": 0.2581460475921631,
        "bg": 0.6786563396453857,
        "m": 0.5131376385688782,
        "mr": 0.37540850043296814,
        "dr": 0.24312137067317963,
        "mc": 0.21315403282642365,
        "dc": 0.28503793478012085,
        "bgb": 0.44750288128852844,
        "lgb": 0.1708684116601944
      },
      "peak_scores": {
        "mb": 0.8398533463478088,
        "db": 0.7298482060432434,
        "ml": 0.3537440001964569,
        "dl": 0.2581460475921631,
        "bg": 0.6786563396453857,
        "m": 0.5131376385688782,
        "mr": 0.37540850043296814,
        "dr": 0.24312137067317963,
        "mc": 0.21315403282642365,
        "dc": 0.28503793478012085,
        "bgb": 0.44750288128852844,
        "lgb": 0.1708684116601944
      },
      "top2": {
        "mb": 0.8398105502128601,
        "db": 0.7296356558799744,
        "ml": 0.3526267409324646,
        "dl": 0.25775882601737976,
        "bg": 0.6782804727554321,
        "m": 0.512950599193573,
        "mr": 0.375282883644104,
        "dr": 0.24308763444423676,
        "mc": 0.2129403054714203,
        "dc": 0.2845543920993805,
        "bgb": 0.4472886025905609,
        "lgb": 0.17065678536891937
      },
      "second_scores": {
        "mb": 0.8398105502128601,
        "db": 0.7296356558799744,
        "ml": 0.3526267409324646,
        "dl": 0.25775882601737976,
        "bg": 0.6782804727554321,
        "m": 0.512950599193573,
        "mr": 0.375282883644104,
        "dr": 0.24308763444423676,
        "mc": 0.2129403054714203,
        "dc": 0.2845543920993805,
        "bgb": 0.4472886025905609,
        "lgb": 0.17065678536891937
      },
      "margin": {
        "mb": 4.279613494873047e-05,
        "db": 0.00021255016326904297,
        "ml": 0.0011172592639923096,
        "dl": 0.0003872215747833252,
        "bg": 0.0003758668899536133,
        "m": 0.00018703937530517578,
        "mr": 0.00012561678886413574,
        "dr": 3.3736228942871094e-05,
        "mc": 0.00021372735500335693,
        "dc": 0.00048354268074035645,
        "bgb": 0.0002142786979675293,
        "lgb": 0.00021162629127502441
      },
      "meta": {
        "case_id": "082",
        "arch": "U",
        "fdi": 27,
        "tooth_id": 14,
        "sigma_mm": 5.0,
        "unit": "mm"
      }
    }
  },
  "meta": {
    "root": "C:\\MISC\\Deepcare\\Orthodontics\\datasets\\landmarks_dataset\\cooked\\p0\\samples"
  }
}