{
  "predictions": {
    "t27": {
      "landmarks_local": {
        "mb": [
          4.862819671630859,
          -0.42394351959228516,
          4.606166839599609
        ],
        "db": [
          2.9843521118164062,
          -2.515409469604492,
          -2.2477407455444336
        ],
        "ml": [
          -0.5201435089111328,
          -5.786165237426758,
          -0.52001953125
        ],
        "dl": [
          -0.5201435089111328,
          -5.786165237426758,
          -0.52001953125
        ],
        "bg": [
          2.1163330078125,
          4.064886093139648,
          3.7098331451416016
        ],
        "m": [
          -3.9868221282958984,
          5.192956924438477,
          1.8746623992919922
        ],
        "mr": [
          -5.71826171875,
          1.6653499603271484,
          1.094182014465332
        ],
        "dr": [
          -3.7552051544189453,
          -1.459092140197754,
          -2.347884178161621
        ],
        "mc": [
          -5.667289733886719,
          -2.329400062561035,
          0.34661865234375
        ],
        "dc": [
          -3.028512954711914,
          -4.445827484130859,
          -0.9062318801879883
        ],
        "bgb": [
          2.9819984436035156,
          3.6318235397338867,
          2.0595321655273438
        ],
        "lgb": [
          -5.392913818359375,
          -3.0054454803466797,
          0.3485593795776367
        ]
      },
      "landmarks_global": {
        "mb": [
          4.862819671630859,
          -0.42394351959228516,
          4.606166839599609
        ],
        "db": [
          2.9843521118164062,
          -2.515409469604492,
          -2.2477407455444336
        ],
        "ml": [
          -0.5201435089111328,
          -5.786165237426758,
          -0.52001953125
        ],
        "dl": [
          -0.5201435089111328,
          -5.786165237426758,
          -0.52001953125
        ],
        "bg": [
          2.1163330078125,
          4.064886093139648,
          3.7098331451416016
        ],
        "m": [
          -3.9868221282958984,
          5.192956924438477,
          1.8746623992919922
        ],
        "mr": [
          -5.71826171875,
          1.6653499603271484,
          1.094182014465332
        ],
        "dr": [
          -3.7552051544189453,
          -1.459092140197754,
          -2.347884178161621
        ],
        "mc": [
          -5.667289733886719,
          -2.329400062561035,
          0.34661865234375
        ],
        "dc": [
          -3.028512954711914,
          -4.445827484130859,
          -0.9062318801879883
        ],
        "bgb": [
          2.9819984436035156,
          3.6318235397338867,
          2.0595321655273438
        ],
        "lgb": [
          -5.392913818359375,
          -3.0054454803466797,
          0.3485593795776367
        ]
      },
      "indices": {
        "mb": 36,
        "db": 963,
        "ml": 83,
        "dl": 83,
        "bg": 2899,
        "m": 1331,
        "mr": 1679,
        "dr": 1471,
        "mc": 1828,
        "dc": 1180,
        "bgb": 1551,
        "lgb": 2
      },
      "scores": {
        "mb": 0.8504768013954163,
        "db": 0.7186375856399536,
        "ml": 0.3642500936985016,
        "dl": 0.3997286558151245,
        "bg": 0.6136534214019775,
        "m": 0.39560386538505554,
        "mr": 0.4017874002456665,
        "dr": 0.22142724692821503,
        "mc": 0.3153788447380066,
        "dc": 0.31885573267936707,
        "bgb": 0.4766956567764282,
        "lgb": 0.20881471037864685
      },
      "top1": {
        "mb": 0.8504768013954163,
        "db": 0.7186375856399536,
        "ml": 0.3642500936985016,
        "dl": 0.3997286558151245,
        "bg": 0.6136534214019775,
        "m": 0.39560386538505554,
        "mr": 0.4017874002456665,
        "dr": 0.22142724692821503,
        "mc": 0.3153788447380066,
        "dc": 0.31885573267936707,
        "bgb": 0.4766956567764282,
        "lgb": 0.20881471037864685
      },
      "peak_scores": {
        "mb": 0.8504768013954163,
        "db": 0.7186375856399536,
        "ml": 0.3642500936985016,
        "dl": 0.3997286558151245,
        "bg": 0.6136534214019775,
        "m": 0.39560386538505554,
        "mr": 0.4017874002456665,
        "dr": 0.22142724692821503,
        "mc": 0.3153788447380066,
        "dc": 0.31885573267936707,
        "bgb": 0.4766956567764282,
        "lgb": 0.20881471037864685
      },
      "top2": {
        "mb": 0.8500767946243286,
        "db": 0.7185497283935547,
        "ml": 0.36308908462524414,
        "dl": 0.39965948462486267,
        "bg": 0.6133866906166077,
        "m": 0.39520055055618286,
        "mr": 0.40173470973968506,
        "dr": 0.2209266573190689,
        "mc": 0.3150058686733246,
        "dc": 0.3176538944244385,
        "bgb": 0.4763605296611786,
        "lgb": 0.20837382972240448
      },
      "second_scores": {
        "mb": 0.8500767946243286,
        "db": 0.7185497283935547,
        "ml": 0.36308908462524414,
        "dl": 0.39965948462486267,
        "bg": 0.6133866906166077,
        "m": 0.39520055055618286,
        "mr": 0.40173470973968506,
        "dr": 0.2209266573190689,
        "mc": 0.3150058686733246,
        "dc": 0.3176538944244385,
        "bgb": 0.4763605296611786,
        "lgb": 0.20837382972240448
      },
      "margin": {
        "mb": 0.0004000067710876465,
        "db": 8.785724639892578e-05,
        "ml": 0.0011610090732574463,
        "dl": 6.917119026184082e-05,
        "bg": 0.00026673078536987305,
        "m": 0.00040331482887268066,
        "mr": 5.269050598144531e-05,
        "dr": 0.0005005896091461182,
        "mc": 0.00037297606468200684,
        "dc": 0.0012018382549285889,
        "bgb": 0.0003351271152496338,
        "lgb": 0.0004408806562423706
      },
      "meta": {
        "case_id": "083",
        "arch": "U",
        "fdi": 27,
        "tooth_id": 14,
        "sigma_mm": 5.0,
        "unit": "mm"
      }
    }
  },
  "meta": {
    "root": "C:\\MISC\\Deepcare\\Orthodontics\\datasets\\landmarks_dataset\\cooked\\p0\\samples"
  }
}