{
  "predictions": {
    "t27": {
      "landmarks_local": {
        "mb": [
          2.9613113403320312,
          -4.6073174476623535,
          3.6696739196777344
        ],
        "db": [
          -0.9006118774414062,
          -5.201187610626221,
          -2.13596248626709
        ],
        "ml": [
          -5.831119537353516,
          -2.090770721435547,
          -1.0808486938476562
        ],
        "dl": [
          -5.435009002685547,
          -2.5295495986938477,
          -1.6099615097045898
        ],
        "bg": [
          3.3575820922851562,
          1.3968780040740967,
          3.3052005767822266
        ],
        "m": [
          -5.345218658447266,
          3.5374960899353027,
          -0.6142892837524414
        ],
        "mr": [
          -6.449928283691406,
          1.938662052154541,
          -0.7345113754272461
        ],
        "dr": [
          -5.010791778564453,
          -0.8510684967041016,
          -2.4528284072875977
        ],
        "mc": [
          -5.435009002685547,
          -2.5295495986938477,
          -1.6099615097045898
        ],
        "dc": [
          -3.7016258239746094,
          -2.0846548080444336,
          -2.7157249450683594
        ],
        "bgb": [
          3.895771026611328,
          -1.3247909545898438,
          0.5722312927246094
        ],
        "lgb": [
          -6.82014274597168,
          -0.9508509635925293,
          -0.8101425170898438
        ]
      },
      "landmarks_global": {
        "mb": [
          2.9613113403320312,
          -4.6073174476623535,
          3.6696739196777344
        ],
        "db": [
          -0.9006118774414062,
          -5.201187610626221,
          -2.13596248626709
        ],
        "ml": [
          -5.831119537353516,
          -2.090770721435547,
          -1.0808486938476562
        ],
        "dl": [
          -5.435009002685547,
          -2.5295495986938477,
          -1.6099615097045898
        ],
        "bg": [
          3.3575820922851562,
          1.3968780040740967,
          3.3052005767822266
        ],
        "m": [
          -5.345218658447266,
          3.5374960899353027,
          -0.6142892837524414
        ],
        "mr": [
          -6.449928283691406,
          1.938662052154541,
          -0.7345113754272461
        ],
        "dr": [
          -5.010791778564453,
          -0.8510684967041016,
          -2.4528284072875977
        ],
        "mc": [
          -5.435009002685547,
          -2.5295495986938477,
          -1.6099615097045898
        ],
        "dc": [
          -3.7016258239746094,
          -2.0846548080444336,
          -2.7157249450683594
        ],
        "bgb": [
          3.895771026611328,
          -1.3247909545898438,
          0.5722312927246094
        ],
        "lgb": [
          -6.82014274597168,
          -0.9508509635925293,
          -0.8101425170898438
        ]
      },
      "indices": {
        "mb": 1119,
        "db": 356,
        "ml": 1853,
        "dl": 361,
        "bg": 768,
        "m": 56,
        "mr": 1655,
        "dr": 1801,
        "mc": 361,
        "dc": 2527,
        "bgb": 1130,
        "lgb": 2865
      },
      "scores": {
        "mb": 0.8326715230941772,
        "db": 0.7156592011451721,
        "ml": 0.35041308403015137,
        "dl": 0.23664192855358124,
        "bg": 0.663953423500061,
        "m": 0.5216729640960693,
        "mr": 0.36242595314979553,
        "dr": 0.2328847199678421,
        "mc": 0.20114825665950775,
        "dc": 0.26768234372138977,
        "bgb": 0.42593225836753845,
        "lgb": 0.17614272236824036
      },
      "top1": {
        "mb": 0.8326715230941772,
        "db": 0.7156592011451721,
        "ml": 0.35041308403015137,
        "dl": 0.23664192855358124,
        "bg": 0.663953423500061,
        "m": 0.5216729640960693,
        "mr": 0.36242595314979553,
        "dr": 0.2328847199678421,
        "mc": 0.20114825665950775,
        "dc": 0.26768234372138977,
        "bgb": 0.42593225836753845,
        "lgb": 0.17614272236824036
      },
      "peak_scores": {
        "mb": 0.8326715230941772,
        "db": 0.7156592011451721,
        "ml": 0.35041308403015137,
        "dl": 0.23664192855358124,
        "bg": 0.663953423500061,
        "m": 0.5216729640960693,
        "mr": 0.36242595314979553,
        "dr": 0.2328847199678421,
        "mc": 0.20114825665950775,
        "dc": 0.26768234372138977,
        "bgb": 0.42593225836753845,
        "lgb": 0.17614272236824036
      },
      "top2": {
        "mb": 0.8320596814155579,
        "db": 0.7154793739318848,
        "ml": 0.3503984212875366,
        "dl": 0.2358863204717636,
        "bg": 0.6639106273651123,
        "m": 0.5200332999229431,
        "mr": 0.3623484969139099,
        "dr": 0.23232142627239227,
        "mc": 0.20051585137844086,
        "dc": 0.2675149440765381,
        "bgb": 0.4255645275115967,
        "lgb": 0.17563246190547943
      },
      "second_scores": {
        "mb": 0.8320596814155579,
        "db": 0.7154793739318848,
        "ml": 0.3503984212875366,
        "dl": 0.2358863204717636,
        "bg": 0.6639106273651123,
        "m": 0.5200332999229431,
        "mr": 0.3623484969139099,
        "dr": 0.23232142627239227,
        "mc": 0.20051585137844086,
        "dc": 0.2675149440765381,
        "bgb": 0.4255645275115967,
        "lgb": 0.17563246190547943
      },
      "margin": {
        "mb": 0.0006118416786193848,
        "db": 0.00017982721328735352,
        "ml": 1.4662742614746094e-05,
        "dl": 0.000755608081817627,
        "bg": 4.279613494873047e-05,
        "m": 0.0016396641731262207,
        "mr": 7.745623588562012e-05,
        "dr": 0.0005632936954498291,
        "mc": 0.0006324052810668945,
        "dc": 0.00016739964485168457,
        "bgb": 0.00036773085594177246,
        "lgb": 0.0005102604627609253
      },
      "meta": {
        "case_id": "084",
        "arch": "U",
        "fdi": 27,
        "tooth_id": 14,
        "sigma_mm": 5.0,
        "unit": "mm"
      }
    }
  },
  "meta": {
    "root": "C:\\MISC\\Deepcare\\Orthodontics\\datasets\\landmarks_dataset\\cooked\\p0\\samples"
  }
}