{
  "predictions": {
    "t27": {
      "landmarks_local": {
        "mb": [
          2.299896240234375,
          -5.14630126953125,
          0.053955078125
        ],
        "db": [
          1.248046875,
          -5.43878173828125,
          -0.5236282348632812
        ],
        "ml": [
          -4.5423583984375,
          -3.08123779296875,
          -0.15313339233398438
        ],
        "dl": [
          -0.067047119140625,
          -5.319671630859375,
          -0.7987480163574219
        ],
        "bg": [
          2.8233642578125,
          -4.978240966796875,
          0.40325927734375
        ],
        "m": [
          -6.268096923828125,
          -0.20428466796875,
          0.7590141296386719
        ],
        "mr": [
          -1.5699462890625,
          -4.340240478515625,
          -1.1096954345703125
        ],
        "dr": [
          0.341064453125,
          -5.38177490234375,
          -0.7854080200195312
        ],
        "mc": [
          -5.955596923828125,
          -1.269378662109375,
          0.3014183044433594
        ],
        "dc": [
          -5.3267822265625,
          -1.392852783203125,
          -0.4719200134277344
        ],
        "bgb": [
          2.194091796875,
          -3.60333251953125,
          -1.9135818481445312
        ],
        "lgb": [
          -6.268096923828125,
          -0.20428466796875,
          0.7590141296386719
        ]
      },
      "landmarks_global": {
        "mb": [
          2.299896240234375,
          -5.14630126953125,
          0.053955078125
        ],
        "db": [
          1.248046875,
          -5.43878173828125,
          -0.5236282348632812
        ],
        "ml": [
          -4.5423583984375,
          -3.08123779296875,
          -0.15313339233398438
        ],
        "dl": [
          -0.067047119140625,
          -5.319671630859375,
          -0.7987480163574219
        ],
        "bg": [
          2.8233642578125,
          -4.978240966796875,
          0.40325927734375
        ],
        "m": [
          -6.268096923828125,
          -0.20428466796875,
          0.7590141296386719
        ],
        "mr": [
          -1.5699462890625,
          -4.340240478515625,
          -1.1096954345703125
        ],
        "dr": [
          0.341064453125,
          -5.38177490234375,
          -0.7854080200195312
        ],
        "mc": [
          -5.955596923828125,
          -1.269378662109375,
          0.3014183044433594
        ],
        "dc": [
          -5.3267822265625,
          -1.392852783203125,
          -0.4719200134277344
        ],
        "bgb": [
          2.194091796875,
          -3.60333251953125,
          -1.9135818481445312
        ],
        "lgb": [
          -6.268096923828125,
          -0.20428466796875,
          0.7590141296386719
        ]
      },
      "indices": {
        "mb": 794,
        "db": 210,
        "ml": 28,
        "dl": 1718,
        "bg": 2921,
        "m": 415,
        "mr": 2420,
        "dr": 1811,
        "mc": 2876,
        "dc": 200,
        "bgb": 1134,
        "lgb": 415
      },
      "scores": {
        "mb": 0.4838376045227051,
        "db": 0.30851292610168457,
        "ml": 0.17782007157802582,
        "dl": 0.07125717401504517,
        "bg": 0.44841688871383667,
        "m": 0.44203174114227295,
        "mr": 0.17502306401729584,
        "dr": 0.13526134192943573,
        "mc": 0.3625309467315674,
        "dc": 0.34649232029914856,
        "bgb": 0.5604825615882874,
        "lgb": 0.09999410063028336
      },
      "top1": {
        "mb": 0.4838376045227051,
        "db": 0.30851292610168457,
        "ml": 0.17782007157802582,
        "dl": 0.07125717401504517,
        "bg": 0.44841688871383667,
        "m": 0.44203174114227295,
        "mr": 0.17502306401729584,
        "dr": 0.13526134192943573,
        "mc": 0.3625309467315674,
        "dc": 0.34649232029914856,
        "bgb": 0.5604825615882874,
        "lgb": 0.09999410063028336
      },
      "peak_scores": {
        "mb": 0.4838376045227051,
        "db": 0.30851292610168457,
        "ml": 0.17782007157802582,
        "dl": 0.07125717401504517,
        "bg": 0.44841688871383667,
        "m": 0.44203174114227295,
        "mr": 0.17502306401729584,
        "dr": 0.13526134192943573,
        "mc": 0.3625309467315674,
        "dc": 0.34649232029914856,
        "bgb": 0.5604825615882874,
        "lgb": 0.09999410063028336
      },
      "top2": {
        "mb": 0.48383548855781555,
        "db": 0.3084694743156433,
        "ml": 0.17776885628700256,
        "dl": 0.07124864310026169,
        "bg": 0.4483826458454132,
        "m": 0.441901296377182,
        "mr": 0.17500817775726318,
        "dr": 0.13524813950061798,
        "mc": 0.3625016212463379,
        "dc": 0.34647127985954285,
        "bgb": 0.5604791641235352,
        "lgb": 0.09998145699501038
      },
      "second_scores": {
        "mb": 0.48383548855781555,
        "db": 0.3084694743156433,
        "ml": 0.17776885628700256,
        "dl": 0.07124864310026169,
        "bg": 0.4483826458454132,
        "m": 0.441901296377182,
        "mr": 0.17500817775726318,
        "dr": 0.13524813950061798,
        "mc": 0.3625016212463379,
        "dc": 0.34647127985954285,
        "bgb": 0.5604791641235352,
        "lgb": 0.09998145699501038
      },
      "margin": {
        "mb": 2.115964889526367e-06,
        "db": 4.3451786041259766e-05,
        "ml": 5.1215291023254395e-05,
        "dl": 8.530914783477783e-06,
        "bg": 3.4242868423461914e-05,
        "m": 0.00013044476509094238,
        "mr": 1.4886260032653809e-05,
        "dr": 1.3202428817749023e-05,
        "mc": 2.9325485229492188e-05,
        "dc": 2.104043960571289e-05,
        "bgb": 3.3974647521972656e-06,
        "lgb": 1.2643635272979736e-05
      },
      "meta": {
        "case_id": "085",
        "arch": "U",
        "fdi": 27,
        "tooth_id": 14,
        "sigma_mm": 5.0,
        "unit": "mm"
      }
    }
  },
  "meta": {
    "root": "C:\\MISC\\Deepcare\\Orthodontics\\datasets\\landmarks_dataset\\cooked\\p0\\samples"
  }
}