{
  "predictions": {
    "t27": {
      "landmarks_local": {
        "mb": [
          4.659017562866211,
          -2.654613494873047,
          2.753355026245117
        ],
        "db": [
          3.112913131713867,
          -1.9799880981445312,
          -1.4011707305908203
        ],
        "ml": [
          -5.494943618774414,
          -2.2264881134033203,
          -1.43701171875
        ],
        "dl": [
          -2.766681671142578,
          -3.881840705871582,
          -1.812337875366211
        ],
        "bg": [
          3.159360885620117,
          2.334446907043457,
          1.383829116821289
        ],
        "m": [
          -4.6692352294921875,
          4.165998458862305,
          -0.2169017791748047
        ],
        "mr": [
          -4.974199295043945,
          -2.786266326904297,
          -1.4399776458740234
        ],
        "dr": [
          -4.328437805175781,
          -0.22751426696777344,
          -2.4851722717285156
        ],
        "mc": [
          -5.494943618774414,
          -2.2264881134033203,
          -1.43701171875
        ],
        "dc": [
          -3.906881332397461,
          -3.454530715942383,
          -1.7423362731933594
        ],
        "bgb": [
          3.056386947631836,
          2.8012027740478516,
          2.774751663208008
        ],
        "lgb": [
          -5.836832046508789,
          -0.3386268615722656,
          -1.4171123504638672
        ]
      },
      "landmarks_global": {
        "mb": [
          4.659017562866211,
          -2.654613494873047,
          2.753355026245117
        ],
        "db": [
          3.112913131713867,
          -1.9799880981445312,
          -1.4011707305908203
        ],
        "ml": [
          -5.494943618774414,
          -2.2264881134033203,
          -1.43701171875
        ],
        "dl": [
          -2.766681671142578,
          -3.881840705871582,
          -1.812337875366211
        ],
        "bg": [
          3.159360885620117,
          2.334446907043457,
          1.383829116821289
        ],
        "m": [
          -4.6692352294921875,
          4.165998458862305,
          -0.2169017791748047
        ],
        "mr": [
          -4.974199295043945,
          -2.786266326904297,
          -1.4399776458740234
        ],
        "dr": [
          -4.328437805175781,
          -0.22751426696777344,
          -2.4851722717285156
        ],
        "mc": [
          -5.494943618774414,
          -2.2264881134033203,
          -1.43701171875
        ],
        "dc": [
          -3.906881332397461,
          -3.454530715942383,
          -1.7423362731933594
        ],
        "bgb": [
          3.056386947631836,
          2.8012027740478516,
          2.774751663208008
        ],
        "lgb": [
          -5.836832046508789,
          -0.3386268615722656,
          -1.4171123504638672
        ]
      },
      "indices": {
        "mb": 5,
        "db": 918,
        "ml": 183,
        "dl": 234,
        "bg": 2014,
        "m": 1,
        "mr": 3,
        "dr": 2998,
        "mc": 183,
        "dc": 2318,
        "bgb": 1927,
        "lgb": 14
      },
      "scores": {
        "mb": 0.8314562439918518,
        "db": 0.4738446772098541,
        "ml": 0.4088955223560333,
        "dl": 0.33217787742614746,
        "bg": 0.5706785321235657,
        "m": 0.3964313268661499,
        "mr": 0.39427074790000916,
        "dr": 0.20949703454971313,
        "mc": 0.3620907962322235,
        "dc": 0.3261495530605316,
        "bgb": 0.4423993229866028,
        "lgb": 0.2778228521347046
      },
      "top1": {
        "mb": 0.8314562439918518,
        "db": 0.4738446772098541,
        "ml": 0.4088955223560333,
        "dl": 0.33217787742614746,
        "bg": 0.5706785321235657,
        "m": 0.3964313268661499,
        "mr": 0.39427074790000916,
        "dr": 0.20949703454971313,
        "mc": 0.3620907962322235,
        "dc": 0.3261495530605316,
        "bgb": 0.4423993229866028,
        "lgb": 0.2778228521347046
      },
      "peak_scores": {
        "mb": 0.8314562439918518,
        "db": 0.4738446772098541,
        "ml": 0.4088955223560333,
        "dl": 0.33217787742614746,
        "bg": 0.5706785321235657,
        "m": 0.3964313268661499,
        "mr": 0.39427074790000916,
        "dr": 0.20949703454971313,
        "mc": 0.3620907962322235,
        "dc": 0.3261495530605316,
        "bgb": 0.4423993229866028,
        "lgb": 0.2778228521347046
      },
      "top2": {
        "mb": 0.8309913277626038,
        "db": 0.4738142192363739,
        "ml": 0.4048137068748474,
        "dl": 0.33162689208984375,
        "bg": 0.5705812573432922,
        "m": 0.39237460494041443,
        "mr": 0.39407187700271606,
        "dr": 0.20930738747119904,
        "mc": 0.36084896326065063,
        "dc": 0.32465100288391113,
        "bgb": 0.44226592779159546,
        "lgb": 0.27676406502723694
      },
      "second_scores": {
        "mb": 0.8309913277626038,
        "db": 0.4738142192363739,
        "ml": 0.4048137068748474,
        "dl": 0.33162689208984375,
        "bg": 0.5705812573432922,
        "m": 0.39237460494041443,
        "mr": 0.39407187700271606,
        "dr": 0.20930738747119904,
        "mc": 0.36084896326065063,
        "dc": 0.32465100288391113,
        "bgb": 0.44226592779159546,
        "lgb": 0.27676406502723694
      },
      "margin": {
        "mb": 0.0004649162292480469,
        "db": 3.045797348022461e-05,
        "ml": 0.004081815481185913,
        "dl": 0.0005509853363037109,
        "bg": 9.72747802734375e-05,
        "m": 0.004056721925735474,
        "mr": 0.00019887089729309082,
        "dr": 0.00018964707851409912,
        "mc": 0.001241832971572876,
        "dc": 0.0014985501766204834,
        "bgb": 0.00013339519500732422,
        "lgb": 0.0010587871074676514
      },
      "meta": {
        "case_id": "087",
        "arch": "U",
        "fdi": 27,
        "tooth_id": 14,
        "sigma_mm": 5.0,
        "unit": "mm"
      }
    }
  },
  "meta": {
    "root": "C:\\MISC\\Deepcare\\Orthodontics\\datasets\\landmarks_dataset\\cooked\\p0\\samples"
  }
}