{
  "predictions": {
    "t27": {
      "landmarks_local": {
        "mb": [
          3.62982177734375,
          -5.115225315093994,
          2.5036888122558594
        ],
        "db": [
          2.254730224609375,
          -3.2192277908325195,
          -2.4945545196533203
        ],
        "ml": [
          -6.31385612487793,
          -1.9359526634216309,
          -0.14349746704101562
        ],
        "dl": [
          -1.4540882110595703,
          -4.567132472991943,
          -2.3054237365722656
        ],
        "bg": [
          4.481330871582031,
          -1.0379524230957031,
          1.86358642578125
        ],
        "m": [
          -6.490339279174805,
          1.4766767024993896,
          0.2956199645996094
        ],
        "mr": [
          -6.490339279174805,
          1.4766767024993896,
          0.2956199645996094
        ],
        "dr": [
          -3.607208251953125,
          -1.836897850036621,
          -2.1925506591796875
        ],
        "mc": [
          -6.593502044677734,
          -0.30898475646972656,
          0.0071773529052734375
        ],
        "dc": [
          -4.865556716918945,
          -2.8745150566101074,
          -1.1865692138671875
        ],
        "bgb": [
          4.405679702758789,
          -2.6233959197998047,
          3.2569942474365234
        ],
        "lgb": [
          -5.342092514038086,
          -0.5508341789245605,
          -1.2815780639648438
        ]
      },
      "landmarks_global": {
        "mb": [
          3.62982177734375,
          -5.115225315093994,
          2.5036888122558594
        ],
        "db": [
          2.254730224609375,
          -3.2192277908325195,
          -2.4945545196533203
        ],
        "ml": [
          -6.31385612487793,
          -1.9359526634216309,
          -0.14349746704101562
        ],
        "dl": [
          -1.4540882110595703,
          -4.567132472991943,
          -2.3054237365722656
        ],
        "bg": [
          4.481330871582031,
          -1.0379524230957031,
          1.86358642578125
        ],
        "m": [
          -6.490339279174805,
          1.4766767024993896,
          0.2956199645996094
        ],
        "mr": [
          -6.490339279174805,
          1.4766767024993896,
          0.2956199645996094
        ],
        "dr": [
          -3.607208251953125,
          -1.836897850036621,
          -2.1925506591796875
        ],
        "mc": [
          -6.593502044677734,
          -0.30898475646972656,
          0.0071773529052734375
        ],
        "dc": [
          -4.865556716918945,
          -2.8745150566101074,
          -1.1865692138671875
        ],
        "bgb": [
          4.405679702758789,
          -2.6233959197998047,
          3.2569942474365234
        ],
        "lgb": [
          -5.342092514038086,
          -0.5508341789245605,
          -1.2815780639648438
        ]
      },
      "indices": {
        "mb": 331,
        "db": 1216,
        "ml": 132,
        "dl": 6,
        "bg": 435,
        "m": 652,
        "mr": 652,
        "dr": 1612,
        "mc": 1554,
        "dc": 106,
        "bgb": 1768,
        "lgb": 871
      },
      "scores": {
        "mb": 0.8657944798469543,
        "db": 0.5003558993339539,
        "ml": 0.47085312008857727,
        "dl": 0.21627740561962128,
        "bg": 0.6844201683998108,
        "m": 0.4187195897102356,
        "mr": 0.41906028985977173,
        "dr": 0.22413022816181183,
        "mc": 0.32730188965797424,
        "dc": 0.27770712971687317,
        "bgb": 0.4129774570465088,
        "lgb": 0.21001708507537842
      },
      "top1": {
        "mb": 0.8657944798469543,
        "db": 0.5003558993339539,
        "ml": 0.47085312008857727,
        "dl": 0.21627740561962128,
        "bg": 0.6844201683998108,
        "m": 0.4187195897102356,
        "mr": 0.41906028985977173,
        "dr": 0.22413022816181183,
        "mc": 0.32730188965797424,
        "dc": 0.27770712971687317,
        "bgb": 0.4129774570465088,
        "lgb": 0.21001708507537842
      },
      "peak_scores": {
        "mb": 0.8657944798469543,
        "db": 0.5003558993339539,
        "ml": 0.47085312008857727,
        "dl": 0.21627740561962128,
        "bg": 0.6844201683998108,
        "m": 0.4187195897102356,
        "mr": 0.41906028985977173,
        "dr": 0.22413022816181183,
        "mc": 0.32730188965797424,
        "dc": 0.27770712971687317,
        "bgb": 0.4129774570465088,
        "lgb": 0.21001708507537842
      },
      "top2": {
        "mb": 0.8655622601509094,
        "db": 0.5000563859939575,
        "ml": 0.4696149528026581,
        "dl": 0.21596132218837738,
        "bg": 0.6842746734619141,
        "m": 0.4170818030834198,
        "mr": 0.4170086085796356,
        "dr": 0.22384428977966309,
        "mc": 0.32653599977493286,
        "dc": 0.2770688831806183,
        "bgb": 0.41283494234085083,
        "lgb": 0.2096395343542099
      },
      "second_scores": {
        "mb": 0.8655622601509094,
        "db": 0.5000563859939575,
        "ml": 0.4696149528026581,
        "dl": 0.21596132218837738,
        "bg": 0.6842746734619141,
        "m": 0.4170818030834198,
        "mr": 0.4170086085796356,
        "dr": 0.22384428977966309,
        "mc": 0.32653599977493286,
        "dc": 0.2770688831806183,
        "bgb": 0.41283494234085083,
        "lgb": 0.2096395343542099
      },
      "margin": {
        "mb": 0.00023221969604492188,
        "db": 0.0002995133399963379,
        "ml": 0.0012381672859191895,
        "dl": 0.0003160834312438965,
        "bg": 0.00014549493789672852,
        "m": 0.001637786626815796,
        "mr": 0.0020516812801361084,
        "dr": 0.0002859383821487427,
        "mc": 0.0007658898830413818,
        "dc": 0.0006382465362548828,
        "bgb": 0.00014251470565795898,
        "lgb": 0.00037755072116851807
      },
      "meta": {
        "case_id": "088",
        "arch": "U",
        "fdi": 27,
        "tooth_id": 14,
        "sigma_mm": 5.0,
        "unit": "mm"
      }
    }
  },
  "meta": {
    "root": "C:\\MISC\\Deepcare\\Orthodontics\\datasets\\landmarks_dataset\\cooked\\p0\\samples"
  }
}