{
  "predictions": {
    "t27": {
      "landmarks_local": {
        "mb": [
          2.24237060546875,
          -5.112548828125,
          2.5588645935058594
        ],
        "db": [
          1.99102783203125,
          -5.39276123046875,
          1.2872695922851562
        ],
        "ml": [
          -5.854461669921875,
          -2.16534423828125,
          1.5703544616699219
        ],
        "dl": [
          -5.3955078125,
          -2.54608154296875,
          1.2878646850585938
        ],
        "bg": [
          2.24237060546875,
          -5.112548828125,
          2.5588645935058594
        ],
        "m": [
          -6.427703857421875,
          -0.244873046875,
          1.9115142822265625
        ],
        "mr": [
          -3.8905029296875,
          -3.07708740234375,
          -0.3712959289550781
        ],
        "dr": [
          2.1273193359375,
          -5.18353271484375,
          2.25177001953125
        ],
        "mc": [
          -5.854461669921875,
          -2.16534423828125,
          1.5703544616699219
        ],
        "dc": [
          -4.648651123046875,
          -0.62823486328125,
          -1.6000747680664062
        ],
        "bgb": [
          2.90545654296875,
          -2.79962158203125,
          -1.9220314025878906
        ],
        "lgb": [
          -6.427703857421875,
          -0.244873046875,
          1.9115142822265625
        ]
      },
      "landmarks_global": {
        "mb": [
          2.24237060546875,
          -5.112548828125,
          2.5588645935058594
        ],
        "db": [
          1.99102783203125,
          -5.39276123046875,
          1.2872695922851562
        ],
        "ml": [
          -5.854461669921875,
          -2.16534423828125,
          1.5703544616699219
        ],
        "dl": [
          -5.3955078125,
          -2.54608154296875,
          1.2878646850585938
        ],
        "bg": [
          2.24237060546875,
          -5.112548828125,
          2.5588645935058594
        ],
        "m": [
          -6.427703857421875,
          -0.244873046875,
          1.9115142822265625
        ],
        "mr": [
          -3.8905029296875,
          -3.07708740234375,
          -0.3712959289550781
        ],
        "dr": [
          2.1273193359375,
          -5.18353271484375,
          2.25177001953125
        ],
        "mc": [
          -5.854461669921875,
          -2.16534423828125,
          1.5703544616699219
        ],
        "dc": [
          -4.648651123046875,
          -0.62823486328125,
          -1.6000747680664062
        ],
        "bgb": [
          2.90545654296875,
          -2.79962158203125,
          -1.9220314025878906
        ],
        "lgb": [
          -6.427703857421875,
          -0.244873046875,
          1.9115142822265625
        ]
      },
      "indices": {
        "mb": 2005,
        "db": 2406,
        "ml": 0,
        "dl": 2125,
        "bg": 2005,
        "m": 1546,
        "mr": 2297,
        "dr": 2434,
        "mc": 0,
        "dc": 2275,
        "bgb": 2180,
        "lgb": 1546
      },
      "scores": {
        "mb": 0.4785444140434265,
        "db": 0.30493417382240295,
        "ml": 0.17643584311008453,
        "dl": 0.07156359404325485,
        "bg": 0.4473431408405304,
        "m": 0.445760577917099,
        "mr": 0.17284247279167175,
        "dr": 0.13496491312980652,
        "mc": 0.36898350715637207,
        "dc": 0.3514542281627655,
        "bgb": 0.5610591769218445,
        "lgb": 0.10147688537836075
      },
      "top1": {
        "mb": 0.4785444140434265,
        "db": 0.30493417382240295,
        "ml": 0.17643584311008453,
        "dl": 0.07156359404325485,
        "bg": 0.4473431408405304,
        "m": 0.445760577917099,
        "mr": 0.17284247279167175,
        "dr": 0.13496491312980652,
        "mc": 0.36898350715637207,
        "dc": 0.3514542281627655,
        "bgb": 0.5610591769218445,
        "lgb": 0.10147688537836075
      },
      "peak_scores": {
        "mb": 0.4785444140434265,
        "db": 0.30493417382240295,
        "ml": 0.17643584311008453,
        "dl": 0.07156359404325485,
        "bg": 0.4473431408405304,
        "m": 0.445760577917099,
        "mr": 0.17284247279167175,
        "dr": 0.13496491312980652,
        "mc": 0.36898350715637207,
        "dc": 0.3514542281627655,
        "bgb": 0.5610591769218445,
        "lgb": 0.10147688537836075
      },
      "top2": {
        "mb": 0.47852885723114014,
        "db": 0.3049338757991791,
        "ml": 0.17643485963344574,
        "dl": 0.07156114280223846,
        "bg": 0.4472905993461609,
        "m": 0.44562238454818726,
        "mr": 0.17283035814762115,
        "dr": 0.13496330380439758,
        "mc": 0.36891546845436096,
        "dc": 0.3514517545700073,
        "bgb": 0.5610091090202332,
        "lgb": 0.10145352780818939
      },
      "second_scores": {
        "mb": 0.47852885723114014,
        "db": 0.3049338757991791,
        "ml": 0.17643485963344574,
        "dl": 0.07156114280223846,
        "bg": 0.4472905993461609,
        "m": 0.44562238454818726,
        "mr": 0.17283035814762115,
        "dr": 0.13496330380439758,
        "mc": 0.36891546845436096,
        "dc": 0.3514517545700073,
        "bgb": 0.5610091090202332,
        "lgb": 0.10145352780818939
      },
      "margin": {
        "mb": 1.5556812286376953e-05,
        "db": 2.980232238769531e-07,
        "ml": 9.834766387939453e-07,
        "dl": 2.4512410163879395e-06,
        "bg": 5.2541494369506836e-05,
        "m": 0.00013819336891174316,
        "mr": 1.2114644050598145e-05,
        "dr": 1.6093254089355469e-06,
        "mc": 6.80387020111084e-05,
        "dc": 2.473592758178711e-06,
        "bgb": 5.0067901611328125e-05,
        "lgb": 2.33575701713562e-05
      },
      "meta": {
        "case_id": "089",
        "arch": "U",
        "fdi": 27,
        "tooth_id": 14,
        "sigma_mm": 5.0,
        "unit": "mm"
      }
    }
  },
  "meta": {
    "root": "C:\\MISC\\Deepcare\\Orthodontics\\datasets\\landmarks_dataset\\cooked\\p0\\samples"
  }
}