{
  "predictions": {
    "t27": {
      "landmarks_local": {
        "mb": [
          1.2746219635009766,
          -6.091540336608887,
          1.1357979774475098
        ],
        "db": [
          1.8287220001220703,
          -5.570389747619629,
          -0.22189855575561523
        ],
        "ml": [
          -5.563871383666992,
          -3.467670440673828,
          0.0034279823303222656
        ],
        "dl": [
          -3.3563880920410156,
          -4.501786231994629,
          -0.8186488151550293
        ],
        "bg": [
          1.5428485870361328,
          -5.566500663757324,
          -0.38770580291748047
        ],
        "m": [
          -6.502948760986328,
          -1.8327903747558594,
          -0.25686216354370117
        ],
        "mr": [
          -5.563871383666992,
          -3.467670440673828,
          0.0034279823303222656
        ],
        "dr": [
          -4.507776260375977,
          -3.869900703430176,
          -0.7652053833007812
        ],
        "mc": [
          -6.226980209350586,
          -2.784749984741211,
          -0.21974849700927734
        ],
        "dc": [
          -3.7285194396972656,
          -0.15633201599121094,
          -2.8912484645843506
        ],
        "bgb": [
          4.0584259033203125,
          -4.388847351074219,
          0.7931413650512695
        ],
        "lgb": [
          -5.381153106689453,
          3.4566497802734375,
          -0.7294816970825195
        ]
      },
      "landmarks_global": {
        "mb": [
          1.2746219635009766,
          -6.091540336608887,
          1.1357979774475098
        ],
        "db": [
          1.8287220001220703,
          -5.570389747619629,
          -0.22189855575561523
        ],
        "ml": [
          -5.563871383666992,
          -3.467670440673828,
          0.0034279823303222656
        ],
        "dl": [
          -3.3563880920410156,
          -4.501786231994629,
          -0.8186488151550293
        ],
        "bg": [
          1.5428485870361328,
          -5.566500663757324,
          -0.38770580291748047
        ],
        "m": [
          -6.502948760986328,
          -1.8327903747558594,
          -0.25686216354370117
        ],
        "mr": [
          -5.563871383666992,
          -3.467670440673828,
          0.0034279823303222656
        ],
        "dr": [
          -4.507776260375977,
          -3.869900703430176,
          -0.7652053833007812
        ],
        "mc": [
          -6.226980209350586,
          -2.784749984741211,
          -0.21974849700927734
        ],
        "dc": [
          -3.7285194396972656,
          -0.15633201599121094,
          -2.8912484645843506
        ],
        "bgb": [
          4.0584259033203125,
          -4.388847351074219,
          0.7931413650512695
        ],
        "lgb": [
          -5.381153106689453,
          3.4566497802734375,
          -0.7294816970825195
        ]
      },
      "indices": {
        "mb": 53,
        "db": 1724,
        "ml": 1177,
        "dl": 423,
        "bg": 2472,
        "m": 379,
        "mr": 1177,
        "dr": 219,
        "mc": 404,
        "dc": 2127,
        "bgb": 2290,
        "lgb": 2525
      },
      "scores": {
        "mb": 0.7667423486709595,
        "db": 0.4384182095527649,
        "ml": 0.320350706577301,
        "dl": 0.1543402075767517,
        "bg": 0.6242355704307556,
        "m": 0.5754469037055969,
        "mr": 0.2753129005432129,
        "dr": 0.22497542202472687,
        "mc": 0.4444553852081299,
        "dc": 0.3749200403690338,
        "bgb": 0.6476296186447144,
        "lgb": 0.10852184891700745
      },
      "top1": {
        "mb": 0.7667423486709595,
        "db": 0.4384182095527649,
        "ml": 0.320350706577301,
        "dl": 0.1543402075767517,
        "bg": 0.6242355704307556,
        "m": 0.5754469037055969,
        "mr": 0.2753129005432129,
        "dr": 0.22497542202472687,
        "mc": 0.4444553852081299,
        "dc": 0.3749200403690338,
        "bgb": 0.6476296186447144,
        "lgb": 0.10852184891700745
      },
      "peak_scores": {
        "mb": 0.7667423486709595,
        "db": 0.4384182095527649,
        "ml": 0.320350706577301,
        "dl": 0.1543402075767517,
        "bg": 0.6242355704307556,
        "m": 0.5754469037055969,
        "mr": 0.2753129005432129,
        "dr": 0.22497542202472687,
        "mc": 0.4444553852081299,
        "dc": 0.3749200403690338,
        "bgb": 0.6476296186447144,
        "lgb": 0.10852184891700745
      },
      "top2": {
        "mb": 0.7664896249771118,
        "db": 0.43720340728759766,
        "ml": 0.3200153708457947,
        "dl": 0.1541805863380432,
        "bg": 0.6240050792694092,
        "m": 0.5746068358421326,
        "mr": 0.2751363217830658,
        "dr": 0.22496560215950012,
        "mc": 0.4433150589466095,
        "dc": 0.3749043047428131,
        "bgb": 0.6472382545471191,
        "lgb": 0.1079372763633728
      },
      "second_scores": {
        "mb": 0.7664896249771118,
        "db": 0.43720340728759766,
        "ml": 0.3200153708457947,
        "dl": 0.1541805863380432,
        "bg": 0.6240050792694092,
        "m": 0.5746068358421326,
        "mr": 0.2751363217830658,
        "dr": 0.22496560215950012,
        "mc": 0.4433150589466095,
        "dc": 0.3749043047428131,
        "bgb": 0.6472382545471191,
        "lgb": 0.1079372763633728
      },
      "margin": {
        "mb": 0.00025272369384765625,
        "db": 0.0012148022651672363,
        "ml": 0.00033533573150634766,
        "dl": 0.0001596212387084961,
        "bg": 0.00023049116134643555,
        "m": 0.0008400678634643555,
        "mr": 0.00017657876014709473,
        "dr": 9.819865226745605e-06,
        "mc": 0.0011403262615203857,
        "dc": 1.5735626220703125e-05,
        "bgb": 0.00039136409759521484,
        "lgb": 0.0005845725536346436
      },
      "meta": {
        "case_id": "090",
        "arch": "U",
        "fdi": 27,
        "tooth_id": 14,
        "sigma_mm": 5.0,
        "unit": "mm"
      }
    }
  },
  "meta": {
    "root": "C:\\MISC\\Deepcare\\Orthodontics\\datasets\\landmarks_dataset\\cooked\\p0\\samples"
  }
}