{
  "predictions": {
    "t27": {
      "landmarks_local": {
        "mb": [
          1.9438209533691406,
          -5.1588616371154785,
          2.6024084091186523
        ],
        "db": [
          0.9927501678466797,
          -5.021064758300781,
          0.9703922271728516
        ],
        "ml": [
          -5.497209548950195,
          -2.574774742126465,
          0.49884557723999023
        ],
        "dl": [
          -5.497209548950195,
          -2.574774742126465,
          0.49884557723999023
        ],
        "bg": [
          -0.5528793334960938,
          -4.546631813049316,
          0.10135221481323242
        ],
        "m": [
          -5.497209548950195,
          -2.574774742126465,
          0.49884557723999023
        ],
        "mr": [
          -0.010532379150390625,
          -5.427501678466797,
          1.8700389862060547
        ],
        "dr": [
          -5.497209548950195,
          -2.574774742126465,
          0.49884557723999023
        ],
        "mc": [
          -5.497209548950195,
          -2.574774742126465,
          0.49884557723999023
        ],
        "dc": [
          -4.193109512329102,
          0.5191316604614258,
          -2.520617723464966
        ],
        "bgb": [
          3.5667495727539062,
          -2.6391820907592773,
          0.5746517181396484
        ],
        "lgb": [
          -4.482126235961914,
          -0.0014886856079101562,
          -2.160247802734375
        ]
      },
      "landmarks_global": {
        "mb": [
          1.9438209533691406,
          -5.1588616371154785,
          2.6024084091186523
        ],
        "db": [
          0.9927501678466797,
          -5.021064758300781,
          0.9703922271728516
        ],
        "ml": [
          -5.497209548950195,
          -2.574774742126465,
          0.49884557723999023
        ],
        "dl": [
          -5.497209548950195,
          -2.574774742126465,
          0.49884557723999023
        ],
        "bg": [
          -0.5528793334960938,
          -4.546631813049316,
          0.10135221481323242
        ],
        "m": [
          -5.497209548950195,
          -2.574774742126465,
          0.49884557723999023
        ],
        "mr": [
          -0.010532379150390625,
          -5.427501678466797,
          1.8700389862060547
        ],
        "dr": [
          -5.497209548950195,
          -2.574774742126465,
          0.49884557723999023
        ],
        "mc": [
          -5.497209548950195,
          -2.574774742126465,
          0.49884557723999023
        ],
        "dc": [
          -4.193109512329102,
          0.5191316604614258,
          -2.520617723464966
        ],
        "bgb": [
          3.5667495727539062,
          -2.6391820907592773,
          0.5746517181396484
        ],
        "lgb": [
          -4.482126235961914,
          -0.0014886856079101562,
          -2.160247802734375
        ]
      },
      "indices": {
        "mb": 2783,
        "db": 2304,
        "ml": 299,
        "dl": 299,
        "bg": 745,
        "m": 299,
        "mr": 36,
        "dr": 299,
        "mc": 299,
        "dc": 2707,
        "bgb": 1235,
        "lgb": 2398
      },
      "scores": {
        "mb": 0.808691143989563,
        "db": 0.4849276840686798,
        "ml": 0.3556463122367859,
        "dl": 0.16786353290081024,
        "bg": 0.6543395519256592,
        "m": 0.6215162873268127,
        "mr": 0.37041953206062317,
        "dr": 0.2392197549343109,
        "mc": 0.43589848279953003,
        "dc": 0.33955925703048706,
        "bgb": 0.6233529448509216,
        "lgb": 0.09916974604129791
      },
      "top1": {
        "mb": 0.808691143989563,
        "db": 0.4849276840686798,
        "ml": 0.3556463122367859,
        "dl": 0.16786353290081024,
        "bg": 0.6543395519256592,
        "m": 0.6215162873268127,
        "mr": 0.37041953206062317,
        "dr": 0.2392197549343109,
        "mc": 0.43589848279953003,
        "dc": 0.33955925703048706,
        "bgb": 0.6233529448509216,
        "lgb": 0.09916974604129791
      },
      "peak_scores": {
        "mb": 0.808691143989563,
        "db": 0.4849276840686798,
        "ml": 0.3556463122367859,
        "dl": 0.16786353290081024,
        "bg": 0.6543395519256592,
        "m": 0.6215162873268127,
        "mr": 0.37041953206062317,
        "dr": 0.2392197549343109,
        "mc": 0.43589848279953003,
        "dc": 0.33955925703048706,
        "bgb": 0.6233529448509216,
        "lgb": 0.09916974604129791
      },
      "top2": {
        "mb": 0.8084458708763123,
        "db": 0.4836752414703369,
        "ml": 0.35239744186401367,
        "dl": 0.16710586845874786,
        "bg": 0.6539393663406372,
        "m": 0.6175448298454285,
        "mr": 0.3700011372566223,
        "dr": 0.23911768198013306,
        "mc": 0.43031972646713257,
        "dc": 0.339505136013031,
        "bgb": 0.6230961084365845,
        "lgb": 0.09912355989217758
      },
      "second_scores": {
        "mb": 0.8084458708763123,
        "db": 0.4836752414703369,
        "ml": 0.35239744186401367,
        "dl": 0.16710586845874786,
        "bg": 0.6539393663406372,
        "m": 0.6175448298454285,
        "mr": 0.3700011372566223,
        "dr": 0.23911768198013306,
        "mc": 0.43031972646713257,
        "dc": 0.339505136013031,
        "bgb": 0.6230961084365845,
        "lgb": 0.09912355989217758
      },
      "margin": {
        "mb": 0.0002452731132507324,
        "db": 0.0012524425983428955,
        "ml": 0.003248870372772217,
        "dl": 0.0007576644420623779,
        "bg": 0.00040018558502197266,
        "m": 0.003971457481384277,
        "mr": 0.0004183948040008545,
        "dr": 0.00010207295417785645,
        "mc": 0.005578756332397461,
        "dc": 5.412101745605469e-05,
        "bgb": 0.0002568364143371582,
        "lgb": 4.618614912033081e-05
      },
      "meta": {
        "case_id": "091",
        "arch": "U",
        "fdi": 27,
        "tooth_id": 14,
        "sigma_mm": 5.0,
        "unit": "mm"
      }
    }
  },
  "meta": {
    "root": "C:\\MISC\\Deepcare\\Orthodontics\\datasets\\landmarks_dataset\\cooked\\p0\\samples"
  }
}