{
  "predictions": {
    "t27": {
      "landmarks_local": {
        "mb": [
          4.277671813964844,
          -2.497439384460449,
          4.829456329345703
        ],
        "db": [
          1.1784324645996094,
          -5.270599842071533,
          -0.7502274513244629
        ],
        "ml": [
          0.5319786071777344,
          -6.301533222198486,
          1.9676060676574707
        ],
        "dl": [
          0.5319786071777344,
          -6.301533222198486,
          1.9676060676574707
        ],
        "bg": [
          -4.494335174560547,
          -3.1741600036621094,
          0.2636394500732422
        ],
        "m": [
          -4.766580581665039,
          -2.02475643157959,
          -0.9621171951293945
        ],
        "mr": [
          -5.129070281982422,
          -2.72011661529541,
          0.606196403503418
        ],
        "dr": [
          0.5382766723632812,
          -5.319533348083496,
          -0.7137870788574219
        ],
        "mc": [
          -6.812358856201172,
          -0.43840980529785156,
          1.0438590049743652
        ],
        "dc": [
          -5.170726776123047,
          0.4898805618286133,
          -1.8908970355987549
        ],
        "bgb": [
          2.3994293212890625,
          1.5044212341308594,
          -0.6446738243103027
        ],
        "lgb": [
          -5.818943023681641,
          1.5344772338867188,
          -0.8923037052154541
        ]
      },
      "landmarks_global": {
        "mb": [
          4.277671813964844,
          -2.497439384460449,
          4.829456329345703
        ],
        "db": [
          1.1784324645996094,
          -5.270599842071533,
          -0.7502274513244629
        ],
        "ml": [
          0.5319786071777344,
          -6.301533222198486,
          1.9676060676574707
        ],
        "dl": [
          0.5319786071777344,
          -6.301533222198486,
          1.9676060676574707
        ],
        "bg": [
          -4.494335174560547,
          -3.1741600036621094,
          0.2636394500732422
        ],
        "m": [
          -4.766580581665039,
          -2.02475643157959,
          -0.9621171951293945
        ],
        "mr": [
          -5.129070281982422,
          -2.72011661529541,
          0.606196403503418
        ],
        "dr": [
          0.5382766723632812,
          -5.319533348083496,
          -0.7137870788574219
        ],
        "mc": [
          -6.812358856201172,
          -0.43840980529785156,
          1.0438590049743652
        ],
        "dc": [
          -5.170726776123047,
          0.4898805618286133,
          -1.8908970355987549
        ],
        "bgb": [
          2.3994293212890625,
          1.5044212341308594,
          -0.6446738243103027
        ],
        "lgb": [
          -5.818943023681641,
          1.5344772338867188,
          -0.8923037052154541
        ]
      },
      "indices": {
        "mb": 1526,
        "db": 672,
        "ml": 18,
        "dl": 18,
        "bg": 631,
        "m": 2755,
        "mr": 985,
        "dr": 2180,
        "mc": 31,
        "dc": 1377,
        "bgb": 23,
        "lgb": 119
      },
      "scores": {
        "mb": 0.8175986409187317,
        "db": 0.6747316122055054,
        "ml": 0.43527114391326904,
        "dl": 0.21468590199947357,
        "bg": 0.6679702997207642,
        "m": 0.6572270393371582,
        "mr": 0.42699775099754333,
        "dr": 0.2743324935436249,
        "mc": 0.28742873668670654,
        "dc": 0.25755617022514343,
        "bgb": 0.5578978061676025,
        "lgb": 0.08783271908760071
      },
      "top1": {
        "mb": 0.8175986409187317,
        "db": 0.6747316122055054,
        "ml": 0.43527114391326904,
        "dl": 0.21468590199947357,
        "bg": 0.6679702997207642,
        "m": 0.6572270393371582,
        "mr": 0.42699775099754333,
        "dr": 0.2743324935436249,
        "mc": 0.28742873668670654,
        "dc": 0.25755617022514343,
        "bgb": 0.5578978061676025,
        "lgb": 0.08783271908760071
      },
      "peak_scores": {
        "mb": 0.8175986409187317,
        "db": 0.6747316122055054,
        "ml": 0.43527114391326904,
        "dl": 0.21468590199947357,
        "bg": 0.6679702997207642,
        "m": 0.6572270393371582,
        "mr": 0.42699775099754333,
        "dr": 0.2743324935436249,
        "mc": 0.28742873668670654,
        "dc": 0.25755617022514343,
        "bgb": 0.5578978061676025,
        "lgb": 0.08783271908760071
      },
      "top2": {
        "mb": 0.8163504004478455,
        "db": 0.6747129559516907,
        "ml": 0.4319690763950348,
        "dl": 0.21433164179325104,
        "bg": 0.6677803993225098,
        "m": 0.6565543413162231,
        "mr": 0.42533713579177856,
        "dr": 0.2741745114326477,
        "mc": 0.286956787109375,
        "dc": 0.257402628660202,
        "bgb": 0.5578879714012146,
        "lgb": 0.08760076761245728
      },
      "second_scores": {
        "mb": 0.8163504004478455,
        "db": 0.6747129559516907,
        "ml": 0.4319690763950348,
        "dl": 0.21433164179325104,
        "bg": 0.6677803993225098,
        "m": 0.6565543413162231,
        "mr": 0.42533713579177856,
        "dr": 0.2741745114326477,
        "mc": 0.286956787109375,
        "dc": 0.257402628660202,
        "bgb": 0.5578879714012146,
        "lgb": 0.08760076761245728
      },
      "margin": {
        "mb": 0.0012482404708862305,
        "db": 1.8656253814697266e-05,
        "ml": 0.003302067518234253,
        "dl": 0.0003542602062225342,
        "bg": 0.00018990039825439453,
        "m": 0.0006726980209350586,
        "mr": 0.0016606152057647705,
        "dr": 0.00015798211097717285,
        "mc": 0.00047194957733154297,
        "dc": 0.00015354156494140625,
        "bgb": 9.834766387939453e-06,
        "lgb": 0.00023195147514343262
      },
      "meta": {
        "case_id": "092",
        "arch": "U",
        "fdi": 27,
        "tooth_id": 14,
        "sigma_mm": 5.0,
        "unit": "mm"
      }
    }
  },
  "meta": {
    "root": "C:\\MISC\\Deepcare\\Orthodontics\\datasets\\landmarks_dataset\\cooked\\p0\\samples"
  }
}