{
  "predictions": {
    "t27": {
      "landmarks_local": {
        "mb": [
          1.6849403381347656,
          -5.679938316345215,
          1.892796516418457
        ],
        "db": [
          2.3686065673828125,
          -4.893838882446289,
          -0.5294866561889648
        ],
        "ml": [
          -4.542842864990234,
          -1.4064397811889648,
          -0.46246337890625
        ],
        "dl": [
          -3.3611011505126953,
          -2.7408695220947266,
          -0.6865067481994629
        ],
        "bg": [
          -1.4605274200439453,
          -4.893674850463867,
          0.23838281631469727
        ],
        "m": [
          -6.30735969543457,
          0.1463642120361328,
          2.6157970428466797
        ],
        "mr": [
          0.8212490081787109,
          -5.88984489440918,
          1.8316631317138672
        ],
        "dr": [
          0.3851890563964844,
          -5.783617973327637,
          0.9740734100341797
        ],
        "mc": [
          -5.733333587646484,
          -1.1254425048828125,
          1.9148430824279785
        ],
        "dc": [
          -4.088214874267578,
          0.013828277587890625,
          -1.8350367546081543
        ],
        "bgb": [
          3.556060791015625,
          -2.286208152770996,
          -0.7081537246704102
        ],
        "lgb": [
          -4.60426139831543,
          0.6810808181762695,
          -1.1318669319152832
        ]
      },
      "landmarks_global": {
        "mb": [
          1.6849403381347656,
          -5.679938316345215,
          1.892796516418457
        ],
        "db": [
          2.3686065673828125,
          -4.893838882446289,
          -0.5294866561889648
        ],
        "ml": [
          -4.542842864990234,
          -1.4064397811889648,
          -0.46246337890625
        ],
        "dl": [
          -3.3611011505126953,
          -2.7408695220947266,
          -0.6865067481994629
        ],
        "bg": [
          -1.4605274200439453,
          -4.893674850463867,
          0.23838281631469727
        ],
        "m": [
          -6.30735969543457,
          0.1463642120361328,
          2.6157970428466797
        ],
        "mr": [
          0.8212490081787109,
          -5.88984489440918,
          1.8316631317138672
        ],
        "dr": [
          0.3851890563964844,
          -5.783617973327637,
          0.9740734100341797
        ],
        "mc": [
          -5.733333587646484,
          -1.1254425048828125,
          1.9148430824279785
        ],
        "dc": [
          -4.088214874267578,
          0.013828277587890625,
          -1.8350367546081543
        ],
        "bgb": [
          3.556060791015625,
          -2.286208152770996,
          -0.7081537246704102
        ],
        "lgb": [
          -4.60426139831543,
          0.6810808181762695,
          -1.1318669319152832
        ]
      },
      "indices": {
        "mb": 291,
        "db": 922,
        "ml": 75,
        "dl": 1786,
        "bg": 2624,
        "m": 0,
        "mr": 38,
        "dr": 1627,
        "mc": 1220,
        "dc": 1612,
        "bgb": 1942,
        "lgb": 1651
      },
      "scores": {
        "mb": 0.7981030941009521,
        "db": 0.5527336597442627,
        "ml": 0.3135289251804352,
        "dl": 0.15332923829555511,
        "bg": 0.6402201652526855,
        "m": 0.6176562905311584,
        "mr": 0.37867647409439087,
        "dr": 0.21527135372161865,
        "mc": 0.3479044735431671,
        "dc": 0.2776878774166107,
        "bgb": 0.6395509243011475,
        "lgb": 0.0981176495552063
      },
      "top1": {
        "mb": 0.7981030941009521,
        "db": 0.5527336597442627,
        "ml": 0.3135289251804352,
        "dl": 0.15332923829555511,
        "bg": 0.6402201652526855,
        "m": 0.6176562905311584,
        "mr": 0.37867647409439087,
        "dr": 0.21527135372161865,
        "mc": 0.3479044735431671,
        "dc": 0.2776878774166107,
        "bgb": 0.6395509243011475,
        "lgb": 0.0981176495552063
      },
      "peak_scores": {
        "mb": 0.7981030941009521,
        "db": 0.5527336597442627,
        "ml": 0.3135289251804352,
        "dl": 0.15332923829555511,
        "bg": 0.6402201652526855,
        "m": 0.6176562905311584,
        "mr": 0.37867647409439087,
        "dr": 0.21527135372161865,
        "mc": 0.3479044735431671,
        "dc": 0.2776878774166107,
        "bgb": 0.6395509243011475,
        "lgb": 0.0981176495552063
      },
      "top2": {
        "mb": 0.7974037528038025,
        "db": 0.5522745251655579,
        "ml": 0.3103717267513275,
        "dl": 0.15326829254627228,
        "bg": 0.639545202255249,
        "m": 0.6172171235084534,
        "mr": 0.3770603835582733,
        "dr": 0.21467325091362,
        "mc": 0.3478902280330658,
        "dc": 0.2776128053665161,
        "bgb": 0.6390963792800903,
        "lgb": 0.0981176346540451
      },
      "second_scores": {
        "mb": 0.7974037528038025,
        "db": 0.5522745251655579,
        "ml": 0.3103717267513275,
        "dl": 0.15326829254627228,
        "bg": 0.639545202255249,
        "m": 0.6172171235084534,
        "mr": 0.3770603835582733,
        "dr": 0.21467325091362,
        "mc": 0.3478902280330658,
        "dc": 0.2776128053665161,
        "bgb": 0.6390963792800903,
        "lgb": 0.0981176346540451
      },
      "margin": {
        "mb": 0.0006993412971496582,
        "db": 0.000459134578704834,
        "ml": 0.003157198429107666,
        "dl": 6.0945749282836914e-05,
        "bg": 0.0006749629974365234,
        "m": 0.0004391670227050781,
        "mr": 0.0016160905361175537,
        "dr": 0.0005981028079986572,
        "mc": 1.424551010131836e-05,
        "dc": 7.507205009460449e-05,
        "bgb": 0.0004545450210571289,
        "lgb": 1.4901161193847656e-08
      },
      "meta": {
        "case_id": "093",
        "arch": "U",
        "fdi": 27,
        "tooth_id": 14,
        "sigma_mm": 5.0,
        "unit": "mm"
      }
    }
  },
  "meta": {
    "root": "C:\\MISC\\Deepcare\\Orthodontics\\datasets\\landmarks_dataset\\cooked\\p0\\samples"
  }
}