{
  "predictions": {
    "t27": {
      "landmarks_local": {
        "mb": [
          0.9933109283447266,
          -5.988619804382324,
          2.5424160957336426
        ],
        "db": [
          2.0750579833984375,
          -4.755521774291992,
          0.5875163078308105
        ],
        "ml": [
          -5.9663238525390625,
          -0.9774684906005859,
          -0.23013687133789062
        ],
        "dl": [
          -5.307222366333008,
          -1.027989387512207,
          -1.1371500492095947
        ],
        "bg": [
          1.6970024108886719,
          -4.355012893676758,
          0.12555646896362305
        ],
        "m": [
          -6.625875473022461,
          -0.8108406066894531,
          0.3259162902832031
        ],
        "mr": [
          0.9933109283447266,
          -5.988619804382324,
          2.5424160957336426
        ],
        "dr": [
          -5.4825286865234375,
          -1.179703712463379,
          -0.7520933151245117
        ],
        "mc": [
          -6.625875473022461,
          -0.8108406066894531,
          0.3259162902832031
        ],
        "dc": [
          -5.630475997924805,
          0.4164543151855469,
          -1.3583500385284424
        ],
        "bgb": [
          2.8128700256347656,
          -3.015043258666992,
          0.469179630279541
        ],
        "lgb": [
          -6.2597503662109375,
          1.9852838516235352,
          -0.5176901817321777
        ]
      },
      "landmarks_global": {
        "mb": [
          0.9933109283447266,
          -5.988619804382324,
          2.5424160957336426
        ],
        "db": [
          2.0750579833984375,
          -4.755521774291992,
          0.5875163078308105
        ],
        "ml": [
          -5.9663238525390625,
          -0.9774684906005859,
          -0.23013687133789062
        ],
        "dl": [
          -5.307222366333008,
          -1.027989387512207,
          -1.1371500492095947
        ],
        "bg": [
          1.6970024108886719,
          -4.355012893676758,
          0.12555646896362305
        ],
        "m": [
          -6.625875473022461,
          -0.8108406066894531,
          0.3259162902832031
        ],
        "mr": [
          0.9933109283447266,
          -5.988619804382324,
          2.5424160957336426
        ],
        "dr": [
          -5.4825286865234375,
          -1.179703712463379,
          -0.7520933151245117
        ],
        "mc": [
          -6.625875473022461,
          -0.8108406066894531,
          0.3259162902832031
        ],
        "dc": [
          -5.630475997924805,
          0.4164543151855469,
          -1.3583500385284424
        ],
        "bgb": [
          2.8128700256347656,
          -3.015043258666992,
          0.469179630279541
        ],
        "lgb": [
          -6.2597503662109375,
          1.9852838516235352,
          -0.5176901817321777
        ]
      },
      "indices": {
        "mb": 2073,
        "db": 407,
        "ml": 2513,
        "dl": 1693,
        "bg": 2004,
        "m": 0,
        "mr": 2073,
        "dr": 2113,
        "mc": 0,
        "dc": 116,
        "bgb": 2654,
        "lgb": 748
      },
      "scores": {
        "mb": 0.8084498047828674,
        "db": 0.5195329785346985,
        "ml": 0.3112463057041168,
        "dl": 0.15269185602664948,
        "bg": 0.6300910115242004,
        "m": 0.6534775495529175,
        "mr": 0.3825918138027191,
        "dr": 0.227229505777359,
        "mc": 0.3733119070529938,
        "dc": 0.282296359539032,
        "bgb": 0.6429684162139893,
        "lgb": 0.10551413148641586
      },
      "top1": {
        "mb": 0.8084498047828674,
        "db": 0.5195329785346985,
        "ml": 0.3112463057041168,
        "dl": 0.15269185602664948,
        "bg": 0.6300910115242004,
        "m": 0.6534775495529175,
        "mr": 0.3825918138027191,
        "dr": 0.227229505777359,
        "mc": 0.3733119070529938,
        "dc": 0.282296359539032,
        "bgb": 0.6429684162139893,
        "lgb": 0.10551413148641586
      },
      "peak_scores": {
        "mb": 0.8084498047828674,
        "db": 0.5195329785346985,
        "ml": 0.3112463057041168,
        "dl": 0.15269185602664948,
        "bg": 0.6300910115242004,
        "m": 0.6534775495529175,
        "mr": 0.3825918138027191,
        "dr": 0.227229505777359,
        "mc": 0.3733119070529938,
        "dc": 0.282296359539032,
        "bgb": 0.6429684162139893,
        "lgb": 0.10551413148641586
      },
      "top2": {
        "mb": 0.8064717054367065,
        "db": 0.5194874405860901,
        "ml": 0.3110061585903168,
        "dl": 0.1525515913963318,
        "bg": 0.6288936734199524,
        "m": 0.6519280672073364,
        "mr": 0.3802885413169861,
        "dr": 0.2271687537431717,
        "mc": 0.37264901399612427,
        "dc": 0.2816906273365021,
        "bgb": 0.6426288485527039,
        "lgb": 0.10467831790447235
      },
      "second_scores": {
        "mb": 0.8064717054367065,
        "db": 0.5194874405860901,
        "ml": 0.3110061585903168,
        "dl": 0.1525515913963318,
        "bg": 0.6288936734199524,
        "m": 0.6519280672073364,
        "mr": 0.3802885413169861,
        "dr": 0.2271687537431717,
        "mc": 0.37264901399612427,
        "dc": 0.2816906273365021,
        "bgb": 0.6426288485527039,
        "lgb": 0.10467831790447235
      },
      "margin": {
        "mb": 0.0019780993461608887,
        "db": 4.553794860839844e-05,
        "ml": 0.00024014711380004883,
        "dl": 0.000140264630317688,
        "bg": 0.0011973381042480469,
        "m": 0.0015494823455810547,
        "mr": 0.0023032724857330322,
        "dr": 6.0752034187316895e-05,
        "mc": 0.0006628930568695068,
        "dc": 0.0006057322025299072,
        "bgb": 0.0003395676612854004,
        "lgb": 0.000835813581943512
      },
      "meta": {
        "case_id": "094",
        "arch": "U",
        "fdi": 27,
        "tooth_id": 14,
        "sigma_mm": 5.0,
        "unit": "mm"
      }
    }
  },
  "meta": {
    "root": "C:\\MISC\\Deepcare\\Orthodontics\\datasets\\landmarks_dataset\\cooked\\p0\\samples"
  }
}