{
  "predictions": {
    "t27": {
      "landmarks_local": {
        "mb": [
          2.7488327026367188,
          -4.287284851074219,
          3.6785783767700195
        ],
        "db": [
          0.33235931396484375,
          -4.182404518127441,
          -1.0471718311309814
        ],
        "ml": [
          -0.28249359130859375,
          -6.289247989654541,
          2.8412914276123047
        ],
        "dl": [
          -4.031314849853516,
          -2.0348246097564697,
          0.24927854537963867
        ],
        "bg": [
          -2.919679641723633,
          5.14172887802124,
          -0.053908348083496094
        ],
        "m": [
          -5.971334457397461,
          2.392401695251465,
          0.527371883392334
        ],
        "mr": [
          -6.053522109985352,
          1.7680052518844604,
          0.7478880882263184
        ],
        "dr": [
          -4.073705673217773,
          -0.46415138244628906,
          -0.9560182094573975
        ],
        "mc": [
          -5.413732528686523,
          -0.3510913848876953,
          0.2443852424621582
        ],
        "dc": [
          0.26662445068359375,
          -3.792160987854004,
          -1.290318250656128
        ],
        "bgb": [
          -0.9246959686279297,
          6.643335342407227,
          -0.4474451541900635
        ],
        "lgb": [
          -3.3700828552246094,
          -3.4207711219787598,
          0.3665647506713867
        ]
      },
      "landmarks_global": {
        "mb": [
          2.7488327026367188,
          -4.287284851074219,
          3.6785783767700195
        ],
        "db": [
          0.33235931396484375,
          -4.182404518127441,
          -1.0471718311309814
        ],
        "ml": [
          -0.28249359130859375,
          -6.289247989654541,
          2.8412914276123047
        ],
        "dl": [
          -4.031314849853516,
          -2.0348246097564697,
          0.24927854537963867
        ],
        "bg": [
          -2.919679641723633,
          5.14172887802124,
          -0.053908348083496094
        ],
        "m": [
          -5.971334457397461,
          2.392401695251465,
          0.527371883392334
        ],
        "mr": [
          -6.053522109985352,
          1.7680052518844604,
          0.7478880882263184
        ],
        "dr": [
          -4.073705673217773,
          -0.46415138244628906,
          -0.9560182094573975
        ],
        "mc": [
          -5.413732528686523,
          -0.3510913848876953,
          0.2443852424621582
        ],
        "dc": [
          0.26662445068359375,
          -3.792160987854004,
          -1.290318250656128
        ],
        "bgb": [
          -0.9246959686279297,
          6.643335342407227,
          -0.4474451541900635
        ],
        "lgb": [
          -3.3700828552246094,
          -3.4207711219787598,
          0.3665647506713867
        ]
      },
      "indices": {
        "mb": 83,
        "db": 2903,
        "ml": 1213,
        "dl": 502,
        "bg": 1668,
        "m": 985,
        "mr": 1253,
        "dr": 1957,
        "mc": 467,
        "dc": 2278,
        "bgb": 290,
        "lgb": 432
      },
      "scores": {
        "mb": 0.7869706153869629,
        "db": 0.7967889904975891,
        "ml": 0.4009513258934021,
        "dl": 0.2515488266944885,
        "bg": 0.6513151526451111,
        "m": 0.5629225969314575,
        "mr": 0.34713152050971985,
        "dr": 0.25189876556396484,
        "mc": 0.19752857089042664,
        "dc": 0.317209929227829,
        "bgb": 0.46209919452667236,
        "lgb": 0.16490599513053894
      },
      "top1": {
        "mb": 0.7869706153869629,
        "db": 0.7967889904975891,
        "ml": 0.4009513258934021,
        "dl": 0.2515488266944885,
        "bg": 0.6513151526451111,
        "m": 0.5629225969314575,
        "mr": 0.34713152050971985,
        "dr": 0.25189876556396484,
        "mc": 0.19752857089042664,
        "dc": 0.317209929227829,
        "bgb": 0.46209919452667236,
        "lgb": 0.16490599513053894
      },
      "peak_scores": {
        "mb": 0.7869706153869629,
        "db": 0.7967889904975891,
        "ml": 0.4009513258934021,
        "dl": 0.2515488266944885,
        "bg": 0.6513151526451111,
        "m": 0.5629225969314575,
        "mr": 0.34713152050971985,
        "dr": 0.25189876556396484,
        "mc": 0.19752857089042664,
        "dc": 0.317209929227829,
        "bgb": 0.46209919452667236,
        "lgb": 0.16490599513053894
      },
      "top2": {
        "mb": 0.7861315011978149,
        "db": 0.7962831258773804,
        "ml": 0.4007743299007416,
        "dl": 0.25140562653541565,
        "bg": 0.6511414647102356,
        "m": 0.5615354180335999,
        "mr": 0.3459559977054596,
        "dr": 0.25182461738586426,
        "mc": 0.1972663551568985,
        "dc": 0.31674879789352417,
        "bgb": 0.46206459403038025,
        "lgb": 0.16464750468730927
      },
      "second_scores": {
        "mb": 0.7861315011978149,
        "db": 0.7962831258773804,
        "ml": 0.4007743299007416,
        "dl": 0.25140562653541565,
        "bg": 0.6511414647102356,
        "m": 0.5615354180335999,
        "mr": 0.3459559977054596,
        "dr": 0.25182461738586426,
        "mc": 0.1972663551568985,
        "dc": 0.31674879789352417,
        "bgb": 0.46206459403038025,
        "lgb": 0.16464750468730927
      },
      "margin": {
        "mb": 0.0008391141891479492,
        "db": 0.0005058646202087402,
        "ml": 0.00017699599266052246,
        "dl": 0.00014320015907287598,
        "bg": 0.00017368793487548828,
        "m": 0.001387178897857666,
        "mr": 0.001175522804260254,
        "dr": 7.414817810058594e-05,
        "mc": 0.0002622157335281372,
        "dc": 0.00046113133430480957,
        "bgb": 3.460049629211426e-05,
        "lgb": 0.0002584904432296753
      },
      "meta": {
        "case_id": "095",
        "arch": "U",
        "fdi": 27,
        "tooth_id": 14,
        "sigma_mm": 5.0,
        "unit": "mm"
      }
    }
  },
  "meta": {
    "root": "C:\\MISC\\Deepcare\\Orthodontics\\datasets\\landmarks_dataset\\cooked\\p0\\samples"
  }
}