{
  "predictions": {
    "t27": {
      "landmarks_local": {
        "mb": [
          1.3281631469726562,
          -5.974574089050293,
          1.3978986740112305
        ],
        "db": [
          1.2054767608642578,
          -5.331021308898926,
          -0.19883441925048828
        ],
        "ml": [
          -5.35310173034668,
          -2.837508201599121,
          -0.11506795883178711
        ],
        "dl": [
          -3.9401988983154297,
          -2.926457405090332,
          -1.2668943405151367
        ],
        "bg": [
          0.8221206665039062,
          -6.043450355529785,
          0.6520290374755859
        ],
        "m": [
          -6.631740570068359,
          -0.8545379638671875,
          -0.6223645210266113
        ],
        "mr": [
          -5.837591171264648,
          -2.5501785278320312,
          -0.11025810241699219
        ],
        "dr": [
          -4.965229034423828,
          -2.2156076431274414,
          -1.357377529144287
        ],
        "mc": [
          -5.837591171264648,
          -2.5501785278320312,
          -0.11025810241699219
        ],
        "dc": [
          -4.497592926025391,
          -0.6486740112304688,
          -2.6457877159118652
        ],
        "bgb": [
          3.5845775604248047,
          -4.5045576095581055,
          0.7869625091552734
        ],
        "lgb": [
          -4.649290084838867,
          -0.8597202301025391,
          -2.5128743648529053
        ]
      },
      "landmarks_global": {
        "mb": [
          1.3281631469726562,
          -5.974574089050293,
          1.3978986740112305
        ],
        "db": [
          1.2054767608642578,
          -5.331021308898926,
          -0.19883441925048828
        ],
        "ml": [
          -5.35310173034668,
          -2.837508201599121,
          -0.11506795883178711
        ],
        "dl": [
          -3.9401988983154297,
          -2.926457405090332,
          -1.2668943405151367
        ],
        "bg": [
          0.8221206665039062,
          -6.043450355529785,
          0.6520290374755859
        ],
        "m": [
          -6.631740570068359,
          -0.8545379638671875,
          -0.6223645210266113
        ],
        "mr": [
          -5.837591171264648,
          -2.5501785278320312,
          -0.11025810241699219
        ],
        "dr": [
          -4.965229034423828,
          -2.2156076431274414,
          -1.357377529144287
        ],
        "mc": [
          -5.837591171264648,
          -2.5501785278320312,
          -0.11025810241699219
        ],
        "dc": [
          -4.497592926025391,
          -0.6486740112304688,
          -2.6457877159118652
        ],
        "bgb": [
          3.5845775604248047,
          -4.5045576095581055,
          0.7869625091552734
        ],
        "lgb": [
          -4.649290084838867,
          -0.8597202301025391,
          -2.5128743648529053
        ]
      },
      "indices": {
        "mb": 441,
        "db": 2254,
        "ml": 1180,
        "dl": 1784,
        "bg": 656,
        "m": 1255,
        "mr": 1435,
        "dr": 2765,
        "mc": 1435,
        "dc": 1647,
        "bgb": 1101,
        "lgb": 2209
      },
      "scores": {
        "mb": 0.7735437154769897,
        "db": 0.45940181612968445,
        "ml": 0.3328351080417633,
        "dl": 0.15818123519420624,
        "bg": 0.6403257846832275,
        "m": 0.5881566405296326,
        "mr": 0.2971016466617584,
        "dr": 0.23426368832588196,
        "mc": 0.4373212158679962,
        "dc": 0.3622688949108124,
        "bgb": 0.6475225687026978,
        "lgb": 0.10366622358560562
      },
      "top1": {
        "mb": 0.7735437154769897,
        "db": 0.45940181612968445,
        "ml": 0.3328351080417633,
        "dl": 0.15818123519420624,
        "bg": 0.6403257846832275,
        "m": 0.5881566405296326,
        "mr": 0.2971016466617584,
        "dr": 0.23426368832588196,
        "mc": 0.4373212158679962,
        "dc": 0.3622688949108124,
        "bgb": 0.6475225687026978,
        "lgb": 0.10366622358560562
      },
      "peak_scores": {
        "mb": 0.7735437154769897,
        "db": 0.45940181612968445,
        "ml": 0.3328351080417633,
        "dl": 0.15818123519420624,
        "bg": 0.6403257846832275,
        "m": 0.5881566405296326,
        "mr": 0.2971016466617584,
        "dr": 0.23426368832588196,
        "mc": 0.4373212158679962,
        "dc": 0.3622688949108124,
        "bgb": 0.6475225687026978,
        "lgb": 0.10366622358560562
      },
      "top2": {
        "mb": 0.7724601030349731,
        "db": 0.45906862616539,
        "ml": 0.3318341076374054,
        "dl": 0.15815676748752594,
        "bg": 0.6371040940284729,
        "m": 0.5877150297164917,
        "mr": 0.29638370871543884,
        "dr": 0.23418401181697845,
        "mc": 0.4358040690422058,
        "dc": 0.3622409701347351,
        "bgb": 0.6473789215087891,
        "lgb": 0.10354851931333542
      },
      "second_scores": {
        "mb": 0.7724601030349731,
        "db": 0.45906862616539,
        "ml": 0.3318341076374054,
        "dl": 0.15815676748752594,
        "bg": 0.6371040940284729,
        "m": 0.5877150297164917,
        "mr": 0.29638370871543884,
        "dr": 0.23418401181697845,
        "mc": 0.4358040690422058,
        "dc": 0.3622409701347351,
        "bgb": 0.6473789215087891,
        "lgb": 0.10354851931333542
      },
      "margin": {
        "mb": 0.0010836124420166016,
        "db": 0.0003331899642944336,
        "ml": 0.0010010004043579102,
        "dl": 2.446770668029785e-05,
        "bg": 0.0032216906547546387,
        "m": 0.00044161081314086914,
        "mr": 0.0007179379463195801,
        "dr": 7.967650890350342e-05,
        "mc": 0.0015171468257904053,
        "dc": 2.7924776077270508e-05,
        "bgb": 0.0001436471939086914,
        "lgb": 0.00011770427227020264
      },
      "meta": {
        "case_id": "096",
        "arch": "U",
        "fdi": 27,
        "tooth_id": 14,
        "sigma_mm": 5.0,
        "unit": "mm"
      }
    }
  },
  "meta": {
    "root": "C:\\MISC\\Deepcare\\Orthodontics\\datasets\\landmarks_dataset\\cooked\\p0\\samples"
  }
}