{
  "predictions": {
    "t27": {
      "landmarks_local": {
        "mb": [
          3.254049301147461,
          1.0619449615478516,
          3.7901926040649414
        ],
        "db": [
          3.269815444946289,
          0.18367767333984375,
          -4.99384880065918
        ],
        "ml": [
          -4.397916793823242,
          -1.2660083770751953,
          1.5040912628173828
        ],
        "dl": [
          -4.697380065917969,
          -2.4101486206054688,
          -4.07371711730957
        ],
        "bg": [
          0.8805828094482422,
          2.609529495239258,
          5.371209144592285
        ],
        "m": [
          -6.30510139465332,
          1.5233402252197266,
          1.0354137420654297
        ],
        "mr": [
          0.8805828094482422,
          2.609529495239258,
          5.371209144592285
        ],
        "dr": [
          -3.630464553833008,
          -2.4870967864990234,
          -4.96638298034668
        ],
        "mc": [
          -4.275190353393555,
          2.5578994750976562,
          3.3450727462768555
        ],
        "dc": [
          -2.371063232421875,
          -2.1913604736328125,
          -5.171693801879883
        ],
        "bgb": [
          5.166126251220703,
          3.4236888885498047,
          0.4921226501464844
        ],
        "lgb": [
          -5.31218147277832,
          -0.7552394866943359,
          0.8358955383300781
        ]
      },
      "landmarks_global": {
        "mb": [
          3.254049301147461,
          1.0619449615478516,
          3.7901926040649414
        ],
        "db": [
          3.269815444946289,
          0.18367767333984375,
          -4.99384880065918
        ],
        "ml": [
          -4.397916793823242,
          -1.2660083770751953,
          1.5040912628173828
        ],
        "dl": [
          -4.697380065917969,
          -2.4101486206054688,
          -4.07371711730957
        ],
        "bg": [
          0.8805828094482422,
          2.609529495239258,
          5.371209144592285
        ],
        "m": [
          -6.30510139465332,
          1.5233402252197266,
          1.0354137420654297
        ],
        "mr": [
          0.8805828094482422,
          2.609529495239258,
          5.371209144592285
        ],
        "dr": [
          -3.630464553833008,
          -2.4870967864990234,
          -4.96638298034668
        ],
        "mc": [
          -4.275190353393555,
          2.5578994750976562,
          3.3450727462768555
        ],
        "dc": [
          -2.371063232421875,
          -2.1913604736328125,
          -5.171693801879883
        ],
        "bgb": [
          5.166126251220703,
          3.4236888885498047,
          0.4921226501464844
        ],
        "lgb": [
          -5.31218147277832,
          -0.7552394866943359,
          0.8358955383300781
        ]
      },
      "indices": {
        "mb": 111,
        "db": 55,
        "ml": 2226,
        "dl": 1847,
        "bg": 1930,
        "m": 474,
        "mr": 1930,
        "dr": 620,
        "mc": 1064,
        "dc": 1478,
        "bgb": 1076,
        "lgb": 1916
      },
      "scores": {
        "mb": 0.7531629800796509,
        "db": 0.8422115445137024,
        "ml": 0.372923344373703,
        "dl": 0.7136131525039673,
        "bg": 0.3664723038673401,
        "m": 0.5445116758346558,
        "mr": 0.3839276134967804,
        "dr": 0.4390965700149536,
        "mc": 0.3138684034347534,
        "dc": 0.7240404486656189,
        "bgb": 0.5476719737052917,
        "lgb": 0.25445321202278137
      },
      "top1": {
        "mb": 0.7531629800796509,
        "db": 0.8422115445137024,
        "ml": 0.372923344373703,
        "dl": 0.7136131525039673,
        "bg": 0.3664723038673401,
        "m": 0.5445116758346558,
        "mr": 0.3839276134967804,
        "dr": 0.4390965700149536,
        "mc": 0.3138684034347534,
        "dc": 0.7240404486656189,
        "bgb": 0.5476719737052917,
        "lgb": 0.25445321202278137
      },
      "peak_scores": {
        "mb": 0.7531629800796509,
        "db": 0.8422115445137024,
        "ml": 0.372923344373703,
        "dl": 0.7136131525039673,
        "bg": 0.3664723038673401,
        "m": 0.5445116758346558,
        "mr": 0.3839276134967804,
        "dr": 0.4390965700149536,
        "mc": 0.3138684034347534,
        "dc": 0.7240404486656189,
        "bgb": 0.5476719737052917,
        "lgb": 0.25445321202278137
      },
      "top2": {
        "mb": 0.7530902028083801,
        "db": 0.8421988487243652,
        "ml": 0.3727820813655853,
        "dl": 0.7133285403251648,
        "bg": 0.36611273884773254,
        "m": 0.5441442728042603,
        "mr": 0.383273720741272,
        "dr": 0.43881914019584656,
        "mc": 0.3134302794933319,
        "dc": 0.723999559879303,
        "bgb": 0.5476165413856506,
        "lgb": 0.25424638390541077
      },
      "second_scores": {
        "mb": 0.7530902028083801,
        "db": 0.8421988487243652,
        "ml": 0.3727820813655853,
        "dl": 0.7133285403251648,
        "bg": 0.36611273884773254,
        "m": 0.5441442728042603,
        "mr": 0.383273720741272,
        "dr": 0.43881914019584656,
        "mc": 0.3134302794933319,
        "dc": 0.723999559879303,
        "bgb": 0.5476165413856506,
        "lgb": 0.25424638390541077
      },
      "margin": {
        "mb": 7.277727127075195e-05,
        "db": 1.2695789337158203e-05,
        "ml": 0.00014126300811767578,
        "dl": 0.00028461217880249023,
        "bg": 0.00035956501960754395,
        "m": 0.0003674030303955078,
        "mr": 0.0006538927555084229,
        "dr": 0.00027742981910705566,
        "mc": 0.0004381239414215088,
        "dc": 4.088878631591797e-05,
        "bgb": 5.543231964111328e-05,
        "lgb": 0.00020682811737060547
      },
      "meta": {
        "case_id": "097",
        "arch": "U",
        "fdi": 27,
        "tooth_id": 14,
        "sigma_mm": 5.0,
        "unit": "mm"
      }
    }
  },
  "meta": {
    "root": "C:\\MISC\\Deepcare\\Orthodontics\\datasets\\landmarks_dataset\\cooked\\p0\\samples"
  }
}