{
  "predictions": {
    "t27": {
      "landmarks_local": {
        "mb": [
          -0.12083244323730469,
          -5.702913284301758,
          1.5480070114135742
        ],
        "db": [
          1.6782054901123047,
          -4.82840633392334,
          -0.2867264747619629
        ],
        "ml": [
          -4.819620132446289,
          -1.8440265655517578,
          -0.6600594520568848
        ],
        "dl": [
          -4.336616516113281,
          -1.7477827072143555,
          -1.378192663192749
        ],
        "bg": [
          -1.2893924713134766,
          -4.253896713256836,
          -0.8618993759155273
        ],
        "m": [
          -6.525335311889648,
          0.5829133987426758,
          0.025180339813232422
        ],
        "mr": [
          -0.12083244323730469,
          -5.702913284301758,
          1.5480070114135742
        ],
        "dr": [
          -4.878395080566406,
          -0.9967031478881836,
          -1.494189739227295
        ],
        "mc": [
          -6.257757186889648,
          -1.055800437927246,
          0.443173885345459
        ],
        "dc": [
          -5.009819030761719,
          0.23670673370361328,
          -1.97269606590271
        ],
        "bgb": [
          2.489471435546875,
          -3.0362539291381836,
          -0.8241829872131348
        ],
        "lgb": [
          -5.009819030761719,
          0.23670673370361328,
          -1.97269606590271
        ]
      },
      "landmarks_global": {
        "mb": [
          -0.12083244323730469,
          -5.702913284301758,
          1.5480070114135742
        ],
        "db": [
          1.6782054901123047,
          -4.82840633392334,
          -0.2867264747619629
        ],
        "ml": [
          -4.819620132446289,
          -1.8440265655517578,
          -0.6600594520568848
        ],
        "dl": [
          -4.336616516113281,
          -1.7477827072143555,
          -1.378192663192749
        ],
        "bg": [
          -1.2893924713134766,
          -4.253896713256836,
          -0.8618993759155273
        ],
        "m": [
          -6.525335311889648,
          0.5829133987426758,
          0.025180339813232422
        ],
        "mr": [
          -0.12083244323730469,
          -5.702913284301758,
          1.5480070114135742
        ],
        "dr": [
          -4.878395080566406,
          -0.9967031478881836,
          -1.494189739227295
        ],
        "mc": [
          -6.257757186889648,
          -1.055800437927246,
          0.443173885345459
        ],
        "dc": [
          -5.009819030761719,
          0.23670673370361328,
          -1.97269606590271
        ],
        "bgb": [
          2.489471435546875,
          -3.0362539291381836,
          -0.8241829872131348
        ],
        "lgb": [
          -5.009819030761719,
          0.23670673370361328,
          -1.97269606590271
        ]
      },
      "indices": {
        "mb": 1290,
        "db": 2273,
        "ml": 220,
        "dl": 1249,
        "bg": 1642,
        "m": 380,
        "mr": 1290,
        "dr": 2709,
        "mc": 514,
        "dc": 491,
        "bgb": 1425,
        "lgb": 491
      },
      "scores": {
        "mb": 0.8023730516433716,
        "db": 0.5154489278793335,
        "ml": 0.33136144280433655,
        "dl": 0.16419915854930878,
        "bg": 0.6405347585678101,
        "m": 0.6294638514518738,
        "mr": 0.3796572983264923,
        "dr": 0.23177403211593628,
        "mc": 0.382831335067749,
        "dc": 0.29948633909225464,
        "bgb": 0.6331130862236023,
        "lgb": 0.10013902187347412
      },
      "top1": {
        "mb": 0.8023730516433716,
        "db": 0.5154489278793335,
        "ml": 0.33136144280433655,
        "dl": 0.16419915854930878,
        "bg": 0.6405347585678101,
        "m": 0.6294638514518738,
        "mr": 0.3796572983264923,
        "dr": 0.23177403211593628,
        "mc": 0.382831335067749,
        "dc": 0.29948633909225464,
        "bgb": 0.6331130862236023,
        "lgb": 0.10013902187347412
      },
      "peak_scores": {
        "mb": 0.8023730516433716,
        "db": 0.5154489278793335,
        "ml": 0.33136144280433655,
        "dl": 0.16419915854930878,
        "bg": 0.6405347585678101,
        "m": 0.6294638514518738,
        "mr": 0.3796572983264923,
        "dr": 0.23177403211593628,
        "mc": 0.382831335067749,
        "dc": 0.29948633909225464,
        "bgb": 0.6331130862236023,
        "lgb": 0.10013902187347412
      },
      "top2": {
        "mb": 0.8015598058700562,
        "db": 0.5150734186172485,
        "ml": 0.3310075104236603,
        "dl": 0.16417452692985535,
        "bg": 0.6390505433082581,
        "m": 0.6286264657974243,
        "mr": 0.37506982684135437,
        "dr": 0.23091520369052887,
        "mc": 0.3819713890552521,
        "dc": 0.2993081212043762,
        "bgb": 0.6329436302185059,
        "lgb": 0.09976932406425476
      },
      "second_scores": {
        "mb": 0.8015598058700562,
        "db": 0.5150734186172485,
        "ml": 0.3310075104236603,
        "dl": 0.16417452692985535,
        "bg": 0.6390505433082581,
        "m": 0.6286264657974243,
        "mr": 0.37506982684135437,
        "dr": 0.23091520369052887,
        "mc": 0.3819713890552521,
        "dc": 0.2993081212043762,
        "bgb": 0.6329436302185059,
        "lgb": 0.09976932406425476
      },
      "margin": {
        "mb": 0.0008132457733154297,
        "db": 0.00037550926208496094,
        "ml": 0.00035393238067626953,
        "dl": 2.4631619453430176e-05,
        "bg": 0.001484215259552002,
        "m": 0.0008373856544494629,
        "mr": 0.0045874714851379395,
        "dr": 0.0008588284254074097,
        "mc": 0.0008599460124969482,
        "dc": 0.00017821788787841797,
        "bgb": 0.00016945600509643555,
        "lgb": 0.00036969780921936035
      },
      "meta": {
        "case_id": "098",
        "arch": "U",
        "fdi": 27,
        "tooth_id": 14,
        "sigma_mm": 5.0,
        "unit": "mm"
      }
    }
  },
  "meta": {
    "root": "C:\\MISC\\Deepcare\\Orthodontics\\datasets\\landmarks_dataset\\cooked\\p0\\samples"
  }
}