{
  "predictions": {
    "t27": {
      "landmarks_local": {
        "mb": [
          0.9337062835693359,
          -5.736547470092773,
          0.7652215957641602
        ],
        "db": [
          2.580018997192383,
          -4.797567367553711,
          -0.041665077209472656
        ],
        "ml": [
          -4.303400039672852,
          -4.569284439086914,
          1.2497849464416504
        ],
        "dl": [
          -4.151668548583984,
          -4.69270133972168,
          1.088768482208252
        ],
        "bg": [
          2.1885337829589844,
          -5.56218147277832,
          1.4905414581298828
        ],
        "m": [
          -6.026395797729492,
          -1.2740116119384766,
          0.6167287826538086
        ],
        "mr": [
          -5.081523895263672,
          -3.6386489868164062,
          1.7753186225891113
        ],
        "dr": [
          -2.0801429748535156,
          -5.236501693725586,
          -0.04114818572998047
        ],
        "mc": [
          -5.081523895263672,
          -3.6386489868164062,
          1.7753186225891113
        ],
        "dc": [
          -3.7888126373291016,
          -2.225320816040039,
          -1.2747814655303955
        ],
        "bgb": [
          3.716327667236328,
          -4.452936172485352,
          1.050405502319336
        ],
        "lgb": [
          -6.054082870483398,
          2.0935745239257812,
          0.3820352554321289
        ]
      },
      "landmarks_global": {
        "mb": [
          0.9337062835693359,
          -5.736547470092773,
          0.7652215957641602
        ],
        "db": [
          2.580018997192383,
          -4.797567367553711,
          -0.041665077209472656
        ],
        "ml": [
          -4.303400039672852,
          -4.569284439086914,
          1.2497849464416504
        ],
        "dl": [
          -4.151668548583984,
          -4.69270133972168,
          1.088768482208252
        ],
        "bg": [
          2.1885337829589844,
          -5.56218147277832,
          1.4905414581298828
        ],
        "m": [
          -6.026395797729492,
          -1.2740116119384766,
          0.6167287826538086
        ],
        "mr": [
          -5.081523895263672,
          -3.6386489868164062,
          1.7753186225891113
        ],
        "dr": [
          -2.0801429748535156,
          -5.236501693725586,
          -0.04114818572998047
        ],
        "mc": [
          -5.081523895263672,
          -3.6386489868164062,
          1.7753186225891113
        ],
        "dc": [
          -3.7888126373291016,
          -2.225320816040039,
          -1.2747814655303955
        ],
        "bgb": [
          3.716327667236328,
          -4.452936172485352,
          1.050405502319336
        ],
        "lgb": [
          -6.054082870483398,
          2.0935745239257812,
          0.3820352554321289
        ]
      },
      "indices": {
        "mb": 218,
        "db": 768,
        "ml": 98,
        "dl": 1649,
        "bg": 1537,
        "m": 1527,
        "mr": 0,
        "dr": 588,
        "mc": 0,
        "dc": 2157,
        "bgb": 236,
        "lgb": 255
      },
      "scores": {
        "mb": 0.6664822697639465,
        "db": 0.4319927394390106,
        "ml": 0.2949522137641907,
        "dl": 0.11235024780035019,
        "bg": 0.5615531802177429,
        "m": 0.5395672917366028,
        "mr": 0.24830293655395508,
        "dr": 0.2206987887620926,
        "mc": 0.5256617069244385,
        "dc": 0.41499510407447815,
        "bgb": 0.6512666940689087,
        "lgb": 0.1234380230307579
      },
      "top1": {
        "mb": 0.6664822697639465,
        "db": 0.4319927394390106,
        "ml": 0.2949522137641907,
        "dl": 0.11235024780035019,
        "bg": 0.5615531802177429,
        "m": 0.5395672917366028,
        "mr": 0.24830293655395508,
        "dr": 0.2206987887620926,
        "mc": 0.5256617069244385,
        "dc": 0.41499510407447815,
        "bgb": 0.6512666940689087,
        "lgb": 0.1234380230307579
      },
      "peak_scores": {
        "mb": 0.6664822697639465,
        "db": 0.4319927394390106,
        "ml": 0.2949522137641907,
        "dl": 0.11235024780035019,
        "bg": 0.5615531802177429,
        "m": 0.5395672917366028,
        "mr": 0.24830293655395508,
        "dr": 0.2206987887620926,
        "mc": 0.5256617069244385,
        "dc": 0.41499510407447815,
        "bgb": 0.6512666940689087,
        "lgb": 0.1234380230307579
      },
      "top2": {
        "mb": 0.6656294465065002,
        "db": 0.4308144450187683,
        "ml": 0.29458868503570557,
        "dl": 0.11233030259609222,
        "bg": 0.5611264705657959,
        "m": 0.5393489003181458,
        "mr": 0.2457081526517868,
        "dr": 0.219991996884346,
        "mc": 0.5224670767784119,
        "dc": 0.4149464964866638,
        "bgb": 0.6509193778038025,
        "lgb": 0.1232159212231636
      },
      "second_scores": {
        "mb": 0.6656294465065002,
        "db": 0.4308144450187683,
        "ml": 0.29458868503570557,
        "dl": 0.11233030259609222,
        "bg": 0.5611264705657959,
        "m": 0.5393489003181458,
        "mr": 0.2457081526517868,
        "dr": 0.219991996884346,
        "mc": 0.5224670767784119,
        "dc": 0.4149464964866638,
        "bgb": 0.6509193778038025,
        "lgb": 0.1232159212231636
      },
      "margin": {
        "mb": 0.0008528232574462891,
        "db": 0.0011782944202423096,
        "ml": 0.0003635287284851074,
        "dl": 1.9945204257965088e-05,
        "bg": 0.0004267096519470215,
        "m": 0.00021839141845703125,
        "mr": 0.002594783902168274,
        "dr": 0.000706791877746582,
        "mc": 0.0031946301460266113,
        "dc": 4.8607587814331055e-05,
        "bgb": 0.00034731626510620117,
        "lgb": 0.00022210180759429932
      },
      "meta": {
        "case_id": "099",
        "arch": "U",
        "fdi": 27,
        "tooth_id": 14,
        "sigma_mm": 5.0,
        "unit": "mm"
      }
    }
  },
  "meta": {
    "root": "C:\\MISC\\Deepcare\\Orthodontics\\datasets\\landmarks_dataset\\cooked\\p0\\samples"
  }
}