{
  "predictions": {
    "t27": {
      "landmarks_local": {
        "mb": [
          0.5125503540039062,
          0.3478660583496094,
          5.497920989990234
        ],
        "db": [
          4.049480438232422,
          1.6348962783813477,
          -2.280813217163086
        ],
        "ml": [
          -4.674860000610352,
          -0.6445322036743164,
          2.6205615997314453
        ],
        "dl": [
          -4.81524658203125,
          -0.9080648422241211,
          -4.915164947509766
        ],
        "bg": [
          2.905609130859375,
          3.369500160217285,
          4.568206787109375
        ],
        "m": [
          -6.6735687255859375,
          1.2845039367675781,
          1.0366840362548828
        ],
        "mr": [
          -4.918607711791992,
          0.8673639297485352,
          3.242473602294922
        ],
        "dr": [
          -4.81524658203125,
          -0.9080648422241211,
          -4.915164947509766
        ],
        "mc": [
          -4.918607711791992,
          0.8673639297485352,
          3.242473602294922
        ],
        "dc": [
          -4.0369873046875,
          -0.9950294494628906,
          -5.166013717651367
        ],
        "bgb": [
          4.320812225341797,
          4.799879550933838,
          1.3366413116455078
        ],
        "lgb": [
          -5.8205108642578125,
          -0.6183843612670898,
          -2.3637828826904297
        ]
      },
      "landmarks_global": {
        "mb": [
          0.5125503540039062,
          0.3478660583496094,
          5.497920989990234
        ],
        "db": [
          4.049480438232422,
          1.6348962783813477,
          -2.280813217163086
        ],
        "ml": [
          -4.674860000610352,
          -0.6445322036743164,
          2.6205615997314453
        ],
        "dl": [
          -4.81524658203125,
          -0.9080648422241211,
          -4.915164947509766
        ],
        "bg": [
          2.905609130859375,
          3.369500160217285,
          4.568206787109375
        ],
        "m": [
          -6.6735687255859375,
          1.2845039367675781,
          1.0366840362548828
        ],
        "mr": [
          -4.918607711791992,
          0.8673639297485352,
          3.242473602294922
        ],
        "dr": [
          -4.81524658203125,
          -0.9080648422241211,
          -4.915164947509766
        ],
        "mc": [
          -4.918607711791992,
          0.8673639297485352,
          3.242473602294922
        ],
        "dc": [
          -4.0369873046875,
          -0.9950294494628906,
          -5.166013717651367
        ],
        "bgb": [
          4.320812225341797,
          4.799879550933838,
          1.3366413116455078
        ],
        "lgb": [
          -5.8205108642578125,
          -0.6183843612670898,
          -2.3637828826904297
        ]
      },
      "indices": {
        "mb": 26,
        "db": 283,
        "ml": 1003,
        "dl": 1,
        "bg": 40,
        "m": 2467,
        "mr": 726,
        "dr": 1,
        "mc": 726,
        "dc": 2549,
        "bgb": 5,
        "lgb": 564
      },
      "scores": {
        "mb": 0.7290703654289246,
        "db": 0.8734433054924011,
        "ml": 0.31959182024002075,
        "dl": 0.6048454642295837,
        "bg": 0.44290101528167725,
        "m": 0.526049792766571,
        "mr": 0.35320204496383667,
        "dr": 0.5016898512840271,
        "mc": 0.31372904777526855,
        "dc": 0.7463274598121643,
        "bgb": 0.705778956413269,
        "lgb": 0.17701447010040283
      },
      "top1": {
        "mb": 0.7290703654289246,
        "db": 0.8734433054924011,
        "ml": 0.31959182024002075,
        "dl": 0.6048454642295837,
        "bg": 0.44290101528167725,
        "m": 0.526049792766571,
        "mr": 0.35320204496383667,
        "dr": 0.5016898512840271,
        "mc": 0.31372904777526855,
        "dc": 0.7463274598121643,
        "bgb": 0.705778956413269,
        "lgb": 0.17701447010040283
      },
      "peak_scores": {
        "mb": 0.7290703654289246,
        "db": 0.8734433054924011,
        "ml": 0.31959182024002075,
        "dl": 0.6048454642295837,
        "bg": 0.44290101528167725,
        "m": 0.526049792766571,
        "mr": 0.35320204496383667,
        "dr": 0.5016898512840271,
        "mc": 0.31372904777526855,
        "dc": 0.7463274598121643,
        "bgb": 0.705778956413269,
        "lgb": 0.17701447010040283
      },
      "top2": {
        "mb": 0.728718638420105,
        "db": 0.8732414245605469,
        "ml": 0.3193981647491455,
        "dl": 0.6040688157081604,
        "bg": 0.442171186208725,
        "m": 0.5259297490119934,
        "mr": 0.3522842824459076,
        "dr": 0.5010238885879517,
        "mc": 0.31362518668174744,
        "dc": 0.7462455630302429,
        "bgb": 0.7057706117630005,
        "lgb": 0.17700231075286865
      },
      "second_scores": {
        "mb": 0.728718638420105,
        "db": 0.8732414245605469,
        "ml": 0.3193981647491455,
        "dl": 0.6040688157081604,
        "bg": 0.442171186208725,
        "m": 0.5259297490119934,
        "mr": 0.3522842824459076,
        "dr": 0.5010238885879517,
        "mc": 0.31362518668174744,
        "dc": 0.7462455630302429,
        "bgb": 0.7057706117630005,
        "lgb": 0.17700231075286865
      },
      "margin": {
        "mb": 0.0003517270088195801,
        "db": 0.00020188093185424805,
        "ml": 0.00019365549087524414,
        "dl": 0.0007766485214233398,
        "bg": 0.0007298290729522705,
        "m": 0.00012004375457763672,
        "mr": 0.0009177625179290771,
        "dr": 0.0006659626960754395,
        "mc": 0.00010386109352111816,
        "dc": 8.189678192138672e-05,
        "bgb": 8.344650268554688e-06,
        "lgb": 1.2159347534179688e-05
      },
      "meta": {
        "case_id": "100",
        "arch": "U",
        "fdi": 27,
        "tooth_id": 14,
        "sigma_mm": 5.0,
        "unit": "mm"
      }
    }
  },
  "meta": {
    "root": "C:\\MISC\\Deepcare\\Orthodontics\\datasets\\landmarks_dataset\\cooked\\p0\\samples"
  }
}