{
  "predictions": {
    "t27": {
      "landmarks_local": {
        "mb": [
          0.42879676818847656,
          1.2757434844970703,
          5.526350975036621
        ],
        "db": [
          3.6383056640625,
          1.125391960144043,
          -2.9329071044921875
        ],
        "ml": [
          -5.832908630371094,
          -0.062155723571777344,
          2.794178009033203
        ],
        "dl": [
          -3.3243274688720703,
          -1.3381834030151367,
          -5.193510055541992
        ],
        "bg": [
          2.804676055908203,
          2.439944267272949,
          4.494874954223633
        ],
        "m": [
          -6.188507080078125,
          -0.4864330291748047,
          1.6259384155273438
        ],
        "mr": [
          -5.704072952270508,
          -0.13694190979003906,
          2.917430877685547
        ],
        "dr": [
          -2.5706787109375,
          -0.9172964096069336,
          -5.836065292358398
        ],
        "mc": [
          -1.4563426971435547,
          0.731419563293457,
          4.953462600708008
        ],
        "dc": [
          -2.3243026733398438,
          -0.7462396621704102,
          -5.978965759277344
        ],
        "bgb": [
          4.5852813720703125,
          3.6301236152648926,
          -0.35638999938964844
        ],
        "lgb": [
          -4.361349105834961,
          -1.3927698135375977,
          -3.800891876220703
        ]
      },
      "landmarks_global": {
        "mb": [
          0.42879676818847656,
          1.2757434844970703,
          5.526350975036621
        ],
        "db": [
          3.6383056640625,
          1.125391960144043,
          -2.9329071044921875
        ],
        "ml": [
          -5.832908630371094,
          -0.062155723571777344,
          2.794178009033203
        ],
        "dl": [
          -3.3243274688720703,
          -1.3381834030151367,
          -5.193510055541992
        ],
        "bg": [
          2.804676055908203,
          2.439944267272949,
          4.494874954223633
        ],
        "m": [
          -6.188507080078125,
          -0.4864330291748047,
          1.6259384155273438
        ],
        "mr": [
          -5.704072952270508,
          -0.13694190979003906,
          2.917430877685547
        ],
        "dr": [
          -2.5706787109375,
          -0.9172964096069336,
          -5.836065292358398
        ],
        "mc": [
          -1.4563426971435547,
          0.731419563293457,
          4.953462600708008
        ],
        "dc": [
          -2.3243026733398438,
          -0.7462396621704102,
          -5.978965759277344
        ],
        "bgb": [
          4.5852813720703125,
          3.6301236152648926,
          -0.35638999938964844
        ],
        "lgb": [
          -4.361349105834961,
          -1.3927698135375977,
          -3.800891876220703
        ]
      },
      "indices": {
        "mb": 57,
        "db": 2586,
        "ml": 1965,
        "dl": 1160,
        "bg": 2678,
        "m": 1248,
        "mr": 753,
        "dr": 2,
        "mc": 735,
        "dc": 835,
        "bgb": 141,
        "lgb": 1195
      },
      "scores": {
        "mb": 0.7313030958175659,
        "db": 0.8696851134300232,
        "ml": 0.3206883370876312,
        "dl": 0.5630619525909424,
        "bg": 0.4526691734790802,
        "m": 0.5157513618469238,
        "mr": 0.35353100299835205,
        "dr": 0.4543263018131256,
        "mc": 0.3050905466079712,
        "dc": 0.7258453965187073,
        "bgb": 0.7030762434005737,
        "lgb": 0.1736786812543869
      },
      "top1": {
        "mb": 0.7313030958175659,
        "db": 0.8696851134300232,
        "ml": 0.3206883370876312,
        "dl": 0.5630619525909424,
        "bg": 0.4526691734790802,
        "m": 0.5157513618469238,
        "mr": 0.35353100299835205,
        "dr": 0.4543263018131256,
        "mc": 0.3050905466079712,
        "dc": 0.7258453965187073,
        "bgb": 0.7030762434005737,
        "lgb": 0.1736786812543869
      },
      "peak_scores": {
        "mb": 0.7313030958175659,
        "db": 0.8696851134300232,
        "ml": 0.3206883370876312,
        "dl": 0.5630619525909424,
        "bg": 0.4526691734790802,
        "m": 0.5157513618469238,
        "mr": 0.35353100299835205,
        "dr": 0.4543263018131256,
        "mc": 0.3050905466079712,
        "dc": 0.7258453965187073,
        "bgb": 0.7030762434005737,
        "lgb": 0.1736786812543869
      },
      "top2": {
        "mb": 0.7310619354248047,
        "db": 0.8694496154785156,
        "ml": 0.3199669122695923,
        "dl": 0.5624687075614929,
        "bg": 0.4525197148323059,
        "m": 0.5152755975723267,
        "mr": 0.35347452759742737,
        "dr": 0.4541946351528168,
        "mc": 0.3050471544265747,
        "dc": 0.7256729602813721,
        "bgb": 0.7012273073196411,
        "lgb": 0.17357677221298218
      },
      "second_scores": {
        "mb": 0.7310619354248047,
        "db": 0.8694496154785156,
        "ml": 0.3199669122695923,
        "dl": 0.5624687075614929,
        "bg": 0.4525197148323059,
        "m": 0.5152755975723267,
        "mr": 0.35347452759742737,
        "dr": 0.4541946351528168,
        "mc": 0.3050471544265747,
        "dc": 0.7256729602813721,
        "bgb": 0.7012273073196411,
        "lgb": 0.17357677221298218
      },
      "margin": {
        "mb": 0.00024116039276123047,
        "db": 0.00023549795150756836,
        "ml": 0.0007214248180389404,
        "dl": 0.0005932450294494629,
        "bg": 0.000149458646774292,
        "m": 0.00047576427459716797,
        "mr": 5.647540092468262e-05,
        "dr": 0.0001316666603088379,
        "mc": 4.3392181396484375e-05,
        "dc": 0.00017243623733520508,
        "bgb": 0.0018489360809326172,
        "lgb": 0.00010190904140472412
      },
      "meta": {
        "case_id": "101",
        "arch": "U",
        "fdi": 27,
        "tooth_id": 14,
        "sigma_mm": 5.0,
        "unit": "mm"
      }
    }
  },
  "meta": {
    "root": "C:\\MISC\\Deepcare\\Orthodontics\\datasets\\landmarks_dataset\\cooked\\p0\\samples"
  }
}