{
  "predictions": {
    "t27": {
      "landmarks_local": {
        "mb": [
          -0.320648193359375,
          1.44484281539917,
          4.922390937805176
        ],
        "db": [
          2.9362049102783203,
          -0.19331121444702148,
          -2.8916873931884766
        ],
        "ml": [
          -5.164106369018555,
          -0.6219940185546875,
          0.3628730773925781
        ],
        "dl": [
          -4.276796340942383,
          -1.0118050575256348,
          -2.8642044067382812
        ],
        "bg": [
          0.9946041107177734,
          1.8829560279846191,
          4.491951942443848
        ],
        "m": [
          -5.582344055175781,
          -0.5898585319519043,
          -0.609130859375
        ],
        "mr": [
          -0.958282470703125,
          1.3155956268310547,
          4.905926704406738
        ],
        "dr": [
          -1.9328174591064453,
          -0.7622051239013672,
          -5.073522567749023
        ],
        "mc": [
          -3.235170364379883,
          0.6091327667236328,
          2.942763328552246
        ],
        "dc": [
          -1.7398929595947266,
          -0.7037811279296875,
          -5.230550765991211
        ],
        "bgb": [
          3.605571746826172,
          2.620692729949951,
          0.6244583129882812
        ],
        "lgb": [
          -4.928255081176758,
          -1.0590572357177734,
          -1.9862060546875
        ]
      },
      "landmarks_global": {
        "mb": [
          -0.320648193359375,
          1.44484281539917,
          4.922390937805176
        ],
        "db": [
          2.9362049102783203,
          -0.19331121444702148,
          -2.8916873931884766
        ],
        "ml": [
          -5.164106369018555,
          -0.6219940185546875,
          0.3628730773925781
        ],
        "dl": [
          -4.276796340942383,
          -1.0118050575256348,
          -2.8642044067382812
        ],
        "bg": [
          0.9946041107177734,
          1.8829560279846191,
          4.491951942443848
        ],
        "m": [
          -5.582344055175781,
          -0.5898585319519043,
          -0.609130859375
        ],
        "mr": [
          -0.958282470703125,
          1.3155956268310547,
          4.905926704406738
        ],
        "dr": [
          -1.9328174591064453,
          -0.7622051239013672,
          -5.073522567749023
        ],
        "mc": [
          -3.235170364379883,
          0.6091327667236328,
          2.942763328552246
        ],
        "dc": [
          -1.7398929595947266,
          -0.7037811279296875,
          -5.230550765991211
        ],
        "bgb": [
          3.605571746826172,
          2.620692729949951,
          0.6244583129882812
        ],
        "lgb": [
          -4.928255081176758,
          -1.0590572357177734,
          -1.9862060546875
        ]
      },
      "indices": {
        "mb": 824,
        "db": 115,
        "ml": 881,
        "dl": 22,
        "bg": 537,
        "m": 2532,
        "mr": 2,
        "dr": 387,
        "mc": 2094,
        "dc": 1186,
        "bgb": 392,
        "lgb": 2188
      },
      "scores": {
        "mb": 0.7488676905632019,
        "db": 0.8682447075843811,
        "ml": 0.3331572711467743,
        "dl": 0.48844072222709656,
        "bg": 0.4819744825363159,
        "m": 0.5153461694717407,
        "mr": 0.36766138672828674,
        "dr": 0.37647193670272827,
        "mc": 0.29423004388809204,
        "dc": 0.6699137687683105,
        "bgb": 0.698990523815155,
        "lgb": 0.18199332058429718
      },
      "top1": {
        "mb": 0.7488676905632019,
        "db": 0.8682447075843811,
        "ml": 0.3331572711467743,
        "dl": 0.48844072222709656,
        "bg": 0.4819744825363159,
        "m": 0.5153461694717407,
        "mr": 0.36766138672828674,
        "dr": 0.37647193670272827,
        "mc": 0.29423004388809204,
        "dc": 0.6699137687683105,
        "bgb": 0.698990523815155,
        "lgb": 0.18199332058429718
      },
      "peak_scores": {
        "mb": 0.7488676905632019,
        "db": 0.8682447075843811,
        "ml": 0.3331572711467743,
        "dl": 0.48844072222709656,
        "bg": 0.4819744825363159,
        "m": 0.5153461694717407,
        "mr": 0.36766138672828674,
        "dr": 0.37647193670272827,
        "mc": 0.29423004388809204,
        "dc": 0.6699137687683105,
        "bgb": 0.698990523815155,
        "lgb": 0.18199332058429718
      },
      "top2": {
        "mb": 0.7487980127334595,
        "db": 0.8682045340538025,
        "ml": 0.33313316106796265,
        "dl": 0.48806139826774597,
        "bg": 0.4816993772983551,
        "m": 0.5146032571792603,
        "mr": 0.3660891056060791,
        "dr": 0.37535515427589417,
        "mc": 0.29391199350357056,
        "dc": 0.6698170304298401,
        "bgb": 0.6976200342178345,
        "lgb": 0.1816505789756775
      },
      "second_scores": {
        "mb": 0.7487980127334595,
        "db": 0.8682045340538025,
        "ml": 0.33313316106796265,
        "dl": 0.48806139826774597,
        "bg": 0.4816993772983551,
        "m": 0.5146032571792603,
        "mr": 0.3660891056060791,
        "dr": 0.37535515427589417,
        "mc": 0.29391199350357056,
        "dc": 0.6698170304298401,
        "bgb": 0.6976200342178345,
        "lgb": 0.1816505789756775
      },
      "margin": {
        "mb": 6.967782974243164e-05,
        "db": 4.017353057861328e-05,
        "ml": 2.4110078811645508e-05,
        "dl": 0.00037932395935058594,
        "bg": 0.00027510523796081543,
        "m": 0.0007429122924804688,
        "mr": 0.0015722811222076416,
        "dr": 0.0011167824268341064,
        "mc": 0.0003180503845214844,
        "dc": 9.673833847045898e-05,
        "bgb": 0.0013704895973205566,
        "lgb": 0.00034274160861968994
      },
      "meta": {
        "case_id": "102",
        "arch": "U",
        "fdi": 27,
        "tooth_id": 14,
        "sigma_mm": 5.0,
        "unit": "mm"
      }
    }
  },
  "meta": {
    "root": "C:\\MISC\\Deepcare\\Orthodontics\\datasets\\landmarks_dataset\\cooked\\p0\\samples"
  }
}