{
  "predictions": {
    "t27": {
      "landmarks_local": {
        "mb": [
          1.8440742492675781,
          0.9837760925292969,
          4.229769706726074
        ],
        "db": [
          4.181766510009766,
          0.5013465881347656,
          -1.7054710388183594
        ],
        "ml": [
          -6.229743957519531,
          -0.7341508865356445,
          2.8556432723999023
        ],
        "dl": [
          -3.3062915802001953,
          -1.7776451110839844,
          -4.054922103881836
        ],
        "bg": [
          1.9278087615966797,
          3.575413227081299,
          3.9435834884643555
        ],
        "m": [
          -6.229743957519531,
          -0.7341508865356445,
          2.8556432723999023
        ],
        "mr": [
          -4.448266983032227,
          -0.0018777847290039062,
          3.964876174926758
        ],
        "dr": [
          -3.414064407348633,
          -1.8378753662109375,
          -3.956754684448242
        ],
        "mc": [
          -4.448266983032227,
          -0.0018777847290039062,
          3.964876174926758
        ],
        "dc": [
          -0.30001068115234375,
          -0.5974292755126953,
          -5.861583709716797
        ],
        "bgb": [
          3.6478805541992188,
          4.7275190353393555,
          -0.1421184539794922
        ],
        "lgb": [
          -3.9970054626464844,
          -2.230478286743164,
          -2.960796356201172
        ]
      },
      "landmarks_global": {
        "mb": [
          1.8440742492675781,
          0.9837760925292969,
          4.229769706726074
        ],
        "db": [
          4.181766510009766,
          0.5013465881347656,
          -1.7054710388183594
        ],
        "ml": [
          -6.229743957519531,
          -0.7341508865356445,
          2.8556432723999023
        ],
        "dl": [
          -3.3062915802001953,
          -1.7776451110839844,
          -4.054922103881836
        ],
        "bg": [
          1.9278087615966797,
          3.575413227081299,
          3.9435834884643555
        ],
        "m": [
          -6.229743957519531,
          -0.7341508865356445,
          2.8556432723999023
        ],
        "mr": [
          -4.448266983032227,
          -0.0018777847290039062,
          3.964876174926758
        ],
        "dr": [
          -3.414064407348633,
          -1.8378753662109375,
          -3.956754684448242
        ],
        "mc": [
          -4.448266983032227,
          -0.0018777847290039062,
          3.964876174926758
        ],
        "dc": [
          -0.30001068115234375,
          -0.5974292755126953,
          -5.861583709716797
        ],
        "bgb": [
          3.6478805541992188,
          4.7275190353393555,
          -0.1421184539794922
        ],
        "lgb": [
          -3.9970054626464844,
          -2.230478286743164,
          -2.960796356201172
        ]
      },
      "indices": {
        "mb": 582,
        "db": 890,
        "ml": 376,
        "dl": 2953,
        "bg": 2481,
        "m": 376,
        "mr": 1359,
        "dr": 246,
        "mc": 1359,
        "dc": 2199,
        "bgb": 562,
        "lgb": 351
      },
      "scores": {
        "mb": 0.7198876738548279,
        "db": 0.8732610940933228,
        "ml": 0.3379889130592346,
        "dl": 0.5655200481414795,
        "bg": 0.4649026095867157,
        "m": 0.5391426682472229,
        "mr": 0.3581916093826294,
        "dr": 0.4623270332813263,
        "mc": 0.32228443026542664,
        "dc": 0.7360371351242065,
        "bgb": 0.73008793592453,
        "lgb": 0.17694750428199768
      },
      "top1": {
        "mb": 0.7198876738548279,
        "db": 0.8732610940933228,
        "ml": 0.3379889130592346,
        "dl": 0.5655200481414795,
        "bg": 0.4649026095867157,
        "m": 0.5391426682472229,
        "mr": 0.3581916093826294,
        "dr": 0.4623270332813263,
        "mc": 0.32228443026542664,
        "dc": 0.7360371351242065,
        "bgb": 0.73008793592453,
        "lgb": 0.17694750428199768
      },
      "peak_scores": {
        "mb": 0.7198876738548279,
        "db": 0.8732610940933228,
        "ml": 0.3379889130592346,
        "dl": 0.5655200481414795,
        "bg": 0.4649026095867157,
        "m": 0.5391426682472229,
        "mr": 0.3581916093826294,
        "dr": 0.4623270332813263,
        "mc": 0.32228443026542664,
        "dc": 0.7360371351242065,
        "bgb": 0.73008793592453,
        "lgb": 0.17694750428199768
      },
      "top2": {
        "mb": 0.7198491096496582,
        "db": 0.8732430934906006,
        "ml": 0.3376099765300751,
        "dl": 0.5651921033859253,
        "bg": 0.4646066129207611,
        "m": 0.5390375256538391,
        "mr": 0.3572348654270172,
        "dr": 0.46147477626800537,
        "mc": 0.32203343510627747,
        "dc": 0.7356235384941101,
        "bgb": 0.7296996116638184,
        "lgb": 0.17615906894207
      },
      "second_scores": {
        "mb": 0.7198491096496582,
        "db": 0.8732430934906006,
        "ml": 0.3376099765300751,
        "dl": 0.5651921033859253,
        "bg": 0.4646066129207611,
        "m": 0.5390375256538391,
        "mr": 0.3572348654270172,
        "dr": 0.46147477626800537,
        "mc": 0.32203343510627747,
        "dc": 0.7356235384941101,
        "bgb": 0.7296996116638184,
        "lgb": 0.17615906894207
      },
      "margin": {
        "mb": 3.8564205169677734e-05,
        "db": 1.800060272216797e-05,
        "ml": 0.0003789365291595459,
        "dl": 0.0003279447555541992,
        "bg": 0.00029599666595458984,
        "m": 0.00010514259338378906,
        "mr": 0.0009567439556121826,
        "dr": 0.0008522570133209229,
        "mc": 0.0002509951591491699,
        "dc": 0.00041359663009643555,
        "bgb": 0.0003883242607116699,
        "lgb": 0.0007884353399276733
      },
      "meta": {
        "case_id": "103",
        "arch": "U",
        "fdi": 27,
        "tooth_id": 14,
        "sigma_mm": 5.0,
        "unit": "mm"
      }
    }
  },
  "meta": {
    "root": "C:\\MISC\\Deepcare\\Orthodontics\\datasets\\landmarks_dataset\\cooked\\p0\\samples"
  }
}