{
  "predictions": {
    "t27": {
      "landmarks_local": {
        "mb": [
          1.2957000732421875,
          0.15384197235107422,
          4.169310092926025
        ],
        "db": [
          3.5616378784179688,
          1.2452116012573242,
          -3.940993309020996
        ],
        "ml": [
          -5.025869369506836,
          -1.1372299194335938,
          0.4652872085571289
        ],
        "dl": [
          -4.710151672363281,
          -2.164775848388672,
          -1.114333152770996
        ],
        "bg": [
          2.8996009826660156,
          4.28233528137207,
          3.5967321395874023
        ],
        "m": [
          -6.092460632324219,
          0.6321935653686523,
          0.518702507019043
        ],
        "mr": [
          -1.3887004852294922,
          0.917933464050293,
          4.307126998901367
        ],
        "dr": [
          -4.757795333862305,
          -1.0624580383300781,
          -3.223583221435547
        ],
        "mc": [
          0.4443168640136719,
          2.40659236907959,
          4.8791680335998535
        ],
        "dc": [
          -2.202564239501953,
          -0.7934684753417969,
          -4.613641738891602
        ],
        "bgb": [
          4.548627853393555,
          4.813478469848633,
          0.6897430419921875
        ],
        "lgb": [
          -5.184680938720703,
          -1.4557123184204102,
          -1.7335901260375977
        ]
      },
      "landmarks_global": {
        "mb": [
          1.2957000732421875,
          0.15384197235107422,
          4.169310092926025
        ],
        "db": [
          3.5616378784179688,
          1.2452116012573242,
          -3.940993309020996
        ],
        "ml": [
          -5.025869369506836,
          -1.1372299194335938,
          0.4652872085571289
        ],
        "dl": [
          -4.710151672363281,
          -2.164775848388672,
          -1.114333152770996
        ],
        "bg": [
          2.8996009826660156,
          4.28233528137207,
          3.5967321395874023
        ],
        "m": [
          -6.092460632324219,
          0.6321935653686523,
          0.518702507019043
        ],
        "mr": [
          -1.3887004852294922,
          0.917933464050293,
          4.307126998901367
        ],
        "dr": [
          -4.757795333862305,
          -1.0624580383300781,
          -3.223583221435547
        ],
        "mc": [
          0.4443168640136719,
          2.40659236907959,
          4.8791680335998535
        ],
        "dc": [
          -2.202564239501953,
          -0.7934684753417969,
          -4.613641738891602
        ],
        "bgb": [
          4.548627853393555,
          4.813478469848633,
          0.6897430419921875
        ],
        "lgb": [
          -5.184680938720703,
          -1.4557123184204102,
          -1.7335901260375977
        ]
      },
      "indices": {
        "mb": 1021,
        "db": 681,
        "ml": 1627,
        "dl": 2076,
        "bg": 103,
        "m": 1239,
        "mr": 20,
        "dr": 1025,
        "mc": 0,
        "dc": 1,
        "bgb": 394,
        "lgb": 2878
      },
      "scores": {
        "mb": 0.7688032388687134,
        "db": 0.8623349070549011,
        "ml": 0.36712130904197693,
        "dl": 0.6041271090507507,
        "bg": 0.4370516240596771,
        "m": 0.49703437089920044,
        "mr": 0.36562129855155945,
        "dr": 0.4262095093727112,
        "mc": 0.3300741910934448,
        "dc": 0.7189896702766418,
        "bgb": 0.6530928015708923,
        "lgb": 0.21310998499393463
      },
      "top1": {
        "mb": 0.7688032388687134,
        "db": 0.8623349070549011,
        "ml": 0.36712130904197693,
        "dl": 0.6041271090507507,
        "bg": 0.4370516240596771,
        "m": 0.49703437089920044,
        "mr": 0.36562129855155945,
        "dr": 0.4262095093727112,
        "mc": 0.3300741910934448,
        "dc": 0.7189896702766418,
        "bgb": 0.6530928015708923,
        "lgb": 0.21310998499393463
      },
      "peak_scores": {
        "mb": 0.7688032388687134,
        "db": 0.8623349070549011,
        "ml": 0.36712130904197693,
        "dl": 0.6041271090507507,
        "bg": 0.4370516240596771,
        "m": 0.49703437089920044,
        "mr": 0.36562129855155945,
        "dr": 0.4262095093727112,
        "mc": 0.3300741910934448,
        "dc": 0.7189896702766418,
        "bgb": 0.6530928015708923,
        "lgb": 0.21310998499393463
      },
      "top2": {
        "mb": 0.7687201499938965,
        "db": 0.8620975017547607,
        "ml": 0.36711186170578003,
        "dl": 0.6037396192550659,
        "bg": 0.43545153737068176,
        "m": 0.4957915246486664,
        "mr": 0.36468979716300964,
        "dr": 0.4250836670398712,
        "mc": 0.3294496536254883,
        "dc": 0.7184473872184753,
        "bgb": 0.6530073285102844,
        "lgb": 0.21305038034915924
      },
      "second_scores": {
        "mb": 0.7687201499938965,
        "db": 0.8620975017547607,
        "ml": 0.36711186170578003,
        "dl": 0.6037396192550659,
        "bg": 0.43545153737068176,
        "m": 0.4957915246486664,
        "mr": 0.36468979716300964,
        "dr": 0.4250836670398712,
        "mc": 0.3294496536254883,
        "dc": 0.7184473872184753,
        "bgb": 0.6530073285102844,
        "lgb": 0.21305038034915924
      },
      "margin": {
        "mb": 8.308887481689453e-05,
        "db": 0.00023740530014038086,
        "ml": 9.447336196899414e-06,
        "dl": 0.00038748979568481445,
        "bg": 0.0016000866889953613,
        "m": 0.0012428462505340576,
        "mr": 0.0009315013885498047,
        "dr": 0.0011258423328399658,
        "mc": 0.000624537467956543,
        "dc": 0.0005422830581665039,
        "bgb": 8.547306060791016e-05,
        "lgb": 5.9604644775390625e-05
      },
      "meta": {
        "case_id": "104",
        "arch": "U",
        "fdi": 27,
        "tooth_id": 14,
        "sigma_mm": 5.0,
        "unit": "mm"
      }
    }
  },
  "meta": {
    "root": "C:\\MISC\\Deepcare\\Orthodontics\\datasets\\landmarks_dataset\\cooked\\p0\\samples"
  }
}