{
  "predictions": {
    "t27": {
      "landmarks_local": {
        "mb": [
          2.110738754272461,
          -0.17415904998779297,
          4.26724910736084
        ],
        "db": [
          4.441967010498047,
          1.7756280899047852,
          -2.6724205017089844
        ],
        "ml": [
          -4.276487350463867,
          -1.654092788696289,
          1.184035301208496
        ],
        "dl": [
          -3.5633983612060547,
          -0.7064075469970703,
          -5.560840606689453
        ],
        "bg": [
          1.845632553100586,
          3.0691871643066406,
          4.625484466552734
        ],
        "m": [
          -6.157444000244141,
          1.787332534790039,
          -0.05738639831542969
        ],
        "mr": [
          -4.730997085571289,
          1.8809585571289062,
          2.3320960998535156
        ],
        "dr": [
          -3.4346179962158203,
          -0.6853122711181641,
          -5.712800979614258
        ],
        "mc": [
          -0.09612655639648438,
          2.1939125061035156,
          5.092471122741699
        ],
        "dc": [
          -2.937532424926758,
          -0.5939273834228516,
          -5.917680740356445
        ],
        "bgb": [
          4.291927337646484,
          3.9386396408081055,
          2.1209592819213867
        ],
        "lgb": [
          -4.57307243347168,
          -1.4713249206542969,
          -1.2704391479492188
        ]
      },
      "landmarks_global": {
        "mb": [
          2.110738754272461,
          -0.17415904998779297,
          4.26724910736084
        ],
        "db": [
          4.441967010498047,
          1.7756280899047852,
          -2.6724205017089844
        ],
        "ml": [
          -4.276487350463867,
          -1.654092788696289,
          1.184035301208496
        ],
        "dl": [
          -3.5633983612060547,
          -0.7064075469970703,
          -5.560840606689453
        ],
        "bg": [
          1.845632553100586,
          3.0691871643066406,
          4.625484466552734
        ],
        "m": [
          -6.157444000244141,
          1.787332534790039,
          -0.05738639831542969
        ],
        "mr": [
          -4.730997085571289,
          1.8809585571289062,
          2.3320960998535156
        ],
        "dr": [
          -3.4346179962158203,
          -0.6853122711181641,
          -5.712800979614258
        ],
        "mc": [
          -0.09612655639648438,
          2.1939125061035156,
          5.092471122741699
        ],
        "dc": [
          -2.937532424926758,
          -0.5939273834228516,
          -5.917680740356445
        ],
        "bgb": [
          4.291927337646484,
          3.9386396408081055,
          2.1209592819213867
        ],
        "lgb": [
          -4.57307243347168,
          -1.4713249206542969,
          -1.2704391479492188
        ]
      },
      "indices": {
        "mb": 1317,
        "db": 489,
        "ml": 1601,
        "dl": 2006,
        "bg": 2945,
        "m": 0,
        "mr": 33,
        "dr": 190,
        "mc": 715,
        "dc": 2083,
        "bgb": 9,
        "lgb": 1430
      },
      "scores": {
        "mb": 0.7455297112464905,
        "db": 0.8676869869232178,
        "ml": 0.33242422342300415,
        "dl": 0.6042484045028687,
        "bg": 0.42339926958084106,
        "m": 0.5206678509712219,
        "mr": 0.3833923637866974,
        "dr": 0.4610981345176697,
        "mc": 0.31460854411125183,
        "dc": 0.7436004877090454,
        "bgb": 0.6566087603569031,
        "lgb": 0.1877211034297943
      },
      "top1": {
        "mb": 0.7455297112464905,
        "db": 0.8676869869232178,
        "ml": 0.33242422342300415,
        "dl": 0.6042484045028687,
        "bg": 0.42339926958084106,
        "m": 0.5206678509712219,
        "mr": 0.3833923637866974,
        "dr": 0.4610981345176697,
        "mc": 0.31460854411125183,
        "dc": 0.7436004877090454,
        "bgb": 0.6566087603569031,
        "lgb": 0.1877211034297943
      },
      "peak_scores": {
        "mb": 0.7455297112464905,
        "db": 0.8676869869232178,
        "ml": 0.33242422342300415,
        "dl": 0.6042484045028687,
        "bg": 0.42339926958084106,
        "m": 0.5206678509712219,
        "mr": 0.3833923637866974,
        "dr": 0.4610981345176697,
        "mc": 0.31460854411125183,
        "dc": 0.7436004877090454,
        "bgb": 0.6566087603569031,
        "lgb": 0.1877211034297943
      },
      "top2": {
        "mb": 0.7454608678817749,
        "db": 0.8673537969589233,
        "ml": 0.3323945105075836,
        "dl": 0.6038740873336792,
        "bg": 0.42318275570869446,
        "m": 0.5186735391616821,
        "mr": 0.38111984729766846,
        "dr": 0.4602769911289215,
        "mc": 0.3145657479763031,
        "dc": 0.7432493567466736,
        "bgb": 0.6560860276222229,
        "lgb": 0.18734270334243774
      },
      "second_scores": {
        "mb": 0.7454608678817749,
        "db": 0.8673537969589233,
        "ml": 0.3323945105075836,
        "dl": 0.6038740873336792,
        "bg": 0.42318275570869446,
        "m": 0.5186735391616821,
        "mr": 0.38111984729766846,
        "dr": 0.4602769911289215,
        "mc": 0.3145657479763031,
        "dc": 0.7432493567466736,
        "bgb": 0.6560860276222229,
        "lgb": 0.18734270334243774
      },
      "margin": {
        "mb": 6.884336471557617e-05,
        "db": 0.0003331899642944336,
        "ml": 2.9712915420532227e-05,
        "dl": 0.0003743171691894531,
        "bg": 0.00021651387214660645,
        "m": 0.001994311809539795,
        "mr": 0.0022725164890289307,
        "dr": 0.0008211433887481689,
        "mc": 4.279613494873047e-05,
        "dc": 0.00035113096237182617,
        "bgb": 0.0005227327346801758,
        "lgb": 0.0003784000873565674
      },
      "meta": {
        "case_id": "105",
        "arch": "U",
        "fdi": 27,
        "tooth_id": 14,
        "sigma_mm": 5.0,
        "unit": "mm"
      }
    }
  },
  "meta": {
    "root": "C:\\MISC\\Deepcare\\Orthodontics\\datasets\\landmarks_dataset\\cooked\\p0\\samples"
  }
}