{
  "predictions": {
    "t27": {
      "landmarks_local": {
        "mb": [
          2.857145309448242,
          1.168771743774414,
          4.938776969909668
        ],
        "db": [
          4.628889083862305,
          1.9908866882324219,
          -2.401508331298828
        ],
        "ml": [
          -4.409656524658203,
          -2.081594467163086,
          2.048892021179199
        ],
        "dl": [
          -3.357471466064453,
          -0.9140768051147461,
          -5.294740676879883
        ],
        "bg": [
          2.256868362426758,
          2.9013328552246094,
          4.913506507873535
        ],
        "m": [
          -5.946910858154297,
          2.318086624145508,
          1.6565828323364258
        ],
        "mr": [
          -4.824544906616211,
          2.8652267456054688,
          2.5916662216186523
        ],
        "dr": [
          -3.357471466064453,
          -0.9140768051147461,
          -5.294740676879883
        ],
        "mc": [
          -4.824544906616211,
          2.8652267456054688,
          2.5916662216186523
        ],
        "dc": [
          -3.153291702270508,
          -1.0063591003417969,
          -5.35301399230957
        ],
        "bgb": [
          4.288091659545898,
          5.456538677215576,
          0.29540061950683594
        ],
        "lgb": [
          -4.199960708618164,
          -1.9603614807128906,
          -2.276561737060547
        ]
      },
      "landmarks_global": {
        "mb": [
          2.857145309448242,
          1.168771743774414,
          4.938776969909668
        ],
        "db": [
          4.628889083862305,
          1.9908866882324219,
          -2.401508331298828
        ],
        "ml": [
          -4.409656524658203,
          -2.081594467163086,
          2.048892021179199
        ],
        "dl": [
          -3.357471466064453,
          -0.9140768051147461,
          -5.294740676879883
        ],
        "bg": [
          2.256868362426758,
          2.9013328552246094,
          4.913506507873535
        ],
        "m": [
          -5.946910858154297,
          2.318086624145508,
          1.6565828323364258
        ],
        "mr": [
          -4.824544906616211,
          2.8652267456054688,
          2.5916662216186523
        ],
        "dr": [
          -3.357471466064453,
          -0.9140768051147461,
          -5.294740676879883
        ],
        "mc": [
          -4.824544906616211,
          2.8652267456054688,
          2.5916662216186523
        ],
        "dc": [
          -3.153291702270508,
          -1.0063591003417969,
          -5.35301399230957
        ],
        "bgb": [
          4.288091659545898,
          5.456538677215576,
          0.29540061950683594
        ],
        "lgb": [
          -4.199960708618164,
          -1.9603614807128906,
          -2.276561737060547
        ]
      },
      "indices": {
        "mb": 37,
        "db": 1968,
        "ml": 2160,
        "dl": 2530,
        "bg": 1016,
        "m": 1928,
        "mr": 2865,
        "dr": 2530,
        "mc": 2865,
        "dc": 108,
        "bgb": 1294,
        "lgb": 1718
      },
      "scores": {
        "mb": 0.7438837885856628,
        "db": 0.8790270686149597,
        "ml": 0.3536267578601837,
        "dl": 0.6033344864845276,
        "bg": 0.4448859691619873,
        "m": 0.552517294883728,
        "mr": 0.3851633369922638,
        "dr": 0.4844600558280945,
        "mc": 0.3355017602443695,
        "dc": 0.7489489912986755,
        "bgb": 0.7158525586128235,
        "lgb": 0.19032104313373566
      },
      "top1": {
        "mb": 0.7438837885856628,
        "db": 0.8790270686149597,
        "ml": 0.3536267578601837,
        "dl": 0.6033344864845276,
        "bg": 0.4448859691619873,
        "m": 0.552517294883728,
        "mr": 0.3851633369922638,
        "dr": 0.4844600558280945,
        "mc": 0.3355017602443695,
        "dc": 0.7489489912986755,
        "bgb": 0.7158525586128235,
        "lgb": 0.19032104313373566
      },
      "peak_scores": {
        "mb": 0.7438837885856628,
        "db": 0.8790270686149597,
        "ml": 0.3536267578601837,
        "dl": 0.6033344864845276,
        "bg": 0.4448859691619873,
        "m": 0.552517294883728,
        "mr": 0.3851633369922638,
        "dr": 0.4844600558280945,
        "mc": 0.3355017602443695,
        "dc": 0.7489489912986755,
        "bgb": 0.7158525586128235,
        "lgb": 0.19032104313373566
      },
      "top2": {
        "mb": 0.7436648607254028,
        "db": 0.8789367079734802,
        "ml": 0.353378027677536,
        "dl": 0.6032838821411133,
        "bg": 0.4438384175300598,
        "m": 0.5524607300758362,
        "mr": 0.38400328159332275,
        "dr": 0.4842790961265564,
        "mc": 0.3354429304599762,
        "dc": 0.7486076354980469,
        "bgb": 0.7132257223129272,
        "lgb": 0.1899930089712143
      },
      "second_scores": {
        "mb": 0.7436648607254028,
        "db": 0.8789367079734802,
        "ml": 0.353378027677536,
        "dl": 0.6032838821411133,
        "bg": 0.4438384175300598,
        "m": 0.5524607300758362,
        "mr": 0.38400328159332275,
        "dr": 0.4842790961265564,
        "mc": 0.3354429304599762,
        "dc": 0.7486076354980469,
        "bgb": 0.7132257223129272,
        "lgb": 0.1899930089712143
      },
      "margin": {
        "mb": 0.00021892786026000977,
        "db": 9.036064147949219e-05,
        "ml": 0.0002487301826477051,
        "dl": 5.060434341430664e-05,
        "bg": 0.0010475516319274902,
        "m": 5.65648078918457e-05,
        "mr": 0.00116005539894104,
        "dr": 0.00018095970153808594,
        "mc": 5.882978439331055e-05,
        "dc": 0.0003413558006286621,
        "bgb": 0.0026268362998962402,
        "lgb": 0.0003280341625213623
      },
      "meta": {
        "case_id": "106",
        "arch": "U",
        "fdi": 27,
        "tooth_id": 14,
        "sigma_mm": 5.0,
        "unit": "mm"
      }
    }
  },
  "meta": {
    "root": "C:\\MISC\\Deepcare\\Orthodontics\\datasets\\landmarks_dataset\\cooked\\p0\\samples"
  }
}