{
  "predictions": {
    "t27": {
      "landmarks_local": {
        "mb": [
          2.4584922790527344,
          0.8416748046875,
          4.45827579498291
        ],
        "db": [
          3.909616470336914,
          1.3614778518676758,
          -4.240381240844727
        ],
        "ml": [
          -4.616655349731445,
          -2.0827102661132812,
          0.6768054962158203
        ],
        "dl": [
          -3.3873119354248047,
          -1.8462886810302734,
          -5.088445663452148
        ],
        "bg": [
          0.8047904968261719,
          3.318108558654785,
          5.190230369567871
        ],
        "m": [
          -6.204038619995117,
          1.3374404907226562,
          1.7104692459106445
        ],
        "mr": [
          -0.1407451629638672,
          2.7036848068237305,
          5.333399772644043
        ],
        "dr": [
          -2.351835250854492,
          -1.9270687103271484,
          -6.0235595703125
        ],
        "mc": [
          0.6131553649902344,
          3.207430839538574,
          5.252501487731934
        ],
        "dc": [
          -1.6760616302490234,
          -1.7378177642822266,
          -6.298074722290039
        ],
        "bgb": [
          4.308259963989258,
          4.034102439880371,
          0.7627468109130859
        ],
        "lgb": [
          -5.513797760009766,
          -1.1432132720947266,
          0.18865013122558594
        ]
      },
      "landmarks_global": {
        "mb": [
          2.4584922790527344,
          0.8416748046875,
          4.45827579498291
        ],
        "db": [
          3.909616470336914,
          1.3614778518676758,
          -4.240381240844727
        ],
        "ml": [
          -4.616655349731445,
          -2.0827102661132812,
          0.6768054962158203
        ],
        "dl": [
          -3.3873119354248047,
          -1.8462886810302734,
          -5.088445663452148
        ],
        "bg": [
          0.8047904968261719,
          3.318108558654785,
          5.190230369567871
        ],
        "m": [
          -6.204038619995117,
          1.3374404907226562,
          1.7104692459106445
        ],
        "mr": [
          -0.1407451629638672,
          2.7036848068237305,
          5.333399772644043
        ],
        "dr": [
          -2.351835250854492,
          -1.9270687103271484,
          -6.0235595703125
        ],
        "mc": [
          0.6131553649902344,
          3.207430839538574,
          5.252501487731934
        ],
        "dc": [
          -1.6760616302490234,
          -1.7378177642822266,
          -6.298074722290039
        ],
        "bgb": [
          4.308259963989258,
          4.034102439880371,
          0.7627468109130859
        ],
        "lgb": [
          -5.513797760009766,
          -1.1432132720947266,
          0.18865013122558594
        ]
      },
      "indices": {
        "mb": 2403,
        "db": 382,
        "ml": 787,
        "dl": 1142,
        "bg": 678,
        "m": 496,
        "mr": 2014,
        "dr": 1,
        "mc": 1619,
        "dc": 911,
        "bgb": 1659,
        "lgb": 970
      },
      "scores": {
        "mb": 0.7457947134971619,
        "db": 0.8614989519119263,
        "ml": 0.351045161485672,
        "dl": 0.6534960865974426,
        "bg": 0.3944303095340729,
        "m": 0.5294811725616455,
        "mr": 0.3926352560520172,
        "dr": 0.46729567646980286,
        "mc": 0.3209625482559204,
        "dc": 0.7511738538742065,
        "bgb": 0.6318721175193787,
        "lgb": 0.2101869434118271
      },
      "top1": {
        "mb": 0.7457947134971619,
        "db": 0.8614989519119263,
        "ml": 0.351045161485672,
        "dl": 0.6534960865974426,
        "bg": 0.3944303095340729,
        "m": 0.5294811725616455,
        "mr": 0.3926352560520172,
        "dr": 0.46729567646980286,
        "mc": 0.3209625482559204,
        "dc": 0.7511738538742065,
        "bgb": 0.6318721175193787,
        "lgb": 0.2101869434118271
      },
      "peak_scores": {
        "mb": 0.7457947134971619,
        "db": 0.8614989519119263,
        "ml": 0.351045161485672,
        "dl": 0.6534960865974426,
        "bg": 0.3944303095340729,
        "m": 0.5294811725616455,
        "mr": 0.3926352560520172,
        "dr": 0.46729567646980286,
        "mc": 0.3209625482559204,
        "dc": 0.7511738538742065,
        "bgb": 0.6318721175193787,
        "lgb": 0.2101869434118271
      },
      "top2": {
        "mb": 0.7455973029136658,
        "db": 0.8614311814308167,
        "ml": 0.3508950471878052,
        "dl": 0.6532593369483948,
        "bg": 0.39404240250587463,
        "m": 0.5275007486343384,
        "mr": 0.3913705348968506,
        "dr": 0.46673882007598877,
        "mc": 0.3206956684589386,
        "dc": 0.7505491375923157,
        "bgb": 0.6303952932357788,
        "lgb": 0.20991556346416473
      },
      "second_scores": {
        "mb": 0.7455973029136658,
        "db": 0.8614311814308167,
        "ml": 0.3508950471878052,
        "dl": 0.6532593369483948,
        "bg": 0.39404240250587463,
        "m": 0.5275007486343384,
        "mr": 0.3913705348968506,
        "dr": 0.46673882007598877,
        "mc": 0.3206956684589386,
        "dc": 0.7505491375923157,
        "bgb": 0.6303952932357788,
        "lgb": 0.20991556346416473
      },
      "margin": {
        "mb": 0.00019741058349609375,
        "db": 6.777048110961914e-05,
        "ml": 0.0001501142978668213,
        "dl": 0.00023674964904785156,
        "bg": 0.0003879070281982422,
        "m": 0.001980423927307129,
        "mr": 0.001264721155166626,
        "dr": 0.0005568563938140869,
        "mc": 0.0002668797969818115,
        "dc": 0.0006247162818908691,
        "bgb": 0.0014768242835998535,
        "lgb": 0.0002713799476623535
      },
      "meta": {
        "case_id": "107",
        "arch": "U",
        "fdi": 27,
        "tooth_id": 14,
        "sigma_mm": 5.0,
        "unit": "mm"
      }
    }
  },
  "meta": {
    "root": "C:\\MISC\\Deepcare\\Orthodontics\\datasets\\landmarks_dataset\\cooked\\p0\\samples"
  }
}