{
  "predictions": {
    "t27": {
      "landmarks_local": {
        "mb": [
          -1.326406478881836,
          -3.639439582824707,
          -0.8685226440429688
        ],
        "db": [
          2.4243946075439453,
          -4.569169521331787,
          -1.2875890731811523
        ],
        "ml": [
          -3.8589305877685547,
          -3.42372465133667,
          0.6385765075683594
        ],
        "dl": [
          0.5834197998046875,
          -5.729907512664795,
          -0.47055816650390625
        ],
        "bg": [
          2.345010757446289,
          -4.491481304168701,
          -1.5460233688354492
        ],
        "m": [
          -6.423088073730469,
          -0.4354438781738281,
          1.357309341430664
        ],
        "mr": [
          -5.279651641845703,
          -2.520796775817871,
          1.2499427795410156
        ],
        "dr": [
          -0.1652393341064453,
          -5.350354194641113,
          -0.8177909851074219
        ],
        "mc": [
          -5.279651641845703,
          -2.520796775817871,
          1.2499427795410156
        ],
        "dc": [
          -0.5846500396728516,
          -5.105837821960449,
          -0.9460582733154297
        ],
        "bgb": [
          3.2175121307373047,
          0.3502931594848633,
          -1.0029220581054688
        ],
        "lgb": [
          0.5834197998046875,
          -5.729907512664795,
          -0.47055816650390625
        ]
      },
      "landmarks_global": {
        "mb": [
          -1.326406478881836,
          -3.639439582824707,
          -0.8685226440429688
        ],
        "db": [
          2.4243946075439453,
          -4.569169521331787,
          -1.2875890731811523
        ],
        "ml": [
          -3.8589305877685547,
          -3.42372465133667,
          0.6385765075683594
        ],
        "dl": [
          0.5834197998046875,
          -5.729907512664795,
          -0.47055816650390625
        ],
        "bg": [
          2.345010757446289,
          -4.491481304168701,
          -1.5460233688354492
        ],
        "m": [
          -6.423088073730469,
          -0.4354438781738281,
          1.357309341430664
        ],
        "mr": [
          -5.279651641845703,
          -2.520796775817871,
          1.2499427795410156
        ],
        "dr": [
          -0.1652393341064453,
          -5.350354194641113,
          -0.8177909851074219
        ],
        "mc": [
          -5.279651641845703,
          -2.520796775817871,
          1.2499427795410156
        ],
        "dc": [
          -0.5846500396728516,
          -5.105837821960449,
          -0.9460582733154297
        ],
        "bgb": [
          3.2175121307373047,
          0.3502931594848633,
          -1.0029220581054688
        ],
        "lgb": [
          0.5834197998046875,
          -5.729907512664795,
          -0.47055816650390625
        ]
      },
      "indices": {
        "mb": 2928,
        "db": 343,
        "ml": 1708,
        "dl": 2692,
        "bg": 2649,
        "m": 2612,
        "mr": 647,
        "dr": 1906,
        "mc": 647,
        "dc": 1045,
        "bgb": 1988,
        "lgb": 2692
      },
      "scores": {
        "mb": 0.812849760055542,
        "db": 0.49945056438446045,
        "ml": 0.45824557542800903,
        "dl": 0.1858765035867691,
        "bg": 0.6100232005119324,
        "m": 0.4298279285430908,
        "mr": 0.34724071621894836,
        "dr": 0.227028951048851,
        "mc": 0.3781939446926117,
        "dc": 0.3061251938343048,
        "bgb": 0.4457383155822754,
        "lgb": 0.09010499715805054
      },
      "top1": {
        "mb": 0.812849760055542,
        "db": 0.49945056438446045,
        "ml": 0.45824557542800903,
        "dl": 0.1858765035867691,
        "bg": 0.6100232005119324,
        "m": 0.4298279285430908,
        "mr": 0.34724071621894836,
        "dr": 0.227028951048851,
        "mc": 0.3781939446926117,
        "dc": 0.3061251938343048,
        "bgb": 0.4457383155822754,
        "lgb": 0.09010499715805054
      },
      "peak_scores": {
        "mb": 0.812849760055542,
        "db": 0.49945056438446045,
        "ml": 0.45824557542800903,
        "dl": 0.1858765035867691,
        "bg": 0.6100232005119324,
        "m": 0.4298279285430908,
        "mr": 0.34724071621894836,
        "dr": 0.227028951048851,
        "mc": 0.3781939446926117,
        "dc": 0.3061251938343048,
        "bgb": 0.4457383155822754,
        "lgb": 0.09010499715805054
      },
      "top2": {
        "mb": 0.8128092885017395,
        "db": 0.499416321516037,
        "ml": 0.45621660351753235,
        "dl": 0.18568892776966095,
        "bg": 0.6090916395187378,
        "m": 0.42942193150520325,
        "mr": 0.34616541862487793,
        "dr": 0.2269219607114792,
        "mc": 0.3763720691204071,
        "dc": 0.30550479888916016,
        "bgb": 0.4455642104148865,
        "lgb": 0.08986148238182068
      },
      "second_scores": {
        "mb": 0.8128092885017395,
        "db": 0.499416321516037,
        "ml": 0.45621660351753235,
        "dl": 0.18568892776966095,
        "bg": 0.6090916395187378,
        "m": 0.42942193150520325,
        "mr": 0.34616541862487793,
        "dr": 0.2269219607114792,
        "mc": 0.3763720691204071,
        "dc": 0.30550479888916016,
        "bgb": 0.4455642104148865,
        "lgb": 0.08986148238182068
      },
      "margin": {
        "mb": 4.0471553802490234e-05,
        "db": 3.4242868423461914e-05,
        "ml": 0.0020289719104766846,
        "dl": 0.0001875758171081543,
        "bg": 0.0009315609931945801,
        "m": 0.00040599703788757324,
        "mr": 0.0010752975940704346,
        "dr": 0.00010699033737182617,
        "mc": 0.0018218755722045898,
        "dc": 0.0006203949451446533,
        "bgb": 0.00017410516738891602,
        "lgb": 0.0002435147762298584
      },
      "meta": {
        "case_id": "108",
        "arch": "U",
        "fdi": 27,
        "tooth_id": 14,
        "sigma_mm": 5.0,
        "unit": "mm"
      }
    }
  },
  "meta": {
    "root": "C:\\MISC\\Deepcare\\Orthodontics\\datasets\\landmarks_dataset\\cooked\\p0\\samples"
  }
}