{
  "predictions": {
    "t27": {
      "landmarks_local": {
        "mb": [
          3.2906322479248047,
          0.9800825119018555,
          4.357610702514648
        ],
        "db": [
          3.459033966064453,
          3.8549442291259766,
          -3.9315032958984375
        ],
        "ml": [
          -4.540996551513672,
          -2.1407899856567383,
          2.02687931060791
        ],
        "dl": [
          -3.794984817504883,
          -3.385087013244629,
          -3.217885971069336
        ],
        "bg": [
          2.1950950622558594,
          3.838064193725586,
          4.592485427856445
        ],
        "m": [
          -6.693271636962891,
          2.5905818939208984,
          -0.04218864440917969
        ],
        "mr": [
          1.3714447021484375,
          4.370257377624512,
          4.639768600463867
        ],
        "dr": [
          -4.921024322509766,
          -0.6253376007080078,
          -5.365577697753906
        ],
        "mc": [
          1.3714447021484375,
          4.370257377624512,
          4.639768600463867
        ],
        "dc": [
          -4.132793426513672,
          -1.1818714141845703,
          -5.676486968994141
        ],
        "bgb": [
          3.934965133666992,
          6.306545257568359,
          -0.18668270111083984
        ],
        "lgb": [
          -4.489933013916016,
          -2.893710136413574,
          -2.778797149658203
        ]
      },
      "landmarks_global": {
        "mb": [
          3.2906322479248047,
          0.9800825119018555,
          4.357610702514648
        ],
        "db": [
          3.459033966064453,
          3.8549442291259766,
          -3.9315032958984375
        ],
        "ml": [
          -4.540996551513672,
          -2.1407899856567383,
          2.02687931060791
        ],
        "dl": [
          -3.794984817504883,
          -3.385087013244629,
          -3.217885971069336
        ],
        "bg": [
          2.1950950622558594,
          3.838064193725586,
          4.592485427856445
        ],
        "m": [
          -6.693271636962891,
          2.5905818939208984,
          -0.04218864440917969
        ],
        "mr": [
          1.3714447021484375,
          4.370257377624512,
          4.639768600463867
        ],
        "dr": [
          -4.921024322509766,
          -0.6253376007080078,
          -5.365577697753906
        ],
        "mc": [
          1.3714447021484375,
          4.370257377624512,
          4.639768600463867
        ],
        "dc": [
          -4.132793426513672,
          -1.1818714141845703,
          -5.676486968994141
        ],
        "bgb": [
          3.934965133666992,
          6.306545257568359,
          -0.18668270111083984
        ],
        "lgb": [
          -4.489933013916016,
          -2.893710136413574,
          -2.778797149658203
        ]
      },
      "indices": {
        "mb": 2238,
        "db": 2870,
        "ml": 2145,
        "dl": 1294,
        "bg": 2642,
        "m": 569,
        "mr": 1043,
        "dr": 1353,
        "mc": 1043,
        "dc": 2810,
        "bgb": 592,
        "lgb": 1344
      },
      "scores": {
        "mb": 0.7505123615264893,
        "db": 0.8665269017219543,
        "ml": 0.3814057409763336,
        "dl": 0.6329561471939087,
        "bg": 0.41509896516799927,
        "m": 0.5457905530929565,
        "mr": 0.37465420365333557,
        "dr": 0.4869590997695923,
        "mc": 0.3404199481010437,
        "dc": 0.7528830766677856,
        "bgb": 0.6937968730926514,
        "lgb": 0.2189827412366867
      },
      "top1": {
        "mb": 0.7505123615264893,
        "db": 0.8665269017219543,
        "ml": 0.3814057409763336,
        "dl": 0.6329561471939087,
        "bg": 0.41509896516799927,
        "m": 0.5457905530929565,
        "mr": 0.37465420365333557,
        "dr": 0.4869590997695923,
        "mc": 0.3404199481010437,
        "dc": 0.7528830766677856,
        "bgb": 0.6937968730926514,
        "lgb": 0.2189827412366867
      },
      "peak_scores": {
        "mb": 0.7505123615264893,
        "db": 0.8665269017219543,
        "ml": 0.3814057409763336,
        "dl": 0.6329561471939087,
        "bg": 0.41509896516799927,
        "m": 0.5457905530929565,
        "mr": 0.37465420365333557,
        "dr": 0.4869590997695923,
        "mc": 0.3404199481010437,
        "dc": 0.7528830766677856,
        "bgb": 0.6937968730926514,
        "lgb": 0.2189827412366867
      },
      "top2": {
        "mb": 0.7504332065582275,
        "db": 0.866425096988678,
        "ml": 0.3813062310218811,
        "dl": 0.6328889727592468,
        "bg": 0.41492152214050293,
        "m": 0.5442918539047241,
        "mr": 0.37387967109680176,
        "dr": 0.48655667901039124,
        "mc": 0.34033045172691345,
        "dc": 0.7526086568832397,
        "bgb": 0.6932939887046814,
        "lgb": 0.2187233716249466
      },
      "second_scores": {
        "mb": 0.7504332065582275,
        "db": 0.866425096988678,
        "ml": 0.3813062310218811,
        "dl": 0.6328889727592468,
        "bg": 0.41492152214050293,
        "m": 0.5442918539047241,
        "mr": 0.37387967109680176,
        "dr": 0.48655667901039124,
        "mc": 0.34033045172691345,
        "dc": 0.7526086568832397,
        "bgb": 0.6932939887046814,
        "lgb": 0.2187233716249466
      },
      "margin": {
        "mb": 7.915496826171875e-05,
        "db": 0.00010180473327636719,
        "ml": 9.950995445251465e-05,
        "dl": 6.717443466186523e-05,
        "bg": 0.0001774430274963379,
        "m": 0.0014986991882324219,
        "mr": 0.0007745325565338135,
        "dr": 0.0004024207592010498,
        "mc": 8.949637413024902e-05,
        "dc": 0.00027441978454589844,
        "bgb": 0.0005028843879699707,
        "lgb": 0.0002593696117401123
      },
      "meta": {
        "case_id": "109",
        "arch": "U",
        "fdi": 27,
        "tooth_id": 14,
        "sigma_mm": 5.0,
        "unit": "mm"
      }
    }
  },
  "meta": {
    "root": "C:\\MISC\\Deepcare\\Orthodontics\\datasets\\landmarks_dataset\\cooked\\p0\\samples"
  }
}