{
  "predictions": {
    "t27": {
      "landmarks_local": {
        "mb": [
          5.426399230957031,
          -1.7318239212036133,
          -3.6352806091308594
        ],
        "db": [
          3.8499326705932617,
          -0.4120349884033203,
          -6.282741546630859
        ],
        "ml": [
          -1.9332332611083984,
          -2.0061120986938477,
          -4.120580673217773
        ],
        "dl": [
          4.126043319702148,
          -0.44344615936279297,
          -6.237499237060547
        ],
        "bg": [
          2.214900016784668,
          5.187900543212891,
          3.9711475372314453
        ],
        "m": [
          -1.9083070755004883,
          2.0522327423095703,
          -5.177480697631836
        ],
        "mr": [
          1.1684255599975586,
          4.485645294189453,
          4.085981369018555
        ],
        "dr": [
          2.176032066345215,
          0.6793136596679688,
          -7.066181182861328
        ],
        "mc": [
          -2.752011299133301,
          -1.2823209762573242,
          -4.116893768310547
        ],
        "dc": [
          1.2960195541381836,
          -0.8221511840820312,
          -5.974187850952148
        ],
        "bgb": [
          3.0286645889282227,
          3.548489570617676,
          4.083677291870117
        ],
        "lgb": [
          -2.9277448654174805,
          0.3809633255004883,
          -4.543788909912109
        ]
      },
      "landmarks_global": {
        "mb": [
          5.426399230957031,
          -1.7318239212036133,
          -3.6352806091308594
        ],
        "db": [
          3.8499326705932617,
          -0.4120349884033203,
          -6.282741546630859
        ],
        "ml": [
          -1.9332332611083984,
          -2.0061120986938477,
          -4.120580673217773
        ],
        "dl": [
          4.126043319702148,
          -0.44344615936279297,
          -6.237499237060547
        ],
        "bg": [
          2.214900016784668,
          5.187900543212891,
          3.9711475372314453
        ],
        "m": [
          -1.9083070755004883,
          2.0522327423095703,
          -5.177480697631836
        ],
        "mr": [
          1.1684255599975586,
          4.485645294189453,
          4.085981369018555
        ],
        "dr": [
          2.176032066345215,
          0.6793136596679688,
          -7.066181182861328
        ],
        "mc": [
          -2.752011299133301,
          -1.2823209762573242,
          -4.116893768310547
        ],
        "dc": [
          1.2960195541381836,
          -0.8221511840820312,
          -5.974187850952148
        ],
        "bgb": [
          3.0286645889282227,
          3.548489570617676,
          4.083677291870117
        ],
        "lgb": [
          -2.9277448654174805,
          0.3809633255004883,
          -4.543788909912109
        ]
      },
      "indices": {
        "mb": 54,
        "db": 1603,
        "ml": 697,
        "dl": 127,
        "bg": 183,
        "m": 422,
        "mr": 1858,
        "dr": 2689,
        "mc": 878,
        "dc": 431,
        "bgb": 114,
        "lgb": 842
      },
      "scores": {
        "mb": 0.8009986877441406,
        "db": 0.3516262173652649,
        "ml": 0.4915861487388611,
        "dl": 0.19490456581115723,
        "bg": 0.38568809628486633,
        "m": 0.4340938329696655,
        "mr": 0.4758460521697998,
        "dr": 0.22719956934452057,
        "mc": 0.4723767042160034,
        "dc": 0.3562961518764496,
        "bgb": 0.39741790294647217,
        "lgb": 0.33435454964637756
      },
      "top1": {
        "mb": 0.8009986877441406,
        "db": 0.3516262173652649,
        "ml": 0.4915861487388611,
        "dl": 0.19490456581115723,
        "bg": 0.38568809628486633,
        "m": 0.4340938329696655,
        "mr": 0.4758460521697998,
        "dr": 0.22719956934452057,
        "mc": 0.4723767042160034,
        "dc": 0.3562961518764496,
        "bgb": 0.39741790294647217,
        "lgb": 0.33435454964637756
      },
      "peak_scores": {
        "mb": 0.8009986877441406,
        "db": 0.3516262173652649,
        "ml": 0.4915861487388611,
        "dl": 0.19490456581115723,
        "bg": 0.38568809628486633,
        "m": 0.4340938329696655,
        "mr": 0.4758460521697998,
        "dr": 0.22719956934452057,
        "mc": 0.4723767042160034,
        "dc": 0.3562961518764496,
        "bgb": 0.39741790294647217,
        "lgb": 0.33435454964637756
      },
      "top2": {
        "mb": 0.8006973266601562,
        "db": 0.35062068700790405,
        "ml": 0.4913414716720581,
        "dl": 0.19395031034946442,
        "bg": 0.385312020778656,
        "m": 0.4333823621273041,
        "mr": 0.47493571043014526,
        "dr": 0.22687743604183197,
        "mc": 0.470180869102478,
        "dc": 0.35614386200904846,
        "bgb": 0.39657625555992126,
        "lgb": 0.3334849178791046
      },
      "second_scores": {
        "mb": 0.8006973266601562,
        "db": 0.35062068700790405,
        "ml": 0.4913414716720581,
        "dl": 0.19395031034946442,
        "bg": 0.385312020778656,
        "m": 0.4333823621273041,
        "mr": 0.47493571043014526,
        "dr": 0.22687743604183197,
        "mc": 0.470180869102478,
        "dc": 0.35614386200904846,
        "bgb": 0.39657625555992126,
        "lgb": 0.3334849178791046
      },
      "margin": {
        "mb": 0.000301361083984375,
        "db": 0.0010055303573608398,
        "ml": 0.0002446770668029785,
        "dl": 0.0009542554616928101,
        "bg": 0.00037607550621032715,
        "m": 0.0007114708423614502,
        "mr": 0.000910341739654541,
        "dr": 0.00032213330268859863,
        "mc": 0.0021958351135253906,
        "dc": 0.00015228986740112305,
        "bgb": 0.0008416473865509033,
        "lgb": 0.0008696317672729492
      },
      "meta": {
        "case_id": "110",
        "arch": "U",
        "fdi": 27,
        "tooth_id": 14,
        "sigma_mm": 5.0,
        "unit": "mm"
      }
    }
  },
  "meta": {
    "root": "C:\\MISC\\Deepcare\\Orthodontics\\datasets\\landmarks_dataset\\cooked\\p0\\samples"
  }
}