{
  "predictions": {
    "t27": {
      "landmarks_local": {
        "mb": [
          1.8791446685791016,
          1.162637710571289,
          5.238480567932129
        ],
        "db": [
          4.271728515625,
          0.5869159698486328,
          -4.119063854217529
        ],
        "ml": [
          -5.030399322509766,
          0.9586143493652344,
          1.4471098184585571
        ],
        "dl": [
          -3.9586105346679688,
          -1.098531723022461,
          -4.376962661743164
        ],
        "bg": [
          1.2280750274658203,
          2.855936050415039,
          5.070038795471191
        ],
        "m": [
          -5.931312561035156,
          2.334918975830078,
          -0.7455190420150757
        ],
        "mr": [
          -0.4272785186767578,
          2.515321731567383,
          5.144972324371338
        ],
        "dr": [
          -2.808687210083008,
          -0.015527725219726562,
          -6.472373008728027
        ],
        "mc": [
          -5.030399322509766,
          0.9586143493652344,
          1.4471098184585571
        ],
        "dc": [
          -2.808687210083008,
          -0.015527725219726562,
          -6.472373008728027
        ],
        "bgb": [
          4.973295211791992,
          2.8097057342529297,
          2.1279172897338867
        ],
        "lgb": [
          -5.460084915161133,
          0.2099456787109375,
          -0.7982691526412964
        ]
      },
      "landmarks_global": {
        "mb": [
          1.8791446685791016,
          1.162637710571289,
          5.238480567932129
        ],
        "db": [
          4.271728515625,
          0.5869159698486328,
          -4.119063854217529
        ],
        "ml": [
          -5.030399322509766,
          0.9586143493652344,
          1.4471098184585571
        ],
        "dl": [
          -3.9586105346679688,
          -1.098531723022461,
          -4.376962661743164
        ],
        "bg": [
          1.2280750274658203,
          2.855936050415039,
          5.070038795471191
        ],
        "m": [
          -5.931312561035156,
          2.334918975830078,
          -0.7455190420150757
        ],
        "mr": [
          -0.4272785186767578,
          2.515321731567383,
          5.144972324371338
        ],
        "dr": [
          -2.808687210083008,
          -0.015527725219726562,
          -6.472373008728027
        ],
        "mc": [
          -5.030399322509766,
          0.9586143493652344,
          1.4471098184585571
        ],
        "dc": [
          -2.808687210083008,
          -0.015527725219726562,
          -6.472373008728027
        ],
        "bgb": [
          4.973295211791992,
          2.8097057342529297,
          2.1279172897338867
        ],
        "lgb": [
          -5.460084915161133,
          0.2099456787109375,
          -0.7982691526412964
        ]
      },
      "indices": {
        "mb": 1538,
        "db": 77,
        "ml": 556,
        "dl": 2038,
        "bg": 2150,
        "m": 1066,
        "mr": 2908,
        "dr": 1,
        "mc": 556,
        "dc": 1,
        "bgb": 458,
        "lgb": 944
      },
      "scores": {
        "mb": 0.8207461833953857,
        "db": 0.757517397403717,
        "ml": 0.4694914221763611,
        "dl": 0.7291634678840637,
        "bg": 0.4075113534927368,
        "m": 0.47910815477371216,
        "mr": 0.46213266253471375,
        "dr": 0.3783479332923889,
        "mc": 0.4264748990535736,
        "dc": 0.6776143312454224,
        "bgb": 0.4718360900878906,
        "lgb": 0.29089003801345825
      },
      "top1": {
        "mb": 0.8207461833953857,
        "db": 0.757517397403717,
        "ml": 0.4694914221763611,
        "dl": 0.7291634678840637,
        "bg": 0.4075113534927368,
        "m": 0.47910815477371216,
        "mr": 0.46213266253471375,
        "dr": 0.3783479332923889,
        "mc": 0.4264748990535736,
        "dc": 0.6776143312454224,
        "bgb": 0.4718360900878906,
        "lgb": 0.29089003801345825
      },
      "peak_scores": {
        "mb": 0.8207461833953857,
        "db": 0.757517397403717,
        "ml": 0.4694914221763611,
        "dl": 0.7291634678840637,
        "bg": 0.4075113534927368,
        "m": 0.47910815477371216,
        "mr": 0.46213266253471375,
        "dr": 0.3783479332923889,
        "mc": 0.4264748990535736,
        "dc": 0.6776143312454224,
        "bgb": 0.4718360900878906,
        "lgb": 0.29089003801345825
      },
      "top2": {
        "mb": 0.8206526637077332,
        "db": 0.7574853301048279,
        "ml": 0.46799424290657043,
        "dl": 0.7291208505630493,
        "bg": 0.4074079096317291,
        "m": 0.4788159430027008,
        "mr": 0.4619694650173187,
        "dr": 0.3779942989349365,
        "mc": 0.4256431758403778,
        "dc": 0.676932692527771,
        "bgb": 0.47164690494537354,
        "lgb": 0.29057711362838745
      },
      "second_scores": {
        "mb": 0.8206526637077332,
        "db": 0.7574853301048279,
        "ml": 0.46799424290657043,
        "dl": 0.7291208505630493,
        "bg": 0.4074079096317291,
        "m": 0.4788159430027008,
        "mr": 0.4619694650173187,
        "dr": 0.3779942989349365,
        "mc": 0.4256431758403778,
        "dc": 0.676932692527771,
        "bgb": 0.47164690494537354,
        "lgb": 0.29057711362838745
      },
      "margin": {
        "mb": 9.351968765258789e-05,
        "db": 3.2067298889160156e-05,
        "ml": 0.0014971792697906494,
        "dl": 4.26173210144043e-05,
        "bg": 0.00010344386100769043,
        "m": 0.00029221177101135254,
        "mr": 0.00016319751739501953,
        "dr": 0.0003536343574523926,
        "mc": 0.0008317232131958008,
        "dc": 0.0006816387176513672,
        "bgb": 0.00018918514251708984,
        "lgb": 0.0003129243850708008
      },
      "meta": {
        "case_id": "111",
        "arch": "U",
        "fdi": 27,
        "tooth_id": 14,
        "sigma_mm": 5.0,
        "unit": "mm"
      }
    }
  },
  "meta": {
    "root": "C:\\MISC\\Deepcare\\Orthodontics\\datasets\\landmarks_dataset\\cooked\\p0\\samples"
  }
}