{
  "predictions": {
    "t27": {
      "landmarks_local": {
        "mb": [
          0.6968364715576172,
          0.8935856819152832,
          6.245091438293457
        ],
        "db": [
          3.7089691162109375,
          -0.4594149589538574,
          -2.667814254760742
        ],
        "ml": [
          -5.995111465454102,
          -1.7604985237121582,
          1.6812992095947266
        ],
        "dl": [
          -3.3978633880615234,
          -2.2541146278381348,
          -4.611597061157227
        ],
        "bg": [
          1.4028339385986328,
          3.017042636871338,
          5.658929824829102
        ],
        "m": [
          -7.416231155395508,
          -0.527991771697998,
          0.08468914031982422
        ],
        "mr": [
          -0.09355545043945312,
          2.8715245723724365,
          6.122791290283203
        ],
        "dr": [
          -4.603811264038086,
          -0.7207279205322266,
          -4.982868194580078
        ],
        "mc": [
          -4.511980056762695,
          -0.8903264999389648,
          3.577509880065918
        ],
        "dc": [
          -3.4591197967529297,
          -2.082946300506592,
          -4.726408004760742
        ],
        "bgb": [
          2.9875221252441406,
          6.026897430419922,
          0.9621715545654297
        ],
        "lgb": [
          -5.328210830688477,
          -3.0062966346740723,
          -1.3404693603515625
        ]
      },
      "landmarks_global": {
        "mb": [
          0.6968364715576172,
          0.8935856819152832,
          6.245091438293457
        ],
        "db": [
          3.7089691162109375,
          -0.4594149589538574,
          -2.667814254760742
        ],
        "ml": [
          -5.995111465454102,
          -1.7604985237121582,
          1.6812992095947266
        ],
        "dl": [
          -3.3978633880615234,
          -2.2541146278381348,
          -4.611597061157227
        ],
        "bg": [
          1.4028339385986328,
          3.017042636871338,
          5.658929824829102
        ],
        "m": [
          -7.416231155395508,
          -0.527991771697998,
          0.08468914031982422
        ],
        "mr": [
          -0.09355545043945312,
          2.8715245723724365,
          6.122791290283203
        ],
        "dr": [
          -4.603811264038086,
          -0.7207279205322266,
          -4.982868194580078
        ],
        "mc": [
          -4.511980056762695,
          -0.8903264999389648,
          3.577509880065918
        ],
        "dc": [
          -3.4591197967529297,
          -2.082946300506592,
          -4.726408004760742
        ],
        "bgb": [
          2.9875221252441406,
          6.026897430419922,
          0.9621715545654297
        ],
        "lgb": [
          -5.328210830688477,
          -3.0062966346740723,
          -1.3404693603515625
        ]
      },
      "indices": {
        "mb": 2756,
        "db": 236,
        "ml": 2272,
        "dl": 2629,
        "bg": 2091,
        "m": 197,
        "mr": 402,
        "dr": 175,
        "mc": 126,
        "dc": 687,
        "bgb": 82,
        "lgb": 2622
      },
      "scores": {
        "mb": 0.7618747353553772,
        "db": 0.8741869330406189,
        "ml": 0.3830466866493225,
        "dl": 0.5129485726356506,
        "bg": 0.4992581307888031,
        "m": 0.5583797097206116,
        "mr": 0.37974387407302856,
        "dr": 0.419888973236084,
        "mc": 0.30407312512397766,
        "dc": 0.6907099485397339,
        "bgb": 0.7313276529312134,
        "lgb": 0.2031289041042328
      },
      "top1": {
        "mb": 0.7618747353553772,
        "db": 0.8741869330406189,
        "ml": 0.3830466866493225,
        "dl": 0.5129485726356506,
        "bg": 0.4992581307888031,
        "m": 0.5583797097206116,
        "mr": 0.37974387407302856,
        "dr": 0.419888973236084,
        "mc": 0.30407312512397766,
        "dc": 0.6907099485397339,
        "bgb": 0.7313276529312134,
        "lgb": 0.2031289041042328
      },
      "peak_scores": {
        "mb": 0.7618747353553772,
        "db": 0.8741869330406189,
        "ml": 0.3830466866493225,
        "dl": 0.5129485726356506,
        "bg": 0.4992581307888031,
        "m": 0.5583797097206116,
        "mr": 0.37974387407302856,
        "dr": 0.419888973236084,
        "mc": 0.30407312512397766,
        "dc": 0.6907099485397339,
        "bgb": 0.7313276529312134,
        "lgb": 0.2031289041042328
      },
      "top2": {
        "mb": 0.7616839408874512,
        "db": 0.8741618990898132,
        "ml": 0.3829890787601471,
        "dl": 0.5126162171363831,
        "bg": 0.4988496005535126,
        "m": 0.5577033758163452,
        "mr": 0.37825116515159607,
        "dr": 0.41935575008392334,
        "mc": 0.3037613034248352,
        "dc": 0.6904026865959167,
        "bgb": 0.7305853962898254,
        "lgb": 0.20306169986724854
      },
      "second_scores": {
        "mb": 0.7616839408874512,
        "db": 0.8741618990898132,
        "ml": 0.3829890787601471,
        "dl": 0.5126162171363831,
        "bg": 0.4988496005535126,
        "m": 0.5577033758163452,
        "mr": 0.37825116515159607,
        "dr": 0.41935575008392334,
        "mc": 0.3037613034248352,
        "dc": 0.6904026865959167,
        "bgb": 0.7305853962898254,
        "lgb": 0.20306169986724854
      },
      "margin": {
        "mb": 0.0001907944679260254,
        "db": 2.5033950805664062e-05,
        "ml": 5.760788917541504e-05,
        "dl": 0.0003323554992675781,
        "bg": 0.00040853023529052734,
        "m": 0.0006763339042663574,
        "mr": 0.0014927089214324951,
        "dr": 0.0005332231521606445,
        "mc": 0.00031182169914245605,
        "dc": 0.00030726194381713867,
        "bgb": 0.0007422566413879395,
        "lgb": 6.720423698425293e-05
      },
      "meta": {
        "case_id": "114",
        "arch": "U",
        "fdi": 27,
        "tooth_id": 14,
        "sigma_mm": 5.0,
        "unit": "mm"
      }
    }
  },
  "meta": {
    "root": "C:\\MISC\\Deepcare\\Orthodontics\\datasets\\landmarks_dataset\\cooked\\p0\\samples"
  }
}