{
  "predictions": {
    "t27": {
      "landmarks_local": {
        "mb": [
          1.9867839813232422,
          1.4441909790039062,
          5.44693660736084
        ],
        "db": [
          4.3756256103515625,
          1.5344734191894531,
          -2.423219680786133
        ],
        "ml": [
          -3.895282745361328,
          -2.2417211532592773,
          1.7161989212036133
        ],
        "dl": [
          -3.880746841430664,
          -1.6622352600097656,
          -4.60224723815918
        ],
        "bg": [
          2.450580596923828,
          4.323882579803467,
          4.262450218200684
        ],
        "m": [
          -6.164255142211914,
          1.956308364868164,
          0.4422187805175781
        ],
        "mr": [
          -4.59002685546875,
          2.1034207344055176,
          2.633530616760254
        ],
        "dr": [
          -4.074129104614258,
          -0.33585548400878906,
          -5.47559928894043
        ],
        "mc": [
          -4.59002685546875,
          2.1034207344055176,
          2.633530616760254
        ],
        "dc": [
          -2.4224624633789062,
          -0.7478809356689453,
          -6.181806564331055
        ],
        "bgb": [
          4.378929138183594,
          5.227224826812744,
          1.3499603271484375
        ],
        "lgb": [
          -4.715852737426758,
          -1.58526611328125,
          -3.2871952056884766
        ]
      },
      "landmarks_global": {
        "mb": [
          1.9867839813232422,
          1.4441909790039062,
          5.44693660736084
        ],
        "db": [
          4.3756256103515625,
          1.5344734191894531,
          -2.423219680786133
        ],
        "ml": [
          -3.895282745361328,
          -2.2417211532592773,
          1.7161989212036133
        ],
        "dl": [
          -3.880746841430664,
          -1.6622352600097656,
          -4.60224723815918
        ],
        "bg": [
          2.450580596923828,
          4.323882579803467,
          4.262450218200684
        ],
        "m": [
          -6.164255142211914,
          1.956308364868164,
          0.4422187805175781
        ],
        "mr": [
          -4.59002685546875,
          2.1034207344055176,
          2.633530616760254
        ],
        "dr": [
          -4.074129104614258,
          -0.33585548400878906,
          -5.47559928894043
        ],
        "mc": [
          -4.59002685546875,
          2.1034207344055176,
          2.633530616760254
        ],
        "dc": [
          -2.4224624633789062,
          -0.7478809356689453,
          -6.181806564331055
        ],
        "bgb": [
          4.378929138183594,
          5.227224826812744,
          1.3499603271484375
        ],
        "lgb": [
          -4.715852737426758,
          -1.58526611328125,
          -3.2871952056884766
        ]
      },
      "indices": {
        "mb": 617,
        "db": 2595,
        "ml": 793,
        "dl": 2235,
        "bg": 553,
        "m": 2856,
        "mr": 63,
        "dr": 13,
        "mc": 63,
        "dc": 327,
        "bgb": 1999,
        "lgb": 126
      },
      "scores": {
        "mb": 0.7541330456733704,
        "db": 0.8784971833229065,
        "ml": 0.3588789701461792,
        "dl": 0.5965455770492554,
        "bg": 0.4673082232475281,
        "m": 0.5692844986915588,
        "mr": 0.3895314335823059,
        "dr": 0.4845602810382843,
        "mc": 0.3341636657714844,
        "dc": 0.7461716532707214,
        "bgb": 0.7256813645362854,
        "lgb": 0.1918615847826004
      },
      "top1": {
        "mb": 0.7541330456733704,
        "db": 0.8784971833229065,
        "ml": 0.3588789701461792,
        "dl": 0.5965455770492554,
        "bg": 0.4673082232475281,
        "m": 0.5692844986915588,
        "mr": 0.3895314335823059,
        "dr": 0.4845602810382843,
        "mc": 0.3341636657714844,
        "dc": 0.7461716532707214,
        "bgb": 0.7256813645362854,
        "lgb": 0.1918615847826004
      },
      "peak_scores": {
        "mb": 0.7541330456733704,
        "db": 0.8784971833229065,
        "ml": 0.3588789701461792,
        "dl": 0.5965455770492554,
        "bg": 0.4673082232475281,
        "m": 0.5692844986915588,
        "mr": 0.3895314335823059,
        "dr": 0.4845602810382843,
        "mc": 0.3341636657714844,
        "dc": 0.7461716532707214,
        "bgb": 0.7256813645362854,
        "lgb": 0.1918615847826004
      },
      "top2": {
        "mb": 0.7536832094192505,
        "db": 0.8783393502235413,
        "ml": 0.3587378263473511,
        "dl": 0.5964233875274658,
        "bg": 0.4669701159000397,
        "m": 0.5691701769828796,
        "mr": 0.38793134689331055,
        "dr": 0.4841643273830414,
        "mc": 0.3339011073112488,
        "dc": 0.7460693120956421,
        "bgb": 0.7224628329277039,
        "lgb": 0.1918443739414215
      },
      "second_scores": {
        "mb": 0.7536832094192505,
        "db": 0.8783393502235413,
        "ml": 0.3587378263473511,
        "dl": 0.5964233875274658,
        "bg": 0.4669701159000397,
        "m": 0.5691701769828796,
        "mr": 0.38793134689331055,
        "dr": 0.4841643273830414,
        "mc": 0.3339011073112488,
        "dc": 0.7460693120956421,
        "bgb": 0.7224628329277039,
        "lgb": 0.1918443739414215
      },
      "margin": {
        "mb": 0.00044983625411987305,
        "db": 0.00015783309936523438,
        "ml": 0.000141143798828125,
        "dl": 0.00012218952178955078,
        "bg": 0.0003381073474884033,
        "m": 0.00011432170867919922,
        "mr": 0.0016000866889953613,
        "dr": 0.0003959536552429199,
        "mc": 0.0002625584602355957,
        "dc": 0.0001023411750793457,
        "bgb": 0.003218531608581543,
        "lgb": 1.7210841178894043e-05
      },
      "meta": {
        "case_id": "115",
        "arch": "U",
        "fdi": 27,
        "tooth_id": 14,
        "sigma_mm": 5.0,
        "unit": "mm"
      }
    }
  },
  "meta": {
    "root": "C:\\MISC\\Deepcare\\Orthodontics\\datasets\\landmarks_dataset\\cooked\\p0\\samples"
  }
}