{
  "predictions": {
    "t27": {
      "landmarks_local": {
        "mb": [
          2.235858917236328,
          -0.4941263198852539,
          4.39085578918457
        ],
        "db": [
          3.667684555053711,
          0.5392141342163086,
          -3.1842479705810547
        ],
        "ml": [
          -4.834049224853516,
          -1.647073745727539,
          1.5367507934570312
        ],
        "dl": [
          -3.873903274536133,
          -1.162318229675293,
          -4.488300323486328
        ],
        "bg": [
          2.4264984130859375,
          4.295629024505615,
          3.958340644836426
        ],
        "m": [
          -6.757720947265625,
          0.5563688278198242,
          0.13015270233154297
        ],
        "mr": [
          -5.884304046630859,
          1.0606985092163086,
          2.220810890197754
        ],
        "dr": [
          -3.4009742736816406,
          -0.6654672622680664,
          -5.365802764892578
        ],
        "mc": [
          -5.111125946044922,
          0.984227180480957,
          2.83746337890625
        ],
        "dc": [
          -3.1236534118652344,
          -0.6760082244873047,
          -5.499660491943359
        ],
        "bgb": [
          4.000215530395508,
          5.153101444244385,
          1.4327154159545898
        ],
        "lgb": [
          -4.826377868652344,
          -1.8896617889404297,
          -2.289907455444336
        ]
      },
      "landmarks_global": {
        "mb": [
          2.235858917236328,
          -0.4941263198852539,
          4.39085578918457
        ],
        "db": [
          3.667684555053711,
          0.5392141342163086,
          -3.1842479705810547
        ],
        "ml": [
          -4.834049224853516,
          -1.647073745727539,
          1.5367507934570312
        ],
        "dl": [
          -3.873903274536133,
          -1.162318229675293,
          -4.488300323486328
        ],
        "bg": [
          2.4264984130859375,
          4.295629024505615,
          3.958340644836426
        ],
        "m": [
          -6.757720947265625,
          0.5563688278198242,
          0.13015270233154297
        ],
        "mr": [
          -5.884304046630859,
          1.0606985092163086,
          2.220810890197754
        ],
        "dr": [
          -3.4009742736816406,
          -0.6654672622680664,
          -5.365802764892578
        ],
        "mc": [
          -5.111125946044922,
          0.984227180480957,
          2.83746337890625
        ],
        "dc": [
          -3.1236534118652344,
          -0.6760082244873047,
          -5.499660491943359
        ],
        "bgb": [
          4.000215530395508,
          5.153101444244385,
          1.4327154159545898
        ],
        "lgb": [
          -4.826377868652344,
          -1.8896617889404297,
          -2.289907455444336
        ]
      },
      "indices": {
        "mb": 1315,
        "db": 2264,
        "ml": 291,
        "dl": 2476,
        "bg": 376,
        "m": 55,
        "mr": 1,
        "dr": 81,
        "mc": 647,
        "dc": 1038,
        "bgb": 1406,
        "lgb": 1255
      },
      "scores": {
        "mb": 0.7567947506904602,
        "db": 0.874527096748352,
        "ml": 0.3623071312904358,
        "dl": 0.5499910116195679,
        "bg": 0.46815863251686096,
        "m": 0.5393988490104675,
        "mr": 0.37414321303367615,
        "dr": 0.43485134840011597,
        "mc": 0.3153765797615051,
        "dc": 0.7218770384788513,
        "bgb": 0.7107625603675842,
        "lgb": 0.1976197510957718
      },
      "top1": {
        "mb": 0.7567947506904602,
        "db": 0.874527096748352,
        "ml": 0.3623071312904358,
        "dl": 0.5499910116195679,
        "bg": 0.46815863251686096,
        "m": 0.5393988490104675,
        "mr": 0.37414321303367615,
        "dr": 0.43485134840011597,
        "mc": 0.3153765797615051,
        "dc": 0.7218770384788513,
        "bgb": 0.7107625603675842,
        "lgb": 0.1976197510957718
      },
      "peak_scores": {
        "mb": 0.7567947506904602,
        "db": 0.874527096748352,
        "ml": 0.3623071312904358,
        "dl": 0.5499910116195679,
        "bg": 0.46815863251686096,
        "m": 0.5393988490104675,
        "mr": 0.37414321303367615,
        "dr": 0.43485134840011597,
        "mc": 0.3153765797615051,
        "dc": 0.7218770384788513,
        "bgb": 0.7107625603675842,
        "lgb": 0.1976197510957718
      },
      "top2": {
        "mb": 0.7567343711853027,
        "db": 0.8744567036628723,
        "ml": 0.36224138736724854,
        "dl": 0.5497772693634033,
        "bg": 0.4680206775665283,
        "m": 0.5393372774124146,
        "mr": 0.37353041768074036,
        "dr": 0.4340536594390869,
        "mc": 0.31446388363838196,
        "dc": 0.7218477129936218,
        "bgb": 0.7096526622772217,
        "lgb": 0.196684330701828
      },
      "second_scores": {
        "mb": 0.7567343711853027,
        "db": 0.8744567036628723,
        "ml": 0.36224138736724854,
        "dl": 0.5497772693634033,
        "bg": 0.4680206775665283,
        "m": 0.5393372774124146,
        "mr": 0.37353041768074036,
        "dr": 0.4340536594390869,
        "mc": 0.31446388363838196,
        "dc": 0.7218477129936218,
        "bgb": 0.7096526622772217,
        "lgb": 0.196684330701828
      },
      "margin": {
        "mb": 6.03795051574707e-05,
        "db": 7.039308547973633e-05,
        "ml": 6.574392318725586e-05,
        "dl": 0.00021374225616455078,
        "bg": 0.0001379549503326416,
        "m": 6.157159805297852e-05,
        "mr": 0.000612795352935791,
        "dr": 0.0007976889610290527,
        "mc": 0.0009126961231231689,
        "dc": 2.9325485229492188e-05,
        "bgb": 0.0011098980903625488,
        "lgb": 0.0009354203939437866
      },
      "meta": {
        "case_id": "116",
        "arch": "U",
        "fdi": 27,
        "tooth_id": 14,
        "sigma_mm": 5.0,
        "unit": "mm"
      }
    }
  },
  "meta": {
    "root": "C:\\MISC\\Deepcare\\Orthodontics\\datasets\\landmarks_dataset\\cooked\\p0\\samples"
  }
}