{
  "predictions": {
    "t27": {
      "landmarks_local": {
        "mb": [
          3.053750991821289,
          -0.28961944580078125,
          4.542140960693359
        ],
        "db": [
          3.6953086853027344,
          1.2332534790039062,
          -4.607477188110352
        ],
        "ml": [
          -5.02020263671875,
          -0.7721424102783203,
          1.3870229721069336
        ],
        "dl": [
          -5.145656585693359,
          -1.547201156616211,
          -1.9722175598144531
        ],
        "bg": [
          1.3940315246582031,
          2.978696823120117,
          4.854539394378662
        ],
        "m": [
          -6.092288970947266,
          3.3595104217529297,
          -0.015807151794433594
        ],
        "mr": [
          -4.190792083740234,
          4.405792236328125,
          2.7455387115478516
        ],
        "dr": [
          -4.5536956787109375,
          0.9629268646240234,
          -5.072822570800781
        ],
        "mc": [
          -3.98834228515625,
          1.8848876953125,
          3.862680435180664
        ],
        "dc": [
          -3.8357677459716797,
          0.2154388427734375,
          -5.422422409057617
        ],
        "bgb": [
          5.485136032104492,
          3.9767379760742188,
          0.34247684478759766
        ],
        "lgb": [
          -5.908069610595703,
          -0.516571044921875,
          -0.34542083740234375
        ]
      },
      "landmarks_global": {
        "mb": [
          3.053750991821289,
          -0.28961944580078125,
          4.542140960693359
        ],
        "db": [
          3.6953086853027344,
          1.2332534790039062,
          -4.607477188110352
        ],
        "ml": [
          -5.02020263671875,
          -0.7721424102783203,
          1.3870229721069336
        ],
        "dl": [
          -5.145656585693359,
          -1.547201156616211,
          -1.9722175598144531
        ],
        "bg": [
          1.3940315246582031,
          2.978696823120117,
          4.854539394378662
        ],
        "m": [
          -6.092288970947266,
          3.3595104217529297,
          -0.015807151794433594
        ],
        "mr": [
          -4.190792083740234,
          4.405792236328125,
          2.7455387115478516
        ],
        "dr": [
          -4.5536956787109375,
          0.9629268646240234,
          -5.072822570800781
        ],
        "mc": [
          -3.98834228515625,
          1.8848876953125,
          3.862680435180664
        ],
        "dc": [
          -3.8357677459716797,
          0.2154388427734375,
          -5.422422409057617
        ],
        "bgb": [
          5.485136032104492,
          3.9767379760742188,
          0.34247684478759766
        ],
        "lgb": [
          -5.908069610595703,
          -0.516571044921875,
          -0.34542083740234375
        ]
      },
      "indices": {
        "mb": 1720,
        "db": 2711,
        "ml": 2596,
        "dl": 1436,
        "bg": 2200,
        "m": 1509,
        "mr": 2776,
        "dr": 975,
        "mc": 1646,
        "dc": 84,
        "bgb": 2471,
        "lgb": 1088
      },
      "scores": {
        "mb": 0.7812367081642151,
        "db": 0.8256762623786926,
        "ml": 0.41309618949890137,
        "dl": 0.7185664772987366,
        "bg": 0.3754999041557312,
        "m": 0.5392510890960693,
        "mr": 0.3991259038448334,
        "dr": 0.4477599561214447,
        "mc": 0.36935555934906006,
        "dc": 0.7250722646713257,
        "bgb": 0.5335533618927002,
        "lgb": 0.2534647583961487
      },
      "top1": {
        "mb": 0.7812367081642151,
        "db": 0.8256762623786926,
        "ml": 0.41309618949890137,
        "dl": 0.7185664772987366,
        "bg": 0.3754999041557312,
        "m": 0.5392510890960693,
        "mr": 0.3991259038448334,
        "dr": 0.4477599561214447,
        "mc": 0.36935555934906006,
        "dc": 0.7250722646713257,
        "bgb": 0.5335533618927002,
        "lgb": 0.2534647583961487
      },
      "peak_scores": {
        "mb": 0.7812367081642151,
        "db": 0.8256762623786926,
        "ml": 0.41309618949890137,
        "dl": 0.7185664772987366,
        "bg": 0.3754999041557312,
        "m": 0.5392510890960693,
        "mr": 0.3991259038448334,
        "dr": 0.4477599561214447,
        "mc": 0.36935555934906006,
        "dc": 0.7250722646713257,
        "bgb": 0.5335533618927002,
        "lgb": 0.2534647583961487
      },
      "top2": {
        "mb": 0.7811851501464844,
        "db": 0.8254855275154114,
        "ml": 0.413064181804657,
        "dl": 0.7181546688079834,
        "bg": 0.3745875358581543,
        "m": 0.5391549468040466,
        "mr": 0.3987749218940735,
        "dr": 0.4473395049571991,
        "mc": 0.3687153458595276,
        "dc": 0.7249673008918762,
        "bgb": 0.5313483476638794,
        "lgb": 0.25339996814727783
      },
      "second_scores": {
        "mb": 0.7811851501464844,
        "db": 0.8254855275154114,
        "ml": 0.413064181804657,
        "dl": 0.7181546688079834,
        "bg": 0.3745875358581543,
        "m": 0.5391549468040466,
        "mr": 0.3987749218940735,
        "dr": 0.4473395049571991,
        "mc": 0.3687153458595276,
        "dc": 0.7249673008918762,
        "bgb": 0.5313483476638794,
        "lgb": 0.25339996814727783
      },
      "margin": {
        "mb": 5.155801773071289e-05,
        "db": 0.00019073486328125,
        "ml": 3.2007694244384766e-05,
        "dl": 0.00041180849075317383,
        "bg": 0.0009123682975769043,
        "m": 9.614229202270508e-05,
        "mr": 0.0003509819507598877,
        "dr": 0.00042045116424560547,
        "mc": 0.0006402134895324707,
        "dc": 0.00010496377944946289,
        "bgb": 0.0022050142288208008,
        "lgb": 6.479024887084961e-05
      },
      "meta": {
        "case_id": "117",
        "arch": "U",
        "fdi": 27,
        "tooth_id": 14,
        "sigma_mm": 5.0,
        "unit": "mm"
      }
    }
  },
  "meta": {
    "root": "C:\\MISC\\Deepcare\\Orthodontics\\datasets\\landmarks_dataset\\cooked\\p0\\samples"
  }
}