{
  "predictions": {
    "t27": {
      "landmarks_local": {
        "mb": [
          0.5883255004882812,
          1.16853666305542,
          5.6192498207092285
        ],
        "db": [
          3.2106380462646484,
          -1.3901419639587402,
          -3.621006965637207
        ],
        "ml": [
          -5.333185195922852,
          -1.641901969909668,
          1.3764839172363281
        ],
        "dl": [
          -3.7366485595703125,
          -2.2454442977905273,
          -4.409193992614746
        ],
        "bg": [
          0.5883255004882812,
          1.16853666305542,
          5.6192498207092285
        ],
        "m": [
          -6.775535583496094,
          1.283689260482788,
          0.4779701232910156
        ],
        "mr": [
          -4.679157257080078,
          3.3558006286621094,
          2.4366378784179688
        ],
        "dr": [
          -4.112270355224609,
          -2.1316275596618652,
          -4.227664947509766
        ],
        "mc": [
          -4.679157257080078,
          3.3558006286621094,
          2.4366378784179688
        ],
        "dc": [
          -3.5118446350097656,
          -1.665541172027588,
          -5.0876054763793945
        ],
        "bgb": [
          4.200922012329102,
          5.7551960945129395,
          0.009807586669921875
        ],
        "lgb": [
          -4.2394866943359375,
          -2.3491129875183105,
          -3.726757049560547
        ]
      },
      "landmarks_global": {
        "mb": [
          0.5883255004882812,
          1.16853666305542,
          5.6192498207092285
        ],
        "db": [
          3.2106380462646484,
          -1.3901419639587402,
          -3.621006965637207
        ],
        "ml": [
          -5.333185195922852,
          -1.641901969909668,
          1.3764839172363281
        ],
        "dl": [
          -3.7366485595703125,
          -2.2454442977905273,
          -4.409193992614746
        ],
        "bg": [
          0.5883255004882812,
          1.16853666305542,
          5.6192498207092285
        ],
        "m": [
          -6.775535583496094,
          1.283689260482788,
          0.4779701232910156
        ],
        "mr": [
          -4.679157257080078,
          3.3558006286621094,
          2.4366378784179688
        ],
        "dr": [
          -4.112270355224609,
          -2.1316275596618652,
          -4.227664947509766
        ],
        "mc": [
          -4.679157257080078,
          3.3558006286621094,
          2.4366378784179688
        ],
        "dc": [
          -3.5118446350097656,
          -1.665541172027588,
          -5.0876054763793945
        ],
        "bgb": [
          4.200922012329102,
          5.7551960945129395,
          0.009807586669921875
        ],
        "lgb": [
          -4.2394866943359375,
          -2.3491129875183105,
          -3.726757049560547
        ]
      },
      "indices": {
        "mb": 1443,
        "db": 2294,
        "ml": 1692,
        "dl": 2026,
        "bg": 1443,
        "m": 47,
        "mr": 379,
        "dr": 2424,
        "mc": 379,
        "dc": 2123,
        "bgb": 280,
        "lgb": 2581
      },
      "scores": {
        "mb": 0.7715814709663391,
        "db": 0.8771911859512329,
        "ml": 0.39827778935432434,
        "dl": 0.4829652011394501,
        "bg": 0.5141839385032654,
        "m": 0.5764141082763672,
        "mr": 0.42137765884399414,
        "dr": 0.38557106256484985,
        "mc": 0.32318374514579773,
        "dc": 0.656614363193512,
        "bgb": 0.7408711910247803,
        "lgb": 0.20645344257354736
      },
      "top1": {
        "mb": 0.7715814709663391,
        "db": 0.8771911859512329,
        "ml": 0.39827778935432434,
        "dl": 0.4829652011394501,
        "bg": 0.5141839385032654,
        "m": 0.5764141082763672,
        "mr": 0.42137765884399414,
        "dr": 0.38557106256484985,
        "mc": 0.32318374514579773,
        "dc": 0.656614363193512,
        "bgb": 0.7408711910247803,
        "lgb": 0.20645344257354736
      },
      "peak_scores": {
        "mb": 0.7715814709663391,
        "db": 0.8771911859512329,
        "ml": 0.39827778935432434,
        "dl": 0.4829652011394501,
        "bg": 0.5141839385032654,
        "m": 0.5764141082763672,
        "mr": 0.42137765884399414,
        "dr": 0.38557106256484985,
        "mc": 0.32318374514579773,
        "dc": 0.656614363193512,
        "bgb": 0.7408711910247803,
        "lgb": 0.20645344257354736
      },
      "top2": {
        "mb": 0.771487295627594,
        "db": 0.8769381642341614,
        "ml": 0.3982684910297394,
        "dl": 0.4822838008403778,
        "bg": 0.5138155221939087,
        "m": 0.5750574469566345,
        "mr": 0.42008429765701294,
        "dr": 0.38521891832351685,
        "mc": 0.3223545551300049,
        "dc": 0.6561757922172546,
        "bgb": 0.7392868399620056,
        "lgb": 0.2060210108757019
      },
      "second_scores": {
        "mb": 0.771487295627594,
        "db": 0.8769381642341614,
        "ml": 0.3982684910297394,
        "dl": 0.4822838008403778,
        "bg": 0.5138155221939087,
        "m": 0.5750574469566345,
        "mr": 0.42008429765701294,
        "dr": 0.38521891832351685,
        "mc": 0.3223545551300049,
        "dc": 0.6561757922172546,
        "bgb": 0.7392868399620056,
        "lgb": 0.2060210108757019
      },
      "margin": {
        "mb": 9.417533874511719e-05,
        "db": 0.0002530217170715332,
        "ml": 9.298324584960938e-06,
        "dl": 0.0006814002990722656,
        "bg": 0.00036841630935668945,
        "m": 0.001356661319732666,
        "mr": 0.0012933611869812012,
        "dr": 0.0003521442413330078,
        "mc": 0.0008291900157928467,
        "dc": 0.0004385709762573242,
        "bgb": 0.0015843510627746582,
        "lgb": 0.000432431697845459
      },
      "meta": {
        "case_id": "118",
        "arch": "U",
        "fdi": 27,
        "tooth_id": 14,
        "sigma_mm": 5.0,
        "unit": "mm"
      }
    }
  },
  "meta": {
    "root": "C:\\MISC\\Deepcare\\Orthodontics\\datasets\\landmarks_dataset\\cooked\\p0\\samples"
  }
}