{
  "predictions": {
    "t27": {
      "landmarks_local": {
        "mb": [
          0.7114334106445312,
          2.184718608856201,
          5.822037696838379
        ],
        "db": [
          3.638551712036133,
          -0.4694805145263672,
          -2.2227821350097656
        ],
        "ml": [
          -4.897636413574219,
          0.13178181648254395,
          2.9441661834716797
        ],
        "dl": [
          -3.699962615966797,
          -0.6533961296081543,
          -4.898430824279785
        ],
        "bg": [
          0.6110439300537109,
          1.9892715215682983,
          5.803244113922119
        ],
        "m": [
          -7.097965240478516,
          0.4231131076812744,
          -0.15033245086669922
        ],
        "mr": [
          -5.766778945922852,
          0.9084560871124268,
          2.223756790161133
        ],
        "dr": [
          -3.813570022583008,
          -0.6965651512145996,
          -4.682923316955566
        ],
        "mc": [
          -5.237751007080078,
          0.5606479644775391,
          2.830129623413086
        ],
        "dc": [
          -3.567392349243164,
          -0.6100902557373047,
          -5.0174455642700195
        ],
        "bgb": [
          3.8348865509033203,
          4.679908275604248,
          3.0712900161743164
        ],
        "lgb": [
          -5.441492080688477,
          -1.4101567268371582,
          -2.347498893737793
        ]
      },
      "landmarks_global": {
        "mb": [
          0.7114334106445312,
          2.184718608856201,
          5.822037696838379
        ],
        "db": [
          3.638551712036133,
          -0.4694805145263672,
          -2.2227821350097656
        ],
        "ml": [
          -4.897636413574219,
          0.13178181648254395,
          2.9441661834716797
        ],
        "dl": [
          -3.699962615966797,
          -0.6533961296081543,
          -4.898430824279785
        ],
        "bg": [
          0.6110439300537109,
          1.9892715215682983,
          5.803244113922119
        ],
        "m": [
          -7.097965240478516,
          0.4231131076812744,
          -0.15033245086669922
        ],
        "mr": [
          -5.766778945922852,
          0.9084560871124268,
          2.223756790161133
        ],
        "dr": [
          -3.813570022583008,
          -0.6965651512145996,
          -4.682923316955566
        ],
        "mc": [
          -5.237751007080078,
          0.5606479644775391,
          2.830129623413086
        ],
        "dc": [
          -3.567392349243164,
          -0.6100902557373047,
          -5.0174455642700195
        ],
        "bgb": [
          3.8348865509033203,
          4.679908275604248,
          3.0712900161743164
        ],
        "lgb": [
          -5.441492080688477,
          -1.4101567268371582,
          -2.347498893737793
        ]
      },
      "indices": {
        "mb": 132,
        "db": 1398,
        "ml": 375,
        "dl": 2584,
        "bg": 2797,
        "m": 487,
        "mr": 161,
        "dr": 560,
        "mc": 35,
        "dc": 13,
        "bgb": 1889,
        "lgb": 1806
      },
      "scores": {
        "mb": 0.771874725818634,
        "db": 0.8733287453651428,
        "ml": 0.3617059588432312,
        "dl": 0.43295344710350037,
        "bg": 0.507634162902832,
        "m": 0.5776116847991943,
        "mr": 0.3836524188518524,
        "dr": 0.3595872223377228,
        "mc": 0.29284465312957764,
        "dc": 0.6269344687461853,
        "bgb": 0.7560330629348755,
        "lgb": 0.18324780464172363
      },
      "top1": {
        "mb": 0.771874725818634,
        "db": 0.8733287453651428,
        "ml": 0.3617059588432312,
        "dl": 0.43295344710350037,
        "bg": 0.507634162902832,
        "m": 0.5776116847991943,
        "mr": 0.3836524188518524,
        "dr": 0.3595872223377228,
        "mc": 0.29284465312957764,
        "dc": 0.6269344687461853,
        "bgb": 0.7560330629348755,
        "lgb": 0.18324780464172363
      },
      "peak_scores": {
        "mb": 0.771874725818634,
        "db": 0.8733287453651428,
        "ml": 0.3617059588432312,
        "dl": 0.43295344710350037,
        "bg": 0.507634162902832,
        "m": 0.5776116847991943,
        "mr": 0.3836524188518524,
        "dr": 0.3595872223377228,
        "mc": 0.29284465312957764,
        "dc": 0.6269344687461853,
        "bgb": 0.7560330629348755,
        "lgb": 0.18324780464172363
      },
      "top2": {
        "mb": 0.7717079520225525,
        "db": 0.8732039928436279,
        "ml": 0.36106377840042114,
        "dl": 0.4327477216720581,
        "bg": 0.5062016844749451,
        "m": 0.577212929725647,
        "mr": 0.38020989298820496,
        "dr": 0.3591805100440979,
        "mc": 0.29269275069236755,
        "dc": 0.626750111579895,
        "bgb": 0.7557203769683838,
        "lgb": 0.18256635963916779
      },
      "second_scores": {
        "mb": 0.7717079520225525,
        "db": 0.8732039928436279,
        "ml": 0.36106377840042114,
        "dl": 0.4327477216720581,
        "bg": 0.5062016844749451,
        "m": 0.577212929725647,
        "mr": 0.38020989298820496,
        "dr": 0.3591805100440979,
        "mc": 0.29269275069236755,
        "dc": 0.626750111579895,
        "bgb": 0.7557203769683838,
        "lgb": 0.18256635963916779
      },
      "margin": {
        "mb": 0.00016677379608154297,
        "db": 0.00012475252151489258,
        "ml": 0.0006421804428100586,
        "dl": 0.00020572543144226074,
        "bg": 0.0014324784278869629,
        "m": 0.0003987550735473633,
        "mr": 0.003442525863647461,
        "dr": 0.00040671229362487793,
        "mc": 0.000151902437210083,
        "dc": 0.0001843571662902832,
        "bgb": 0.0003126859664916992,
        "lgb": 0.0006814450025558472
      },
      "meta": {
        "case_id": "119",
        "arch": "U",
        "fdi": 27,
        "tooth_id": 14,
        "sigma_mm": 5.0,
        "unit": "mm"
      }
    }
  },
  "meta": {
    "root": "C:\\MISC\\Deepcare\\Orthodontics\\datasets\\landmarks_dataset\\cooked\\p0\\samples"
  }
}