{
  "predictions": {
    "t27": {
      "landmarks_local": {
        "mb": [
          2.5352230072021484,
          0.27271270751953125,
          4.536769866943359
        ],
        "db": [
          4.004079818725586,
          3.157642364501953,
          -3.4253063201904297
        ],
        "ml": [
          -4.320127487182617,
          -2.35640811920166,
          1.2586174011230469
        ],
        "dl": [
          -3.451963424682617,
          -1.7370367050170898,
          -4.936059951782227
        ],
        "bg": [
          2.561708450317383,
          3.3459434509277344,
          4.551117897033691
        ],
        "m": [
          -6.939901351928711,
          0.9782371520996094,
          0.9442234039306641
        ],
        "mr": [
          -4.399774551391602,
          1.794264793395996,
          3.6774063110351562
        ],
        "dr": [
          -3.060791015625,
          -1.6484441757202148,
          -5.333818435668945
        ],
        "mc": [
          -4.549093246459961,
          1.938084602355957,
          3.541961669921875
        ],
        "dc": [
          -2.4894561767578125,
          -1.4648246765136719,
          -5.570261001586914
        ],
        "bgb": [
          4.602149963378906,
          4.204627990722656,
          0.45652198791503906
        ],
        "lgb": [
          -5.320707321166992,
          -1.8711023330688477,
          -0.010921478271484375
        ]
      },
      "landmarks_global": {
        "mb": [
          2.5352230072021484,
          0.27271270751953125,
          4.536769866943359
        ],
        "db": [
          4.004079818725586,
          3.157642364501953,
          -3.4253063201904297
        ],
        "ml": [
          -4.320127487182617,
          -2.35640811920166,
          1.2586174011230469
        ],
        "dl": [
          -3.451963424682617,
          -1.7370367050170898,
          -4.936059951782227
        ],
        "bg": [
          2.561708450317383,
          3.3459434509277344,
          4.551117897033691
        ],
        "m": [
          -6.939901351928711,
          0.9782371520996094,
          0.9442234039306641
        ],
        "mr": [
          -4.399774551391602,
          1.794264793395996,
          3.6774063110351562
        ],
        "dr": [
          -3.060791015625,
          -1.6484441757202148,
          -5.333818435668945
        ],
        "mc": [
          -4.549093246459961,
          1.938084602355957,
          3.541961669921875
        ],
        "dc": [
          -2.4894561767578125,
          -1.4648246765136719,
          -5.570261001586914
        ],
        "bgb": [
          4.602149963378906,
          4.204627990722656,
          0.45652198791503906
        ],
        "lgb": [
          -5.320707321166992,
          -1.8711023330688477,
          -0.010921478271484375
        ]
      },
      "indices": {
        "mb": 937,
        "db": 59,
        "ml": 2550,
        "dl": 2513,
        "bg": 19,
        "m": 522,
        "mr": 1839,
        "dr": 1409,
        "mc": 289,
        "dc": 2106,
        "bgb": 36,
        "lgb": 2930
      },
      "scores": {
        "mb": 0.7381966710090637,
        "db": 0.8694265484809875,
        "ml": 0.3359569311141968,
        "dl": 0.6147266030311584,
        "bg": 0.42589160799980164,
        "m": 0.5269735455513,
        "mr": 0.38183751702308655,
        "dr": 0.46968579292297363,
        "mc": 0.3174537420272827,
        "dc": 0.7474693059921265,
        "bgb": 0.6764824986457825,
        "lgb": 0.19223755598068237
      },
      "top1": {
        "mb": 0.7381966710090637,
        "db": 0.8694265484809875,
        "ml": 0.3359569311141968,
        "dl": 0.6147266030311584,
        "bg": 0.42589160799980164,
        "m": 0.5269735455513,
        "mr": 0.38183751702308655,
        "dr": 0.46968579292297363,
        "mc": 0.3174537420272827,
        "dc": 0.7474693059921265,
        "bgb": 0.6764824986457825,
        "lgb": 0.19223755598068237
      },
      "peak_scores": {
        "mb": 0.7381966710090637,
        "db": 0.8694265484809875,
        "ml": 0.3359569311141968,
        "dl": 0.6147266030311584,
        "bg": 0.42589160799980164,
        "m": 0.5269735455513,
        "mr": 0.38183751702308655,
        "dr": 0.46968579292297363,
        "mc": 0.3174537420272827,
        "dc": 0.7474693059921265,
        "bgb": 0.6764824986457825,
        "lgb": 0.19223755598068237
      },
      "top2": {
        "mb": 0.7381467223167419,
        "db": 0.8693508505821228,
        "ml": 0.3355237543582916,
        "dl": 0.6142239570617676,
        "bg": 0.42489859461784363,
        "m": 0.526297390460968,
        "mr": 0.38156163692474365,
        "dr": 0.4689496159553528,
        "mc": 0.3171296715736389,
        "dc": 0.7473349571228027,
        "bgb": 0.6759245991706848,
        "lgb": 0.1919844001531601
      },
      "second_scores": {
        "mb": 0.7381467223167419,
        "db": 0.8693508505821228,
        "ml": 0.3355237543582916,
        "dl": 0.6142239570617676,
        "bg": 0.42489859461784363,
        "m": 0.526297390460968,
        "mr": 0.38156163692474365,
        "dr": 0.4689496159553528,
        "mc": 0.3171296715736389,
        "dc": 0.7473349571228027,
        "bgb": 0.6759245991706848,
        "lgb": 0.1919844001531601
      },
      "margin": {
        "mb": 4.9948692321777344e-05,
        "db": 7.56978988647461e-05,
        "ml": 0.00043317675590515137,
        "dl": 0.0005026459693908691,
        "bg": 0.0009930133819580078,
        "m": 0.0006761550903320312,
        "mr": 0.0002758800983428955,
        "dr": 0.0007361769676208496,
        "mc": 0.00032407045364379883,
        "dc": 0.00013434886932373047,
        "bgb": 0.0005578994750976562,
        "lgb": 0.00025315582752227783
      },
      "meta": {
        "case_id": "120",
        "arch": "U",
        "fdi": 27,
        "tooth_id": 14,
        "sigma_mm": 5.0,
        "unit": "mm"
      }
    }
  },
  "meta": {
    "root": "C:\\MISC\\Deepcare\\Orthodontics\\datasets\\landmarks_dataset\\cooked\\p0\\samples"
  }
}