{
  "predictions": {
    "t27": {
      "landmarks_local": {
        "mb": [
          3.1168575286865234,
          -2.9774837493896484,
          4.7340240478515625
        ],
        "db": [
          3.402891159057617,
          -3.4404773712158203,
          -1.369842529296875
        ],
        "ml": [
          -6.5616607666015625,
          -1.4424591064453125,
          -0.5151920318603516
        ],
        "dl": [
          -2.673093795776367,
          -3.770862579345703,
          -2.3854942321777344
        ],
        "bg": [
          2.2104663848876953,
          3.296940803527832,
          2.9456043243408203
        ],
        "m": [
          -4.581560134887695,
          4.786255836486816,
          0.9870471954345703
        ],
        "mr": [
          -6.921049118041992,
          -0.7215080261230469,
          -0.17176437377929688
        ],
        "dr": [
          -3.4533863067626953,
          1.624241828918457,
          -2.3310317993164062
        ],
        "mc": [
          -6.928062438964844,
          0.2740020751953125,
          0.11574935913085938
        ],
        "dc": [
          -4.475057601928711,
          -3.0707759857177734,
          -2.182964324951172
        ],
        "bgb": [
          1.5460453033447266,
          3.576873779296875,
          3.4670581817626953
        ],
        "lgb": [
          -5.139677047729492,
          -2.9055309295654297,
          -1.4324836730957031
        ]
      },
      "landmarks_global": {
        "mb": [
          3.1168575286865234,
          -2.9774837493896484,
          4.7340240478515625
        ],
        "db": [
          3.402891159057617,
          -3.4404773712158203,
          -1.369842529296875
        ],
        "ml": [
          -6.5616607666015625,
          -1.4424591064453125,
          -0.5151920318603516
        ],
        "dl": [
          -2.673093795776367,
          -3.770862579345703,
          -2.3854942321777344
        ],
        "bg": [
          2.2104663848876953,
          3.296940803527832,
          2.9456043243408203
        ],
        "m": [
          -4.581560134887695,
          4.786255836486816,
          0.9870471954345703
        ],
        "mr": [
          -6.921049118041992,
          -0.7215080261230469,
          -0.17176437377929688
        ],
        "dr": [
          -3.4533863067626953,
          1.624241828918457,
          -2.3310317993164062
        ],
        "mc": [
          -6.928062438964844,
          0.2740020751953125,
          0.11574935913085938
        ],
        "dc": [
          -4.475057601928711,
          -3.0707759857177734,
          -2.182964324951172
        ],
        "bgb": [
          1.5460453033447266,
          3.576873779296875,
          3.4670581817626953
        ],
        "lgb": [
          -5.139677047729492,
          -2.9055309295654297,
          -1.4324836730957031
        ]
      },
      "indices": {
        "mb": 2289,
        "db": 99,
        "ml": 1404,
        "dl": 1191,
        "bg": 1885,
        "m": 162,
        "mr": 1703,
        "dr": 2327,
        "mc": 2859,
        "dc": 2021,
        "bgb": 1497,
        "lgb": 2551
      },
      "scores": {
        "mb": 0.8319915533065796,
        "db": 0.532768964767456,
        "ml": 0.3782338500022888,
        "dl": 0.42385175824165344,
        "bg": 0.5635094046592712,
        "m": 0.3386457860469818,
        "mr": 0.37912046909332275,
        "dr": 0.20641227066516876,
        "mc": 0.374392569065094,
        "dc": 0.33887389302253723,
        "bgb": 0.3865883946418762,
        "lgb": 0.2661101818084717
      },
      "top1": {
        "mb": 0.8319915533065796,
        "db": 0.532768964767456,
        "ml": 0.3782338500022888,
        "dl": 0.42385175824165344,
        "bg": 0.5635094046592712,
        "m": 0.3386457860469818,
        "mr": 0.37912046909332275,
        "dr": 0.20641227066516876,
        "mc": 0.374392569065094,
        "dc": 0.33887389302253723,
        "bgb": 0.3865883946418762,
        "lgb": 0.2661101818084717
      },
      "peak_scores": {
        "mb": 0.8319915533065796,
        "db": 0.532768964767456,
        "ml": 0.3782338500022888,
        "dl": 0.42385175824165344,
        "bg": 0.5635094046592712,
        "m": 0.3386457860469818,
        "mr": 0.37912046909332275,
        "dr": 0.20641227066516876,
        "mc": 0.374392569065094,
        "dc": 0.33887389302253723,
        "bgb": 0.3865883946418762,
        "lgb": 0.2661101818084717
      },
      "top2": {
        "mb": 0.831858217716217,
        "db": 0.5319505929946899,
        "ml": 0.37809160351753235,
        "dl": 0.42328470945358276,
        "bg": 0.5634154677391052,
        "m": 0.3377993702888489,
        "mr": 0.37898147106170654,
        "dr": 0.20635496079921722,
        "mc": 0.37392306327819824,
        "dc": 0.3381495475769043,
        "bgb": 0.3860141634941101,
        "lgb": 0.2658610939979553
      },
      "second_scores": {
        "mb": 0.831858217716217,
        "db": 0.5319505929946899,
        "ml": 0.37809160351753235,
        "dl": 0.42328470945358276,
        "bg": 0.5634154677391052,
        "m": 0.3377993702888489,
        "mr": 0.37898147106170654,
        "dr": 0.20635496079921722,
        "mc": 0.37392306327819824,
        "dc": 0.3381495475769043,
        "bgb": 0.3860141634941101,
        "lgb": 0.2658610939979553
      },
      "margin": {
        "mb": 0.00013333559036254883,
        "db": 0.0008183717727661133,
        "ml": 0.00014224648475646973,
        "dl": 0.0005670487880706787,
        "bg": 9.393692016601562e-05,
        "m": 0.0008464157581329346,
        "mr": 0.00013899803161621094,
        "dr": 5.7309865951538086e-05,
        "mc": 0.00046950578689575195,
        "dc": 0.0007243454456329346,
        "bgb": 0.0005742311477661133,
        "lgb": 0.0002490878105163574
      },
      "meta": {
        "case_id": "121",
        "arch": "U",
        "fdi": 27,
        "tooth_id": 14,
        "sigma_mm": 5.0,
        "unit": "mm"
      }
    }
  },
  "meta": {
    "root": "C:\\MISC\\Deepcare\\Orthodontics\\datasets\\landmarks_dataset\\cooked\\p0\\samples"
  }
}