{
  "predictions": {
    "t27": {
      "landmarks_local": {
        "mb": [
          3.840169906616211,
          -3.1023731231689453,
          4.258720397949219
        ],
        "db": [
          3.773794174194336,
          -1.8367328643798828,
          -1.5255470275878906
        ],
        "ml": [
          -6.5056304931640625,
          -2.091176986694336,
          0.6077899932861328
        ],
        "dl": [
          -6.2467803955078125,
          -2.3115673065185547,
          0.4312915802001953
        ],
        "bg": [
          1.8035564422607422,
          1.9397335052490234,
          6.0471038818359375
        ],
        "m": [
          -6.933555603027344,
          0.7802944183349609,
          0.5826034545898438
        ],
        "mr": [
          0.7612476348876953,
          3.610616683959961,
          5.186820983886719
        ],
        "dr": [
          -3.6628360748291016,
          1.6138248443603516,
          -3.164316177368164
        ],
        "mc": [
          0.5164299011230469,
          3.997692108154297,
          4.682231903076172
        ],
        "dc": [
          -3.219036102294922,
          1.9505271911621094,
          -3.268716812133789
        ],
        "bgb": [
          -0.6845874786376953,
          5.292718887329102,
          2.5101871490478516
        ],
        "lgb": [
          -6.2467803955078125,
          -2.3115673065185547,
          0.4312915802001953
        ]
      },
      "landmarks_global": {
        "mb": [
          3.840169906616211,
          -3.1023731231689453,
          4.258720397949219
        ],
        "db": [
          3.773794174194336,
          -1.8367328643798828,
          -1.5255470275878906
        ],
        "ml": [
          -6.5056304931640625,
          -2.091176986694336,
          0.6077899932861328
        ],
        "dl": [
          -6.2467803955078125,
          -2.3115673065185547,
          0.4312915802001953
        ],
        "bg": [
          1.8035564422607422,
          1.9397335052490234,
          6.0471038818359375
        ],
        "m": [
          -6.933555603027344,
          0.7802944183349609,
          0.5826034545898438
        ],
        "mr": [
          0.7612476348876953,
          3.610616683959961,
          5.186820983886719
        ],
        "dr": [
          -3.6628360748291016,
          1.6138248443603516,
          -3.164316177368164
        ],
        "mc": [
          0.5164299011230469,
          3.997692108154297,
          4.682231903076172
        ],
        "dc": [
          -3.219036102294922,
          1.9505271911621094,
          -3.268716812133789
        ],
        "bgb": [
          -0.6845874786376953,
          5.292718887329102,
          2.5101871490478516
        ],
        "lgb": [
          -6.2467803955078125,
          -2.3115673065185547,
          0.4312915802001953
        ]
      },
      "indices": {
        "mb": 2381,
        "db": 2821,
        "ml": 2388,
        "dl": 2861,
        "bg": 32,
        "m": 2109,
        "mr": 11,
        "dr": 989,
        "mc": 288,
        "dc": 952,
        "bgb": 114,
        "lgb": 2861
      },
      "scores": {
        "mb": 0.7389121055603027,
        "db": 0.8377663493156433,
        "ml": 0.3210768699645996,
        "dl": 0.6768204569816589,
        "bg": 0.36197134852409363,
        "m": 0.5581985712051392,
        "mr": 0.3617841601371765,
        "dr": 0.48066258430480957,
        "mc": 0.3002975881099701,
        "dc": 0.7344329357147217,
        "bgb": 0.5862923860549927,
        "lgb": 0.21721673011779785
      },
      "top1": {
        "mb": 0.7389121055603027,
        "db": 0.8377663493156433,
        "ml": 0.3210768699645996,
        "dl": 0.6768204569816589,
        "bg": 0.36197134852409363,
        "m": 0.5581985712051392,
        "mr": 0.3617841601371765,
        "dr": 0.48066258430480957,
        "mc": 0.3002975881099701,
        "dc": 0.7344329357147217,
        "bgb": 0.5862923860549927,
        "lgb": 0.21721673011779785
      },
      "peak_scores": {
        "mb": 0.7389121055603027,
        "db": 0.8377663493156433,
        "ml": 0.3210768699645996,
        "dl": 0.6768204569816589,
        "bg": 0.36197134852409363,
        "m": 0.5581985712051392,
        "mr": 0.3617841601371765,
        "dr": 0.48066258430480957,
        "mc": 0.3002975881099701,
        "dc": 0.7344329357147217,
        "bgb": 0.5862923860549927,
        "lgb": 0.21721673011779785
      },
      "top2": {
        "mb": 0.7386875152587891,
        "db": 0.8376689553260803,
        "ml": 0.320896714925766,
        "dl": 0.6767287254333496,
        "bg": 0.3617916405200958,
        "m": 0.5572185516357422,
        "mr": 0.361131876707077,
        "dr": 0.4803592562675476,
        "mc": 0.30023109912872314,
        "dc": 0.73416668176651,
        "bgb": 0.5861998200416565,
        "lgb": 0.2163781374692917
      },
      "second_scores": {
        "mb": 0.7386875152587891,
        "db": 0.8376689553260803,
        "ml": 0.320896714925766,
        "dl": 0.6767287254333496,
        "bg": 0.3617916405200958,
        "m": 0.5572185516357422,
        "mr": 0.361131876707077,
        "dr": 0.4803592562675476,
        "mc": 0.30023109912872314,
        "dc": 0.73416668176651,
        "bgb": 0.5861998200416565,
        "lgb": 0.2163781374692917
      },
      "margin": {
        "mb": 0.00022459030151367188,
        "db": 9.739398956298828e-05,
        "ml": 0.00018015503883361816,
        "dl": 9.173154830932617e-05,
        "bg": 0.00017970800399780273,
        "m": 0.0009800195693969727,
        "mr": 0.0006522834300994873,
        "dr": 0.0003033280372619629,
        "mc": 6.648898124694824e-05,
        "dc": 0.0002662539482116699,
        "bgb": 9.256601333618164e-05,
        "lgb": 0.0008385926485061646
      },
      "meta": {
        "case_id": "122",
        "arch": "U",
        "fdi": 27,
        "tooth_id": 14,
        "sigma_mm": 5.0,
        "unit": "mm"
      }
    }
  },
  "meta": {
    "root": "C:\\MISC\\Deepcare\\Orthodontics\\datasets\\landmarks_dataset\\cooked\\p0\\samples"
  }
}