{
  "predictions": {
    "t27": {
      "landmarks_local": {
        "mb": [
          3.034137725830078,
          -5.034651279449463,
          2.4054832458496094
        ],
        "db": [
          2.702373504638672,
          -3.454719066619873,
          -1.7209644317626953
        ],
        "ml": [
          -5.6981658935546875,
          -2.5928235054016113,
          -0.2154541015625
        ],
        "dl": [
          -5.05345344543457,
          -1.6966233253479004,
          -1.4814300537109375
        ],
        "bg": [
          4.258380889892578,
          1.9727907180786133,
          3.2264060974121094
        ],
        "m": [
          -4.054147720336914,
          4.714258193969727,
          -0.05204582214355469
        ],
        "mr": [
          -6.290679931640625,
          1.2243766784667969,
          -0.4209613800048828
        ],
        "dr": [
          -4.772119522094727,
          -0.19036388397216797,
          -2.21966552734375
        ],
        "mc": [
          -5.028770446777344,
          -2.7688565254211426,
          -0.45915985107421875
        ],
        "dc": [
          -4.022592544555664,
          -1.5046768188476562,
          -2.3076324462890625
        ],
        "bgb": [
          4.329715728759766,
          0.27368736267089844,
          1.4994010925292969
        ],
        "lgb": [
          -6.502595901489258,
          -0.6783075332641602,
          -0.4690093994140625
        ]
      },
      "landmarks_global": {
        "mb": [
          3.034137725830078,
          -5.034651279449463,
          2.4054832458496094
        ],
        "db": [
          2.702373504638672,
          -3.454719066619873,
          -1.7209644317626953
        ],
        "ml": [
          -5.6981658935546875,
          -2.5928235054016113,
          -0.2154541015625
        ],
        "dl": [
          -5.05345344543457,
          -1.6966233253479004,
          -1.4814300537109375
        ],
        "bg": [
          4.258380889892578,
          1.9727907180786133,
          3.2264060974121094
        ],
        "m": [
          -4.054147720336914,
          4.714258193969727,
          -0.05204582214355469
        ],
        "mr": [
          -6.290679931640625,
          1.2243766784667969,
          -0.4209613800048828
        ],
        "dr": [
          -4.772119522094727,
          -0.19036388397216797,
          -2.21966552734375
        ],
        "mc": [
          -5.028770446777344,
          -2.7688565254211426,
          -0.45915985107421875
        ],
        "dc": [
          -4.022592544555664,
          -1.5046768188476562,
          -2.3076324462890625
        ],
        "bgb": [
          4.329715728759766,
          0.27368736267089844,
          1.4994010925292969
        ],
        "lgb": [
          -6.502595901489258,
          -0.6783075332641602,
          -0.4690093994140625
        ]
      },
      "indices": {
        "mb": 466,
        "db": 2431,
        "ml": 2571,
        "dl": 962,
        "bg": 1966,
        "m": 559,
        "mr": 1,
        "dr": 1714,
        "mc": 1771,
        "dc": 1090,
        "bgb": 2611,
        "lgb": 831
      },
      "scores": {
        "mb": 0.8493655920028687,
        "db": 0.6290465593338013,
        "ml": 0.35094955563545227,
        "dl": 0.23511871695518494,
        "bg": 0.6884994506835938,
        "m": 0.4729948341846466,
        "mr": 0.4077772796154022,
        "dr": 0.22383402287960052,
        "mc": 0.21368438005447388,
        "dc": 0.23114502429962158,
        "bgb": 0.42290064692497253,
        "lgb": 0.1881607621908188
      },
      "top1": {
        "mb": 0.8493655920028687,
        "db": 0.6290465593338013,
        "ml": 0.35094955563545227,
        "dl": 0.23511871695518494,
        "bg": 0.6884994506835938,
        "m": 0.4729948341846466,
        "mr": 0.4077772796154022,
        "dr": 0.22383402287960052,
        "mc": 0.21368438005447388,
        "dc": 0.23114502429962158,
        "bgb": 0.42290064692497253,
        "lgb": 0.1881607621908188
      },
      "peak_scores": {
        "mb": 0.8493655920028687,
        "db": 0.6290465593338013,
        "ml": 0.35094955563545227,
        "dl": 0.23511871695518494,
        "bg": 0.6884994506835938,
        "m": 0.4729948341846466,
        "mr": 0.4077772796154022,
        "dr": 0.22383402287960052,
        "mc": 0.21368438005447388,
        "dc": 0.23114502429962158,
        "bgb": 0.42290064692497253,
        "lgb": 0.1881607621908188
      },
      "top2": {
        "mb": 0.849044680595398,
        "db": 0.6286723613739014,
        "ml": 0.3509485721588135,
        "dl": 0.23496274650096893,
        "bg": 0.6882923245429993,
        "m": 0.47239235043525696,
        "mr": 0.4073662757873535,
        "dr": 0.2237020879983902,
        "mc": 0.21353937685489655,
        "dc": 0.23114100098609924,
        "bgb": 0.4227340519428253,
        "lgb": 0.18773286044597626
      },
      "second_scores": {
        "mb": 0.849044680595398,
        "db": 0.6286723613739014,
        "ml": 0.3509485721588135,
        "dl": 0.23496274650096893,
        "bg": 0.6882923245429993,
        "m": 0.47239235043525696,
        "mr": 0.4073662757873535,
        "dr": 0.2237020879983902,
        "mc": 0.21353937685489655,
        "dc": 0.23114100098609924,
        "bgb": 0.4227340519428253,
        "lgb": 0.18773286044597626
      },
      "margin": {
        "mb": 0.0003209114074707031,
        "db": 0.00037419795989990234,
        "ml": 9.834766387939453e-07,
        "dl": 0.00015597045421600342,
        "bg": 0.00020712614059448242,
        "m": 0.0006024837493896484,
        "mr": 0.00041100382804870605,
        "dr": 0.00013193488121032715,
        "mc": 0.00014500319957733154,
        "dc": 4.023313522338867e-06,
        "bgb": 0.0001665949821472168,
        "lgb": 0.0004279017448425293
      },
      "meta": {
        "case_id": "123",
        "arch": "U",
        "fdi": 27,
        "tooth_id": 14,
        "sigma_mm": 5.0,
        "unit": "mm"
      }
    }
  },
  "meta": {
    "root": "C:\\MISC\\Deepcare\\Orthodontics\\datasets\\landmarks_dataset\\cooked\\p0\\samples"
  }
}