{
  "predictions": {
    "t27": {
      "landmarks_local": {
        "mb": [
          4.490715026855469,
          -2.9983654022216797,
          2.3025665283203125
        ],
        "db": [
          3.0111541748046875,
          -2.9202728271484375,
          -1.417501449584961
        ],
        "ml": [
          -4.012928009033203,
          -4.2267656326293945,
          0.7806272506713867
        ],
        "dl": [
          -2.729795455932617,
          -4.460487365722656,
          -0.3635549545288086
        ],
        "bg": [
          3.0974502563476562,
          4.576468467712402,
          2.7510337829589844
        ],
        "m": [
          -5.138509750366211,
          2.906826972961426,
          0.7166604995727539
        ],
        "mr": [
          -6.466259002685547,
          -0.2946920394897461,
          1.219329833984375
        ],
        "dr": [
          -5.131635665893555,
          -0.064239501953125,
          -1.3151445388793945
        ],
        "mc": [
          -5.115772247314453,
          -3.131155014038086,
          0.8105936050415039
        ],
        "dc": [
          -2.729795455932617,
          -4.460487365722656,
          -0.3635549545288086
        ],
        "bgb": [
          4.528694152832031,
          2.73036527633667,
          2.573057174682617
        ],
        "lgb": [
          -5.115772247314453,
          -3.131155014038086,
          0.8105936050415039
        ]
      },
      "landmarks_global": {
        "mb": [
          4.490715026855469,
          -2.9983654022216797,
          2.3025665283203125
        ],
        "db": [
          3.0111541748046875,
          -2.9202728271484375,
          -1.417501449584961
        ],
        "ml": [
          -4.012928009033203,
          -4.2267656326293945,
          0.7806272506713867
        ],
        "dl": [
          -2.729795455932617,
          -4.460487365722656,
          -0.3635549545288086
        ],
        "bg": [
          3.0974502563476562,
          4.576468467712402,
          2.7510337829589844
        ],
        "m": [
          -5.138509750366211,
          2.906826972961426,
          0.7166604995727539
        ],
        "mr": [
          -6.466259002685547,
          -0.2946920394897461,
          1.219329833984375
        ],
        "dr": [
          -5.131635665893555,
          -0.064239501953125,
          -1.3151445388793945
        ],
        "mc": [
          -5.115772247314453,
          -3.131155014038086,
          0.8105936050415039
        ],
        "dc": [
          -2.729795455932617,
          -4.460487365722656,
          -0.3635549545288086
        ],
        "bgb": [
          4.528694152832031,
          2.73036527633667,
          2.573057174682617
        ],
        "lgb": [
          -5.115772247314453,
          -3.131155014038086,
          0.8105936050415039
        ]
      },
      "indices": {
        "mb": 407,
        "db": 1962,
        "ml": 6,
        "dl": 37,
        "bg": 1765,
        "m": 2512,
        "mr": 2783,
        "dr": 473,
        "mc": 91,
        "dc": 37,
        "bgb": 1876,
        "lgb": 91
      },
      "scores": {
        "mb": 0.838577926158905,
        "db": 0.7147753834724426,
        "ml": 0.3691854476928711,
        "dl": 0.27746787667274475,
        "bg": 0.6754823327064514,
        "m": 0.4401905834674835,
        "mr": 0.40074801445007324,
        "dr": 0.22974471747875214,
        "mc": 0.24043986201286316,
        "dc": 0.2554892897605896,
        "bgb": 0.4855441153049469,
        "lgb": 0.21904686093330383
      },
      "top1": {
        "mb": 0.838577926158905,
        "db": 0.7147753834724426,
        "ml": 0.3691854476928711,
        "dl": 0.27746787667274475,
        "bg": 0.6754823327064514,
        "m": 0.4401905834674835,
        "mr": 0.40074801445007324,
        "dr": 0.22974471747875214,
        "mc": 0.24043986201286316,
        "dc": 0.2554892897605896,
        "bgb": 0.4855441153049469,
        "lgb": 0.21904686093330383
      },
      "peak_scores": {
        "mb": 0.838577926158905,
        "db": 0.7147753834724426,
        "ml": 0.3691854476928711,
        "dl": 0.27746787667274475,
        "bg": 0.6754823327064514,
        "m": 0.4401905834674835,
        "mr": 0.40074801445007324,
        "dr": 0.22974471747875214,
        "mc": 0.24043986201286316,
        "dc": 0.2554892897605896,
        "bgb": 0.4855441153049469,
        "lgb": 0.21904686093330383
      },
      "top2": {
        "mb": 0.8383721709251404,
        "db": 0.7145721316337585,
        "ml": 0.36882612109184265,
        "dl": 0.27736127376556396,
        "bg": 0.6753287315368652,
        "m": 0.4400073289871216,
        "mr": 0.4004068076610565,
        "dr": 0.22973749041557312,
        "mc": 0.24035125970840454,
        "dc": 0.25481143593788147,
        "bgb": 0.48448002338409424,
        "lgb": 0.2189650684595108
      },
      "second_scores": {
        "mb": 0.8383721709251404,
        "db": 0.7145721316337585,
        "ml": 0.36882612109184265,
        "dl": 0.27736127376556396,
        "bg": 0.6753287315368652,
        "m": 0.4400073289871216,
        "mr": 0.4004068076610565,
        "dr": 0.22973749041557312,
        "mc": 0.24035125970840454,
        "dc": 0.25481143593788147,
        "bgb": 0.48448002338409424,
        "lgb": 0.2189650684595108
      },
      "margin": {
        "mb": 0.00020575523376464844,
        "db": 0.00020325183868408203,
        "ml": 0.0003593266010284424,
        "dl": 0.00010660290718078613,
        "bg": 0.00015360116958618164,
        "m": 0.00018325448036193848,
        "mr": 0.00034120678901672363,
        "dr": 7.227063179016113e-06,
        "mc": 8.860230445861816e-05,
        "dc": 0.0006778538227081299,
        "bgb": 0.0010640919208526611,
        "lgb": 8.179247379302979e-05
      },
      "meta": {
        "case_id": "124",
        "arch": "U",
        "fdi": 27,
        "tooth_id": 14,
        "sigma_mm": 5.0,
        "unit": "mm"
      }
    }
  },
  "meta": {
    "root": "C:\\MISC\\Deepcare\\Orthodontics\\datasets\\landmarks_dataset\\cooked\\p0\\samples"
  }
}