{
  "predictions": {
    "t27": {
      "landmarks_local": {
        "mb": [
          3.3788375854492188,
          -2.066476821899414,
          3.5349998474121094
        ],
        "db": [
          3.0372962951660156,
          1.3830642700195312,
          0.7684412002563477
        ],
        "ml": [
          -5.437400817871094,
          -2.049997329711914,
          -1.2974281311035156
        ],
        "dl": [
          -1.8927879333496094,
          -4.6033172607421875,
          -1.7133054733276367
        ],
        "bg": [
          -0.8104209899902344,
          5.156591415405273,
          2.855922222137451
        ],
        "m": [
          -5.4655914306640625,
          2.0757102966308594,
          -1.4191865921020508
        ],
        "mr": [
          -2.0117530822753906,
          5.75762939453125,
          2.0798182487487793
        ],
        "dr": [
          -5.437400817871094,
          -2.049997329711914,
          -1.2974281311035156
        ],
        "mc": [
          -2.351917266845703,
          5.818416595458984,
          1.831958293914795
        ],
        "dc": [
          -3.703105926513672,
          -0.7578601837158203,
          -2.23038387298584
        ],
        "bgb": [
          -1.0115165710449219,
          5.355678558349609,
          2.830759048461914
        ],
        "lgb": [
          -5.437400817871094,
          -2.049997329711914,
          -1.2974281311035156
        ]
      },
      "landmarks_global": {
        "mb": [
          3.3788375854492188,
          -2.066476821899414,
          3.5349998474121094
        ],
        "db": [
          3.0372962951660156,
          1.3830642700195312,
          0.7684412002563477
        ],
        "ml": [
          -5.437400817871094,
          -2.049997329711914,
          -1.2974281311035156
        ],
        "dl": [
          -1.8927879333496094,
          -4.6033172607421875,
          -1.7133054733276367
        ],
        "bg": [
          -0.8104209899902344,
          5.156591415405273,
          2.855922222137451
        ],
        "m": [
          -5.4655914306640625,
          2.0757102966308594,
          -1.4191865921020508
        ],
        "mr": [
          -2.0117530822753906,
          5.75762939453125,
          2.0798182487487793
        ],
        "dr": [
          -5.437400817871094,
          -2.049997329711914,
          -1.2974281311035156
        ],
        "mc": [
          -2.351917266845703,
          5.818416595458984,
          1.831958293914795
        ],
        "dc": [
          -3.703105926513672,
          -0.7578601837158203,
          -2.23038387298584
        ],
        "bgb": [
          -1.0115165710449219,
          5.355678558349609,
          2.830759048461914
        ],
        "lgb": [
          -5.437400817871094,
          -2.049997329711914,
          -1.2974281311035156
        ]
      },
      "indices": {
        "mb": 358,
        "db": 1223,
        "ml": 1964,
        "dl": 34,
        "bg": 925,
        "m": 592,
        "mr": 612,
        "dr": 1964,
        "mc": 1,
        "dc": 800,
        "bgb": 52,
        "lgb": 1964
      },
      "scores": {
        "mb": 0.7927260398864746,
        "db": 0.775714099407196,
        "ml": 0.36594563722610474,
        "dl": 0.6508899927139282,
        "bg": 0.4085477590560913,
        "m": 0.46721604466438293,
        "mr": 0.3693011701107025,
        "dr": 0.3925285339355469,
        "mc": 0.36874499917030334,
        "dc": 0.6645237803459167,
        "bgb": 0.5375965237617493,
        "lgb": 0.22350257635116577
      },
      "top1": {
        "mb": 0.7927260398864746,
        "db": 0.775714099407196,
        "ml": 0.36594563722610474,
        "dl": 0.6508899927139282,
        "bg": 0.4085477590560913,
        "m": 0.46721604466438293,
        "mr": 0.3693011701107025,
        "dr": 0.3925285339355469,
        "mc": 0.36874499917030334,
        "dc": 0.6645237803459167,
        "bgb": 0.5375965237617493,
        "lgb": 0.22350257635116577
      },
      "peak_scores": {
        "mb": 0.7927260398864746,
        "db": 0.775714099407196,
        "ml": 0.36594563722610474,
        "dl": 0.6508899927139282,
        "bg": 0.4085477590560913,
        "m": 0.46721604466438293,
        "mr": 0.3693011701107025,
        "dr": 0.3925285339355469,
        "mc": 0.36874499917030334,
        "dc": 0.6645237803459167,
        "bgb": 0.5375965237617493,
        "lgb": 0.22350257635116577
      },
      "top2": {
        "mb": 0.7925181984901428,
        "db": 0.7755639553070068,
        "ml": 0.3654550313949585,
        "dl": 0.6506414413452148,
        "bg": 0.408050537109375,
        "m": 0.4664149880409241,
        "mr": 0.36928966641426086,
        "dr": 0.3923470377922058,
        "mc": 0.3683260381221771,
        "dc": 0.6643695831298828,
        "bgb": 0.5359616279602051,
        "lgb": 0.2234785258769989
      },
      "second_scores": {
        "mb": 0.7925181984901428,
        "db": 0.7755639553070068,
        "ml": 0.3654550313949585,
        "dl": 0.6506414413452148,
        "bg": 0.408050537109375,
        "m": 0.4664149880409241,
        "mr": 0.36928966641426086,
        "dr": 0.3923470377922058,
        "mc": 0.3683260381221771,
        "dc": 0.6643695831298828,
        "bgb": 0.5359616279602051,
        "lgb": 0.2234785258769989
      },
      "margin": {
        "mb": 0.0002078413963317871,
        "db": 0.00015014410018920898,
        "ml": 0.0004906058311462402,
        "dl": 0.0002485513687133789,
        "bg": 0.0004972219467163086,
        "m": 0.0008010566234588623,
        "mr": 1.150369644165039e-05,
        "dr": 0.00018149614334106445,
        "mc": 0.0004189610481262207,
        "dc": 0.00015419721603393555,
        "bgb": 0.0016348958015441895,
        "lgb": 2.4050474166870117e-05
      },
      "meta": {
        "case_id": "125",
        "arch": "U",
        "fdi": 27,
        "tooth_id": 14,
        "sigma_mm": 5.0,
        "unit": "mm"
      }
    }
  },
  "meta": {
    "root": "C:\\MISC\\Deepcare\\Orthodontics\\datasets\\landmarks_dataset\\cooked\\p0\\samples"
  }
}