{
  "predictions": {
    "t27": {
      "landmarks_local": {
        "mb": [
          3.92340087890625,
          -0.22681522369384766,
          4.7227373123168945
        ],
        "db": [
          2.7590675354003906,
          -3.2142152786254883,
          -2.2647218704223633
        ],
        "ml": [
          -6.061712265014648,
          -2.5748977661132812,
          -0.7464532852172852
        ],
        "dl": [
          -0.3925590515136719,
          -5.593772888183594,
          -1.7778902053833008
        ],
        "bg": [
          1.2193374633789062,
          3.5456695556640625,
          4.516915321350098
        ],
        "m": [
          -5.358875274658203,
          3.439117431640625,
          0.25371360778808594
        ],
        "mr": [
          -6.939119338989258,
          1.3468637466430664,
          -0.7073898315429688
        ],
        "dr": [
          -3.7404747009277344,
          -0.9462976455688477,
          -3.247364044189453
        ],
        "mc": [
          -6.978429794311523,
          -1.4784660339355469,
          -0.8674259185791016
        ],
        "dc": [
          -3.7404747009277344,
          -0.9462976455688477,
          -3.247364044189453
        ],
        "bgb": [
          2.7274246215820312,
          2.95965576171875,
          3.122563362121582
        ],
        "lgb": [
          -6.978429794311523,
          -1.4784660339355469,
          -0.8674259185791016
        ]
      },
      "landmarks_global": {
        "mb": [
          3.92340087890625,
          -0.22681522369384766,
          4.7227373123168945
        ],
        "db": [
          2.7590675354003906,
          -3.2142152786254883,
          -2.2647218704223633
        ],
        "ml": [
          -6.061712265014648,
          -2.5748977661132812,
          -0.7464532852172852
        ],
        "dl": [
          -0.3925590515136719,
          -5.593772888183594,
          -1.7778902053833008
        ],
        "bg": [
          1.2193374633789062,
          3.5456695556640625,
          4.516915321350098
        ],
        "m": [
          -5.358875274658203,
          3.439117431640625,
          0.25371360778808594
        ],
        "mr": [
          -6.939119338989258,
          1.3468637466430664,
          -0.7073898315429688
        ],
        "dr": [
          -3.7404747009277344,
          -0.9462976455688477,
          -3.247364044189453
        ],
        "mc": [
          -6.978429794311523,
          -1.4784660339355469,
          -0.8674259185791016
        ],
        "dc": [
          -3.7404747009277344,
          -0.9462976455688477,
          -3.247364044189453
        ],
        "bgb": [
          2.7274246215820312,
          2.95965576171875,
          3.122563362121582
        ],
        "lgb": [
          -6.978429794311523,
          -1.4784660339355469,
          -0.8674259185791016
        ]
      },
      "indices": {
        "mb": 550,
        "db": 2820,
        "ml": 1869,
        "dl": 53,
        "bg": 229,
        "m": 2461,
        "mr": 16,
        "dr": 863,
        "mc": 0,
        "dc": 863,
        "bgb": 1082,
        "lgb": 0
      },
      "scores": {
        "mb": 0.8548668026924133,
        "db": 0.7406219244003296,
        "ml": 0.35348907113075256,
        "dl": 0.3684679865837097,
        "bg": 0.6447213888168335,
        "m": 0.419608473777771,
        "mr": 0.3930538594722748,
        "dr": 0.23004299402236938,
        "mc": 0.29872918128967285,
        "dc": 0.29569360613822937,
        "bgb": 0.4844975471496582,
        "lgb": 0.20874476432800293
      },
      "top1": {
        "mb": 0.8548668026924133,
        "db": 0.7406219244003296,
        "ml": 0.35348907113075256,
        "dl": 0.3684679865837097,
        "bg": 0.6447213888168335,
        "m": 0.419608473777771,
        "mr": 0.3930538594722748,
        "dr": 0.23004299402236938,
        "mc": 0.29872918128967285,
        "dc": 0.29569360613822937,
        "bgb": 0.4844975471496582,
        "lgb": 0.20874476432800293
      },
      "peak_scores": {
        "mb": 0.8548668026924133,
        "db": 0.7406219244003296,
        "ml": 0.35348907113075256,
        "dl": 0.3684679865837097,
        "bg": 0.6447213888168335,
        "m": 0.419608473777771,
        "mr": 0.3930538594722748,
        "dr": 0.23004299402236938,
        "mc": 0.29872918128967285,
        "dc": 0.29569360613822937,
        "bgb": 0.4844975471496582,
        "lgb": 0.20874476432800293
      },
      "top2": {
        "mb": 0.8546510934829712,
        "db": 0.740421712398529,
        "ml": 0.353338360786438,
        "dl": 0.36798375844955444,
        "bg": 0.6445056200027466,
        "m": 0.4193747937679291,
        "mr": 0.39273613691329956,
        "dr": 0.22968563437461853,
        "mc": 0.2971397340297699,
        "dc": 0.29536181688308716,
        "bgb": 0.4827001392841339,
        "lgb": 0.20827138423919678
      },
      "second_scores": {
        "mb": 0.8546510934829712,
        "db": 0.740421712398529,
        "ml": 0.353338360786438,
        "dl": 0.36798375844955444,
        "bg": 0.6445056200027466,
        "m": 0.4193747937679291,
        "mr": 0.39273613691329956,
        "dr": 0.22968563437461853,
        "mc": 0.2971397340297699,
        "dc": 0.29536181688308716,
        "bgb": 0.4827001392841339,
        "lgb": 0.20827138423919678
      },
      "margin": {
        "mb": 0.00021570920944213867,
        "db": 0.0002002120018005371,
        "ml": 0.0001507103443145752,
        "dl": 0.00048422813415527344,
        "bg": 0.00021576881408691406,
        "m": 0.00023368000984191895,
        "mr": 0.0003177225589752197,
        "dr": 0.0003573596477508545,
        "mc": 0.001589447259902954,
        "dc": 0.0003317892551422119,
        "bgb": 0.001797407865524292,
        "lgb": 0.00047338008880615234
      },
      "meta": {
        "case_id": "126",
        "arch": "U",
        "fdi": 27,
        "tooth_id": 14,
        "sigma_mm": 5.0,
        "unit": "mm"
      }
    }
  },
  "meta": {
    "root": "C:\\MISC\\Deepcare\\Orthodontics\\datasets\\landmarks_dataset\\cooked\\p0\\samples"
  }
}