{
  "predictions": {
    "t27": {
      "landmarks_local": {
        "mb": [
          3.8094444274902344,
          -3.7601470947265625,
          4.78413200378418
        ],
        "db": [
          3.056835174560547,
          -3.3137435913085938,
          -2.23520565032959
        ],
        "ml": [
          -1.2396583557128906,
          -7.178083419799805,
          0.3628387451171875
        ],
        "dl": [
          -2.1054420471191406,
          -5.563127517700195,
          -1.8535127639770508
        ],
        "bg": [
          -2.608856201171875,
          6.2065887451171875,
          3.08563232421875
        ],
        "m": [
          -6.4190521240234375,
          5.109281539916992,
          0.19707489013671875
        ],
        "mr": [
          -4.710094451904297,
          6.233898162841797,
          1.8642215728759766
        ],
        "dr": [
          -4.4900360107421875,
          -2.701997756958008,
          -2.3627634048461914
        ],
        "mc": [
          -6.885746002197266,
          3.544168472290039,
          -0.6868190765380859
        ],
        "dc": [
          -2.1054420471191406,
          -5.563127517700195,
          -1.8535127639770508
        ],
        "bgb": [
          0.6657829284667969,
          4.707086563110352,
          1.9106159210205078
        ],
        "lgb": [
          -4.4900360107421875,
          -2.701997756958008,
          -2.3627634048461914
        ]
      },
      "landmarks_global": {
        "mb": [
          3.8094444274902344,
          -3.7601470947265625,
          4.78413200378418
        ],
        "db": [
          3.056835174560547,
          -3.3137435913085938,
          -2.23520565032959
        ],
        "ml": [
          -1.2396583557128906,
          -7.178083419799805,
          0.3628387451171875
        ],
        "dl": [
          -2.1054420471191406,
          -5.563127517700195,
          -1.8535127639770508
        ],
        "bg": [
          -2.608856201171875,
          6.2065887451171875,
          3.08563232421875
        ],
        "m": [
          -6.4190521240234375,
          5.109281539916992,
          0.19707489013671875
        ],
        "mr": [
          -4.710094451904297,
          6.233898162841797,
          1.8642215728759766
        ],
        "dr": [
          -4.4900360107421875,
          -2.701997756958008,
          -2.3627634048461914
        ],
        "mc": [
          -6.885746002197266,
          3.544168472290039,
          -0.6868190765380859
        ],
        "dc": [
          -2.1054420471191406,
          -5.563127517700195,
          -1.8535127639770508
        ],
        "bgb": [
          0.6657829284667969,
          4.707086563110352,
          1.9106159210205078
        ],
        "lgb": [
          -4.4900360107421875,
          -2.701997756958008,
          -2.3627634048461914
        ]
      },
      "indices": {
        "mb": 2227,
        "db": 358,
        "ml": 2495,
        "dl": 1140,
        "bg": 43,
        "m": 1956,
        "mr": 1012,
        "dr": 430,
        "mc": 1572,
        "dc": 1140,
        "bgb": 988,
        "lgb": 430
      },
      "scores": {
        "mb": 0.8452034592628479,
        "db": 0.6552408337593079,
        "ml": 0.34727537631988525,
        "dl": 0.4711262881755829,
        "bg": 0.5054664015769958,
        "m": 0.34583553671836853,
        "mr": 0.3914879560470581,
        "dr": 0.2109593152999878,
        "mc": 0.3663463294506073,
        "dc": 0.4068051874637604,
        "bgb": 0.4089674651622772,
        "lgb": 0.1948411613702774
      },
      "top1": {
        "mb": 0.8452034592628479,
        "db": 0.6552408337593079,
        "ml": 0.34727537631988525,
        "dl": 0.4711262881755829,
        "bg": 0.5054664015769958,
        "m": 0.34583553671836853,
        "mr": 0.3914879560470581,
        "dr": 0.2109593152999878,
        "mc": 0.3663463294506073,
        "dc": 0.4068051874637604,
        "bgb": 0.4089674651622772,
        "lgb": 0.1948411613702774
      },
      "peak_scores": {
        "mb": 0.8452034592628479,
        "db": 0.6552408337593079,
        "ml": 0.34727537631988525,
        "dl": 0.4711262881755829,
        "bg": 0.5054664015769958,
        "m": 0.34583553671836853,
        "mr": 0.3914879560470581,
        "dr": 0.2109593152999878,
        "mc": 0.3663463294506073,
        "dc": 0.4068051874637604,
        "bgb": 0.4089674651622772,
        "lgb": 0.1948411613702774
      },
      "top2": {
        "mb": 0.8451972603797913,
        "db": 0.6550565361976624,
        "ml": 0.3471115529537201,
        "dl": 0.47082892060279846,
        "bg": 0.5054023861885071,
        "m": 0.3453948497772217,
        "mr": 0.39104747772216797,
        "dr": 0.2105153203010559,
        "mc": 0.3659834861755371,
        "dc": 0.4059814512729645,
        "bgb": 0.4089260995388031,
        "lgb": 0.19436334073543549
      },
      "second_scores": {
        "mb": 0.8451972603797913,
        "db": 0.6550565361976624,
        "ml": 0.3471115529537201,
        "dl": 0.47082892060279846,
        "bg": 0.5054023861885071,
        "m": 0.3453948497772217,
        "mr": 0.39104747772216797,
        "dr": 0.2105153203010559,
        "mc": 0.3659834861755371,
        "dc": 0.4059814512729645,
        "bgb": 0.4089260995388031,
        "lgb": 0.19436334073543549
      },
      "margin": {
        "mb": 6.198883056640625e-06,
        "db": 0.0001842975616455078,
        "ml": 0.00016382336616516113,
        "dl": 0.00029736757278442383,
        "bg": 6.401538848876953e-05,
        "m": 0.0004406869411468506,
        "mr": 0.0004404783248901367,
        "dr": 0.00044399499893188477,
        "mc": 0.00036284327507019043,
        "dc": 0.0008237361907958984,
        "bgb": 4.1365623474121094e-05,
        "lgb": 0.00047782063484191895
      },
      "meta": {
        "case_id": "127",
        "arch": "U",
        "fdi": 27,
        "tooth_id": 14,
        "sigma_mm": 5.0,
        "unit": "mm"
      }
    }
  },
  "meta": {
    "root": "C:\\MISC\\Deepcare\\Orthodontics\\datasets\\landmarks_dataset\\cooked\\p0\\samples"
  }
}