{
  "predictions": {
    "t27": {
      "landmarks_local": {
        "mb": [
          3.261751174926758,
          -2.8042163848876953,
          4.622754096984863
        ],
        "db": [
          2.9795169830322266,
          -1.2100305557250977,
          -0.624333381652832
        ],
        "ml": [
          -6.448846817016602,
          -0.3085308074951172,
          0.34569835662841797
        ],
        "dl": [
          -0.6478652954101562,
          -4.885923385620117,
          -0.20438671112060547
        ],
        "bg": [
          2.7511234283447266,
          3.642838954925537,
          3.621457099914551
        ],
        "m": [
          -6.492433547973633,
          1.3023357391357422,
          0.4360027313232422
        ],
        "mr": [
          -6.197090148925781,
          2.0557761192321777,
          0.35802650451660156
        ],
        "dr": [
          -3.8736190795898438,
          -2.6043701171875,
          -1.281808853149414
        ],
        "mc": [
          -6.197090148925781,
          2.0557761192321777,
          0.35802650451660156
        ],
        "dc": [
          -3.5342025756835938,
          -2.1669387817382812,
          -1.8534069061279297
        ],
        "bgb": [
          2.636476516723633,
          3.816542625427246,
          3.464016914367676
        ],
        "lgb": [
          -4.418573379516602,
          -3.1639041900634766,
          -0.23531246185302734
        ]
      },
      "landmarks_global": {
        "mb": [
          3.261751174926758,
          -2.8042163848876953,
          4.622754096984863
        ],
        "db": [
          2.9795169830322266,
          -1.2100305557250977,
          -0.624333381652832
        ],
        "ml": [
          -6.448846817016602,
          -0.3085308074951172,
          0.34569835662841797
        ],
        "dl": [
          -0.6478652954101562,
          -4.885923385620117,
          -0.20438671112060547
        ],
        "bg": [
          2.7511234283447266,
          3.642838954925537,
          3.621457099914551
        ],
        "m": [
          -6.492433547973633,
          1.3023357391357422,
          0.4360027313232422
        ],
        "mr": [
          -6.197090148925781,
          2.0557761192321777,
          0.35802650451660156
        ],
        "dr": [
          -3.8736190795898438,
          -2.6043701171875,
          -1.281808853149414
        ],
        "mc": [
          -6.197090148925781,
          2.0557761192321777,
          0.35802650451660156
        ],
        "dc": [
          -3.5342025756835938,
          -2.1669387817382812,
          -1.8534069061279297
        ],
        "bgb": [
          2.636476516723633,
          3.816542625427246,
          3.464016914367676
        ],
        "lgb": [
          -4.418573379516602,
          -3.1639041900634766,
          -0.23531246185302734
        ]
      },
      "indices": {
        "mb": 27,
        "db": 24,
        "ml": 1692,
        "dl": 988,
        "bg": 1,
        "m": 5,
        "mr": 2132,
        "dr": 2480,
        "mc": 2132,
        "dc": 2298,
        "bgb": 1196,
        "lgb": 2241
      },
      "scores": {
        "mb": 0.7734830975532532,
        "db": 0.8562326431274414,
        "ml": 0.35721680521965027,
        "dl": 0.5116400122642517,
        "bg": 0.48787131905555725,
        "m": 0.5106751322746277,
        "mr": 0.348290354013443,
        "dr": 0.4070611894130707,
        "mc": 0.3205207288265228,
        "dc": 0.6696023344993591,
        "bgb": 0.6719512939453125,
        "lgb": 0.2096053659915924
      },
      "top1": {
        "mb": 0.7734830975532532,
        "db": 0.8562326431274414,
        "ml": 0.35721680521965027,
        "dl": 0.5116400122642517,
        "bg": 0.48787131905555725,
        "m": 0.5106751322746277,
        "mr": 0.348290354013443,
        "dr": 0.4070611894130707,
        "mc": 0.3205207288265228,
        "dc": 0.6696023344993591,
        "bgb": 0.6719512939453125,
        "lgb": 0.2096053659915924
      },
      "peak_scores": {
        "mb": 0.7734830975532532,
        "db": 0.8562326431274414,
        "ml": 0.35721680521965027,
        "dl": 0.5116400122642517,
        "bg": 0.48787131905555725,
        "m": 0.5106751322746277,
        "mr": 0.348290354013443,
        "dr": 0.4070611894130707,
        "mc": 0.3205207288265228,
        "dc": 0.6696023344993591,
        "bgb": 0.6719512939453125,
        "lgb": 0.2096053659915924
      },
      "top2": {
        "mb": 0.7726771235466003,
        "db": 0.8559497594833374,
        "ml": 0.3567042052745819,
        "dl": 0.509202778339386,
        "bg": 0.48765918612480164,
        "m": 0.5096577405929565,
        "mr": 0.34721091389656067,
        "dr": 0.40686723589897156,
        "mc": 0.32007843255996704,
        "dc": 0.6694430708885193,
        "bgb": 0.6705700159072876,
        "lgb": 0.2088295966386795
      },
      "second_scores": {
        "mb": 0.7726771235466003,
        "db": 0.8559497594833374,
        "ml": 0.3567042052745819,
        "dl": 0.509202778339386,
        "bg": 0.48765918612480164,
        "m": 0.5096577405929565,
        "mr": 0.34721091389656067,
        "dr": 0.40686723589897156,
        "mc": 0.32007843255996704,
        "dc": 0.6694430708885193,
        "bgb": 0.6705700159072876,
        "lgb": 0.2088295966386795
      },
      "margin": {
        "mb": 0.000805974006652832,
        "db": 0.0002828836441040039,
        "ml": 0.0005125999450683594,
        "dl": 0.0024372339248657227,
        "bg": 0.00021213293075561523,
        "m": 0.0010173916816711426,
        "mr": 0.0010794401168823242,
        "dr": 0.0001939535140991211,
        "mc": 0.00044229626655578613,
        "dc": 0.00015926361083984375,
        "bgb": 0.0013812780380249023,
        "lgb": 0.0007757693529129028
      },
      "meta": {
        "case_id": "128",
        "arch": "U",
        "fdi": 27,
        "tooth_id": 14,
        "sigma_mm": 5.0,
        "unit": "mm"
      }
    }
  },
  "meta": {
    "root": "C:\\MISC\\Deepcare\\Orthodontics\\datasets\\landmarks_dataset\\cooked\\p0\\samples"
  }
}