{
  "predictions": {
    "t27": {
      "landmarks_local": {
        "mb": [
          3.963376998901367,
          0.05169963836669922,
          2.7290878295898438
        ],
        "db": [
          2.930208206176758,
          -2.2287588119506836,
          -0.942474365234375
        ],
        "ml": [
          -4.718193054199219,
          -1.7022485733032227,
          -0.7891006469726562
        ],
        "dl": [
          -0.1807842254638672,
          -4.664189338684082,
          -1.6732425689697266
        ],
        "bg": [
          2.551105499267578,
          3.374197006225586,
          2.723255157470703
        ],
        "m": [
          -4.800657272338867,
          2.9315595626831055,
          0.18015670776367188
        ],
        "mr": [
          -5.491708755493164,
          1.9086685180664062,
          -0.46929168701171875
        ],
        "dr": [
          1.192434310913086,
          -3.4118337631225586,
          -1.8954458236694336
        ],
        "mc": [
          -5.578569412231445,
          0.1533203125,
          -1.0642147064208984
        ],
        "dc": [
          -0.30974388122558594,
          -4.552474021911621,
          -1.7007036209106445
        ],
        "bgb": [
          2.882333755493164,
          3.086956024169922,
          2.7648353576660156
        ],
        "lgb": [
          -4.783018112182617,
          -1.6476354598999023,
          -0.8866100311279297
        ]
      },
      "landmarks_global": {
        "mb": [
          3.963376998901367,
          0.05169963836669922,
          2.7290878295898438
        ],
        "db": [
          2.930208206176758,
          -2.2287588119506836,
          -0.942474365234375
        ],
        "ml": [
          -4.718193054199219,
          -1.7022485733032227,
          -0.7891006469726562
        ],
        "dl": [
          -0.1807842254638672,
          -4.664189338684082,
          -1.6732425689697266
        ],
        "bg": [
          2.551105499267578,
          3.374197006225586,
          2.723255157470703
        ],
        "m": [
          -4.800657272338867,
          2.9315595626831055,
          0.18015670776367188
        ],
        "mr": [
          -5.491708755493164,
          1.9086685180664062,
          -0.46929168701171875
        ],
        "dr": [
          1.192434310913086,
          -3.4118337631225586,
          -1.8954458236694336
        ],
        "mc": [
          -5.578569412231445,
          0.1533203125,
          -1.0642147064208984
        ],
        "dc": [
          -0.30974388122558594,
          -4.552474021911621,
          -1.7007036209106445
        ],
        "bgb": [
          2.882333755493164,
          3.086956024169922,
          2.7648353576660156
        ],
        "lgb": [
          -4.783018112182617,
          -1.6476354598999023,
          -0.8866100311279297
        ]
      },
      "indices": {
        "mb": 1293,
        "db": 2545,
        "ml": 2644,
        "dl": 460,
        "bg": 1598,
        "m": 1,
        "mr": 726,
        "dr": 598,
        "mc": 10,
        "dc": 1721,
        "bgb": 998,
        "lgb": 21
      },
      "scores": {
        "mb": 0.8228346109390259,
        "db": 0.5267307758331299,
        "ml": 0.3988124430179596,
        "dl": 0.4905049502849579,
        "bg": 0.5328978896141052,
        "m": 0.31201663613319397,
        "mr": 0.38029152154922485,
        "dr": 0.20065852999687195,
        "mc": 0.3968208134174347,
        "dc": 0.3965255618095398,
        "bgb": 0.3807729482650757,
        "lgb": 0.28103598952293396
      },
      "top1": {
        "mb": 0.8228346109390259,
        "db": 0.5267307758331299,
        "ml": 0.3988124430179596,
        "dl": 0.4905049502849579,
        "bg": 0.5328978896141052,
        "m": 0.31201663613319397,
        "mr": 0.38029152154922485,
        "dr": 0.20065852999687195,
        "mc": 0.3968208134174347,
        "dc": 0.3965255618095398,
        "bgb": 0.3807729482650757,
        "lgb": 0.28103598952293396
      },
      "peak_scores": {
        "mb": 0.8228346109390259,
        "db": 0.5267307758331299,
        "ml": 0.3988124430179596,
        "dl": 0.4905049502849579,
        "bg": 0.5328978896141052,
        "m": 0.31201663613319397,
        "mr": 0.38029152154922485,
        "dr": 0.20065852999687195,
        "mc": 0.3968208134174347,
        "dc": 0.3965255618095398,
        "bgb": 0.3807729482650757,
        "lgb": 0.28103598952293396
      },
      "top2": {
        "mb": 0.822708010673523,
        "db": 0.5264130234718323,
        "ml": 0.39874395728111267,
        "dl": 0.4901258647441864,
        "bg": 0.5327929854393005,
        "m": 0.31101754307746887,
        "mr": 0.3798893988132477,
        "dr": 0.2006036937236786,
        "mc": 0.39482030272483826,
        "dc": 0.39647355675697327,
        "bgb": 0.3807205855846405,
        "lgb": 0.2804446518421173
      },
      "second_scores": {
        "mb": 0.822708010673523,
        "db": 0.5264130234718323,
        "ml": 0.39874395728111267,
        "dl": 0.4901258647441864,
        "bg": 0.5327929854393005,
        "m": 0.31101754307746887,
        "mr": 0.3798893988132477,
        "dr": 0.2006036937236786,
        "mc": 0.39482030272483826,
        "dc": 0.39647355675697327,
        "bgb": 0.3807205855846405,
        "lgb": 0.2804446518421173
      },
      "margin": {
        "mb": 0.0001266002655029297,
        "db": 0.0003177523612976074,
        "ml": 6.848573684692383e-05,
        "dl": 0.0003790855407714844,
        "bg": 0.0001049041748046875,
        "m": 0.0009990930557250977,
        "mr": 0.00040212273597717285,
        "dr": 5.4836273193359375e-05,
        "mc": 0.0020005106925964355,
        "dc": 5.200505256652832e-05,
        "bgb": 5.2362680435180664e-05,
        "lgb": 0.0005913376808166504
      },
      "meta": {
        "case_id": "129",
        "arch": "U",
        "fdi": 27,
        "tooth_id": 14,
        "sigma_mm": 5.0,
        "unit": "mm"
      }
    }
  },
  "meta": {
    "root": "C:\\MISC\\Deepcare\\Orthodontics\\datasets\\landmarks_dataset\\cooked\\p0\\samples"
  }
}