{
  "predictions": {
    "t27": {
      "landmarks_local": {
        "mb": [
          3.755840301513672,
          1.9837055206298828,
          4.022814750671387
        ],
        "db": [
          3.3731117248535156,
          -0.9445762634277344,
          -1.2903070449829102
        ],
        "ml": [
          -6.64659309387207,
          -1.43670654296875,
          0.9239530563354492
        ],
        "dl": [
          -0.06646728515625,
          -4.394268035888672,
          -1.6182756423950195
        ],
        "bg": [
          2.8593101501464844,
          3.764759063720703,
          2.1967220306396484
        ],
        "m": [
          -3.8820629119873047,
          4.274030685424805,
          0.5474567413330078
        ],
        "mr": [
          -5.129213333129883,
          3.2373313903808594,
          0.4012880325317383
        ],
        "dr": [
          -4.0108184814453125,
          -2.1062278747558594,
          -1.523850440979004
        ],
        "mc": [
          -6.817541122436523,
          -1.0640640258789062,
          0.9829931259155273
        ],
        "dc": [
          -2.7099266052246094,
          -4.093976974487305,
          -0.9851522445678711
        ],
        "bgb": [
          2.112224578857422,
          4.520847320556641,
          3.120406150817871
        ],
        "lgb": [
          -6.64659309387207,
          -1.43670654296875,
          0.9239530563354492
        ]
      },
      "landmarks_global": {
        "mb": [
          3.755840301513672,
          1.9837055206298828,
          4.022814750671387
        ],
        "db": [
          3.3731117248535156,
          -0.9445762634277344,
          -1.2903070449829102
        ],
        "ml": [
          -6.64659309387207,
          -1.43670654296875,
          0.9239530563354492
        ],
        "dl": [
          -0.06646728515625,
          -4.394268035888672,
          -1.6182756423950195
        ],
        "bg": [
          2.8593101501464844,
          3.764759063720703,
          2.1967220306396484
        ],
        "m": [
          -3.8820629119873047,
          4.274030685424805,
          0.5474567413330078
        ],
        "mr": [
          -5.129213333129883,
          3.2373313903808594,
          0.4012880325317383
        ],
        "dr": [
          -4.0108184814453125,
          -2.1062278747558594,
          -1.523850440979004
        ],
        "mc": [
          -6.817541122436523,
          -1.0640640258789062,
          0.9829931259155273
        ],
        "dc": [
          -2.7099266052246094,
          -4.093976974487305,
          -0.9851522445678711
        ],
        "bgb": [
          2.112224578857422,
          4.520847320556641,
          3.120406150817871
        ],
        "lgb": [
          -6.64659309387207,
          -1.43670654296875,
          0.9239530563354492
        ]
      },
      "indices": {
        "mb": 22,
        "db": 1524,
        "ml": 717,
        "dl": 2436,
        "bg": 2197,
        "m": 2904,
        "mr": 488,
        "dr": 1564,
        "mc": 0,
        "dc": 2965,
        "bgb": 787,
        "lgb": 717
      },
      "scores": {
        "mb": 0.8413571119308472,
        "db": 0.698655366897583,
        "ml": 0.42291781306266785,
        "dl": 0.5924594402313232,
        "bg": 0.4456397294998169,
        "m": 0.33032193779945374,
        "mr": 0.4333270192146301,
        "dr": 0.23771199584007263,
        "mc": 0.43795666098594666,
        "dc": 0.5268790125846863,
        "bgb": 0.43938013911247253,
        "lgb": 0.2449234277009964
      },
      "top1": {
        "mb": 0.8413571119308472,
        "db": 0.698655366897583,
        "ml": 0.42291781306266785,
        "dl": 0.5924594402313232,
        "bg": 0.4456397294998169,
        "m": 0.33032193779945374,
        "mr": 0.4333270192146301,
        "dr": 0.23771199584007263,
        "mc": 0.43795666098594666,
        "dc": 0.5268790125846863,
        "bgb": 0.43938013911247253,
        "lgb": 0.2449234277009964
      },
      "peak_scores": {
        "mb": 0.8413571119308472,
        "db": 0.698655366897583,
        "ml": 0.42291781306266785,
        "dl": 0.5924594402313232,
        "bg": 0.4456397294998169,
        "m": 0.33032193779945374,
        "mr": 0.4333270192146301,
        "dr": 0.23771199584007263,
        "mc": 0.43795666098594666,
        "dc": 0.5268790125846863,
        "bgb": 0.43938013911247253,
        "lgb": 0.2449234277009964
      },
      "top2": {
        "mb": 0.8411489129066467,
        "db": 0.6984173059463501,
        "ml": 0.42246028780937195,
        "dl": 0.5921025276184082,
        "bg": 0.44546666741371155,
        "m": 0.33024847507476807,
        "mr": 0.43307092785835266,
        "dr": 0.23754079639911652,
        "mc": 0.4375024139881134,
        "dc": 0.5255566835403442,
        "bgb": 0.43903258442878723,
        "lgb": 0.2441684454679489
      },
      "second_scores": {
        "mb": 0.8411489129066467,
        "db": 0.6984173059463501,
        "ml": 0.42246028780937195,
        "dl": 0.5921025276184082,
        "bg": 0.44546666741371155,
        "m": 0.33024847507476807,
        "mr": 0.43307092785835266,
        "dr": 0.23754079639911652,
        "mc": 0.4375024139881134,
        "dc": 0.5255566835403442,
        "bgb": 0.43903258442878723,
        "lgb": 0.2441684454679489
      },
      "margin": {
        "mb": 0.00020819902420043945,
        "db": 0.00023806095123291016,
        "ml": 0.00045752525329589844,
        "dl": 0.00035691261291503906,
        "bg": 0.00017306208610534668,
        "m": 7.346272468566895e-05,
        "mr": 0.0002560913562774658,
        "dr": 0.00017119944095611572,
        "mc": 0.00045424699783325195,
        "dc": 0.001322329044342041,
        "bgb": 0.00034755468368530273,
        "lgb": 0.0007549822330474854
      },
      "meta": {
        "case_id": "130",
        "arch": "U",
        "fdi": 27,
        "tooth_id": 14,
        "sigma_mm": 5.0,
        "unit": "mm"
      }
    }
  },
  "meta": {
    "root": "C:\\MISC\\Deepcare\\Orthodontics\\datasets\\landmarks_dataset\\cooked\\p0\\samples"
  }
}