{
  "predictions": {
    "t27": {
      "landmarks_local": {
        "mb": [
          2.212688446044922,
          4.068943977355957,
          4.108630180358887
        ],
        "db": [
          -1.6953163146972656,
          -1.625488042831421,
          -3.4452590942382812
        ],
        "ml": [
          -5.977470397949219,
          -0.8679273128509521,
          0.7422542572021484
        ],
        "dl": [
          -5.464204788208008,
          -1.3126165866851807,
          -3.4035463333129883
        ],
        "bg": [
          1.3504924774169922,
          1.7966042757034302,
          5.000490188598633
        ],
        "m": [
          -6.968280792236328,
          -0.3651118278503418,
          -0.3893146514892578
        ],
        "mr": [
          -6.357477188110352,
          -0.2506289482116699,
          1.0182771682739258
        ],
        "dr": [
          -5.464204788208008,
          -1.3126165866851807,
          -3.4035463333129883
        ],
        "mc": [
          -6.357477188110352,
          -0.2506289482116699,
          1.0182771682739258
        ],
        "dc": [
          -5.464204788208008,
          -1.3126165866851807,
          -3.4035463333129883
        ],
        "bgb": [
          2.7739028930664062,
          5.5880937576293945,
          0.9374685287475586
        ],
        "lgb": [
          -4.846435546875,
          -2.5567195415496826,
          -1.6061172485351562
        ]
      },
      "landmarks_global": {
        "mb": [
          2.212688446044922,
          4.068943977355957,
          4.108630180358887
        ],
        "db": [
          -1.6953163146972656,
          -1.625488042831421,
          -3.4452590942382812
        ],
        "ml": [
          -5.977470397949219,
          -0.8679273128509521,
          0.7422542572021484
        ],
        "dl": [
          -5.464204788208008,
          -1.3126165866851807,
          -3.4035463333129883
        ],
        "bg": [
          1.3504924774169922,
          1.7966042757034302,
          5.000490188598633
        ],
        "m": [
          -6.968280792236328,
          -0.3651118278503418,
          -0.3893146514892578
        ],
        "mr": [
          -6.357477188110352,
          -0.2506289482116699,
          1.0182771682739258
        ],
        "dr": [
          -5.464204788208008,
          -1.3126165866851807,
          -3.4035463333129883
        ],
        "mc": [
          -6.357477188110352,
          -0.2506289482116699,
          1.0182771682739258
        ],
        "dc": [
          -5.464204788208008,
          -1.3126165866851807,
          -3.4035463333129883
        ],
        "bgb": [
          2.7739028930664062,
          5.5880937576293945,
          0.9374685287475586
        ],
        "lgb": [
          -4.846435546875,
          -2.5567195415496826,
          -1.6061172485351562
        ]
      },
      "indices": {
        "mb": 1576,
        "db": 1507,
        "ml": 860,
        "dl": 1,
        "bg": 2448,
        "m": 1973,
        "mr": 847,
        "dr": 1,
        "mc": 847,
        "dc": 1,
        "bgb": 824,
        "lgb": 1673
      },
      "scores": {
        "mb": 0.7923153042793274,
        "db": 0.858110249042511,
        "ml": 0.39058718085289,
        "dl": 0.4331195652484894,
        "bg": 0.5292556881904602,
        "m": 0.5934058427810669,
        "mr": 0.368867963552475,
        "dr": 0.3381817638874054,
        "mc": 0.3009909391403198,
        "dc": 0.5960748791694641,
        "bgb": 0.7481047511100769,
        "lgb": 0.21353840827941895
      },
      "top1": {
        "mb": 0.7923153042793274,
        "db": 0.858110249042511,
        "ml": 0.39058718085289,
        "dl": 0.4331195652484894,
        "bg": 0.5292556881904602,
        "m": 0.5934058427810669,
        "mr": 0.368867963552475,
        "dr": 0.3381817638874054,
        "mc": 0.3009909391403198,
        "dc": 0.5960748791694641,
        "bgb": 0.7481047511100769,
        "lgb": 0.21353840827941895
      },
      "peak_scores": {
        "mb": 0.7923153042793274,
        "db": 0.858110249042511,
        "ml": 0.39058718085289,
        "dl": 0.4331195652484894,
        "bg": 0.5292556881904602,
        "m": 0.5934058427810669,
        "mr": 0.368867963552475,
        "dr": 0.3381817638874054,
        "mc": 0.3009909391403198,
        "dc": 0.5960748791694641,
        "bgb": 0.7481047511100769,
        "lgb": 0.21353840827941895
      },
      "top2": {
        "mb": 0.7922596335411072,
        "db": 0.8579017519950867,
        "ml": 0.3904682397842407,
        "dl": 0.4329054355621338,
        "bg": 0.528809130191803,
        "m": 0.5930636525154114,
        "mr": 0.36708810925483704,
        "dr": 0.33608824014663696,
        "mc": 0.30086371302604675,
        "dc": 0.5946137309074402,
        "bgb": 0.7465482354164124,
        "lgb": 0.21299506723880768
      },
      "second_scores": {
        "mb": 0.7922596335411072,
        "db": 0.8579017519950867,
        "ml": 0.3904682397842407,
        "dl": 0.4329054355621338,
        "bg": 0.528809130191803,
        "m": 0.5930636525154114,
        "mr": 0.36708810925483704,
        "dr": 0.33608824014663696,
        "mc": 0.30086371302604675,
        "dc": 0.5946137309074402,
        "bgb": 0.7465482354164124,
        "lgb": 0.21299506723880768
      },
      "margin": {
        "mb": 5.5670738220214844e-05,
        "db": 0.0002084970474243164,
        "ml": 0.00011894106864929199,
        "dl": 0.00021412968635559082,
        "bg": 0.00044655799865722656,
        "m": 0.0003421902656555176,
        "mr": 0.0017798542976379395,
        "dr": 0.0020935237407684326,
        "mc": 0.0001272261142730713,
        "dc": 0.0014611482620239258,
        "bgb": 0.0015565156936645508,
        "lgb": 0.0005433410406112671
      },
      "meta": {
        "case_id": "132",
        "arch": "U",
        "fdi": 27,
        "tooth_id": 14,
        "sigma_mm": 5.0,
        "unit": "mm"
      }
    }
  },
  "meta": {
    "root": "C:\\MISC\\Deepcare\\Orthodontics\\datasets\\landmarks_dataset\\cooked\\p0\\samples"
  }
}