{
  "predictions": {
    "t27": {
      "landmarks_local": {
        "mb": [
          2.5552978515625,
          0.5623626708984375,
          3.9472055435180664
        ],
        "db": [
          3.015836715698242,
          2.0333681106567383,
          -4.76057243347168
        ],
        "ml": [
          -4.988208770751953,
          -1.3422622680664062,
          1.3230228424072266
        ],
        "dl": [
          -5.133613586425781,
          -2.1869430541992188,
          -0.3118762969970703
        ],
        "bg": [
          0.916107177734375,
          2.840458869934082,
          4.936099529266357
        ],
        "m": [
          -6.9696807861328125,
          1.3683109283447266,
          0.2124471664428711
        ],
        "mr": [
          0.13184165954589844,
          2.7313270568847656,
          5.089908123016357
        ],
        "dr": [
          -4.861362457275391,
          -1.3468093872070312,
          -3.6465206146240234
        ],
        "mc": [
          0.13184165954589844,
          2.7313270568847656,
          5.089908123016357
        ],
        "dc": [
          0.1808319091796875,
          -0.3016071319580078,
          -5.6037139892578125
        ],
        "bgb": [
          4.45918083190918,
          4.3343400955200195,
          -0.18966197967529297
        ],
        "lgb": [
          -6.194141387939453,
          -0.9755535125732422,
          -0.4219846725463867
        ]
      },
      "landmarks_global": {
        "mb": [
          2.5552978515625,
          0.5623626708984375,
          3.9472055435180664
        ],
        "db": [
          3.015836715698242,
          2.0333681106567383,
          -4.76057243347168
        ],
        "ml": [
          -4.988208770751953,
          -1.3422622680664062,
          1.3230228424072266
        ],
        "dl": [
          -5.133613586425781,
          -2.1869430541992188,
          -0.3118762969970703
        ],
        "bg": [
          0.916107177734375,
          2.840458869934082,
          4.936099529266357
        ],
        "m": [
          -6.9696807861328125,
          1.3683109283447266,
          0.2124471664428711
        ],
        "mr": [
          0.13184165954589844,
          2.7313270568847656,
          5.089908123016357
        ],
        "dr": [
          -4.861362457275391,
          -1.3468093872070312,
          -3.6465206146240234
        ],
        "mc": [
          0.13184165954589844,
          2.7313270568847656,
          5.089908123016357
        ],
        "dc": [
          0.1808319091796875,
          -0.3016071319580078,
          -5.6037139892578125
        ],
        "bgb": [
          4.45918083190918,
          4.3343400955200195,
          -0.18966197967529297
        ],
        "lgb": [
          -6.194141387939453,
          -0.9755535125732422,
          -0.4219846725463867
        ]
      },
      "indices": {
        "mb": 1418,
        "db": 1779,
        "ml": 2523,
        "dl": 1472,
        "bg": 462,
        "m": 1339,
        "mr": 297,
        "dr": 36,
        "mc": 297,
        "dc": 133,
        "bgb": 1784,
        "lgb": 1142
      },
      "scores": {
        "mb": 0.7642130851745605,
        "db": 0.8484011292457581,
        "ml": 0.39025065302848816,
        "dl": 0.6644690632820129,
        "bg": 0.3984183967113495,
        "m": 0.5250332355499268,
        "mr": 0.3936900496482849,
        "dr": 0.4442805051803589,
        "mc": 0.34093400835990906,
        "dc": 0.730606198310852,
        "bgb": 0.5984407067298889,
        "lgb": 0.23840223252773285
      },
      "top1": {
        "mb": 0.7642130851745605,
        "db": 0.8484011292457581,
        "ml": 0.39025065302848816,
        "dl": 0.6644690632820129,
        "bg": 0.3984183967113495,
        "m": 0.5250332355499268,
        "mr": 0.3936900496482849,
        "dr": 0.4442805051803589,
        "mc": 0.34093400835990906,
        "dc": 0.730606198310852,
        "bgb": 0.5984407067298889,
        "lgb": 0.23840223252773285
      },
      "peak_scores": {
        "mb": 0.7642130851745605,
        "db": 0.8484011292457581,
        "ml": 0.39025065302848816,
        "dl": 0.6644690632820129,
        "bg": 0.3984183967113495,
        "m": 0.5250332355499268,
        "mr": 0.3936900496482849,
        "dr": 0.4442805051803589,
        "mc": 0.34093400835990906,
        "dc": 0.730606198310852,
        "bgb": 0.5984407067298889,
        "lgb": 0.23840223252773285
      },
      "top2": {
        "mb": 0.7641494274139404,
        "db": 0.8483825325965881,
        "ml": 0.39019569754600525,
        "dl": 0.6644304990768433,
        "bg": 0.39805319905281067,
        "m": 0.5248062610626221,
        "mr": 0.3934016525745392,
        "dr": 0.4437948167324066,
        "mc": 0.3402617573738098,
        "dc": 0.730077862739563,
        "bgb": 0.5981937050819397,
        "lgb": 0.23837806284427643
      },
      "second_scores": {
        "mb": 0.7641494274139404,
        "db": 0.8483825325965881,
        "ml": 0.39019569754600525,
        "dl": 0.6644304990768433,
        "bg": 0.39805319905281067,
        "m": 0.5248062610626221,
        "mr": 0.3934016525745392,
        "dr": 0.4437948167324066,
        "mc": 0.3402617573738098,
        "dc": 0.730077862739563,
        "bgb": 0.5981937050819397,
        "lgb": 0.23837806284427643
      },
      "margin": {
        "mb": 6.365776062011719e-05,
        "db": 1.8596649169921875e-05,
        "ml": 5.4955482482910156e-05,
        "dl": 3.8564205169677734e-05,
        "bg": 0.00036519765853881836,
        "m": 0.0002269744873046875,
        "mr": 0.00028839707374572754,
        "dr": 0.0004856884479522705,
        "mc": 0.0006722509860992432,
        "dc": 0.0005283355712890625,
        "bgb": 0.00024700164794921875,
        "lgb": 2.41696834564209e-05
      },
      "meta": {
        "case_id": "133",
        "arch": "U",
        "fdi": 27,
        "tooth_id": 14,
        "sigma_mm": 5.0,
        "unit": "mm"
      }
    }
  },
  "meta": {
    "root": "C:\\MISC\\Deepcare\\Orthodontics\\datasets\\landmarks_dataset\\cooked\\p0\\samples"
  }
}