{
  "predictions": {
    "t27": {
      "landmarks_local": {
        "mb": [
          0.38419151306152344,
          -5.950802803039551,
          1.3842391967773438
        ],
        "db": [
          0.4030933380126953,
          -5.335132598876953,
          -0.1787109375
        ],
        "ml": [
          -4.9491119384765625,
          -3.077460289001465,
          0.7588992118835449
        ],
        "dl": [
          -3.404012680053711,
          -3.22499942779541,
          -0.6717474460601807
        ],
        "bg": [
          0.28519439697265625,
          -5.718289375305176,
          0.5113487243652344
        ],
        "m": [
          -6.19450569152832,
          -2.295217514038086,
          1.5846657752990723
        ],
        "mr": [
          -6.374528884887695,
          -1.9774608612060547,
          1.607689380645752
        ],
        "dr": [
          -4.214128494262695,
          -2.538702964782715,
          -0.7036910057067871
        ],
        "mc": [
          -6.19450569152832,
          -2.295217514038086,
          1.5846657752990723
        ],
        "dc": [
          -4.490678787231445,
          0.20881080627441406,
          -1.9002678394317627
        ],
        "bgb": [
          3.6149063110351562,
          -4.368332862854004,
          1.6440258026123047
        ],
        "lgb": [
          -5.449678421020508,
          2.694639205932617,
          -0.15851402282714844
        ]
      },
      "landmarks_global": {
        "mb": [
          0.38419151306152344,
          -5.950802803039551,
          1.3842391967773438
        ],
        "db": [
          0.4030933380126953,
          -5.335132598876953,
          -0.1787109375
        ],
        "ml": [
          -4.9491119384765625,
          -3.077460289001465,
          0.7588992118835449
        ],
        "dl": [
          -3.404012680053711,
          -3.22499942779541,
          -0.6717474460601807
        ],
        "bg": [
          0.28519439697265625,
          -5.718289375305176,
          0.5113487243652344
        ],
        "m": [
          -6.19450569152832,
          -2.295217514038086,
          1.5846657752990723
        ],
        "mr": [
          -6.374528884887695,
          -1.9774608612060547,
          1.607689380645752
        ],
        "dr": [
          -4.214128494262695,
          -2.538702964782715,
          -0.7036910057067871
        ],
        "mc": [
          -6.19450569152832,
          -2.295217514038086,
          1.5846657752990723
        ],
        "dc": [
          -4.490678787231445,
          0.20881080627441406,
          -1.9002678394317627
        ],
        "bgb": [
          3.6149063110351562,
          -4.368332862854004,
          1.6440258026123047
        ],
        "lgb": [
          -5.449678421020508,
          2.694639205932617,
          -0.15851402282714844
        ]
      },
      "indices": {
        "mb": 2108,
        "db": 1998,
        "ml": 2445,
        "dl": 2850,
        "bg": 1188,
        "m": 83,
        "mr": 1096,
        "dr": 1447,
        "mc": 83,
        "dc": 1104,
        "bgb": 1483,
        "lgb": 1477
      },
      "scores": {
        "mb": 0.7661092281341553,
        "db": 0.47151637077331543,
        "ml": 0.3204598128795624,
        "dl": 0.15520606935024261,
        "bg": 0.6315235495567322,
        "m": 0.598829448223114,
        "mr": 0.30251356959342957,
        "dr": 0.22302912175655365,
        "mc": 0.44592949748039246,
        "dc": 0.34205755591392517,
        "bgb": 0.6576201319694519,
        "lgb": 0.10666637122631073
      },
      "top1": {
        "mb": 0.7661092281341553,
        "db": 0.47151637077331543,
        "ml": 0.3204598128795624,
        "dl": 0.15520606935024261,
        "bg": 0.6315235495567322,
        "m": 0.598829448223114,
        "mr": 0.30251356959342957,
        "dr": 0.22302912175655365,
        "mc": 0.44592949748039246,
        "dc": 0.34205755591392517,
        "bgb": 0.6576201319694519,
        "lgb": 0.10666637122631073
      },
      "peak_scores": {
        "mb": 0.7661092281341553,
        "db": 0.47151637077331543,
        "ml": 0.3204598128795624,
        "dl": 0.15520606935024261,
        "bg": 0.6315235495567322,
        "m": 0.598829448223114,
        "mr": 0.30251356959342957,
        "dr": 0.22302912175655365,
        "mc": 0.44592949748039246,
        "dc": 0.34205755591392517,
        "bgb": 0.6576201319694519,
        "lgb": 0.10666637122631073
      },
      "top2": {
        "mb": 0.7656187415122986,
        "db": 0.4708361029624939,
        "ml": 0.3202860355377197,
        "dl": 0.15513895452022552,
        "bg": 0.6311187744140625,
        "m": 0.5986947417259216,
        "mr": 0.3024180233478546,
        "dr": 0.2230035811662674,
        "mc": 0.4456338584423065,
        "dc": 0.3419048488140106,
        "bgb": 0.6572224497795105,
        "lgb": 0.10665605217218399
      },
      "second_scores": {
        "mb": 0.7656187415122986,
        "db": 0.4708361029624939,
        "ml": 0.3202860355377197,
        "dl": 0.15513895452022552,
        "bg": 0.6311187744140625,
        "m": 0.5986947417259216,
        "mr": 0.3024180233478546,
        "dr": 0.2230035811662674,
        "mc": 0.4456338584423065,
        "dc": 0.3419048488140106,
        "bgb": 0.6572224497795105,
        "lgb": 0.10665605217218399
      },
      "margin": {
        "mb": 0.0004904866218566895,
        "db": 0.0006802678108215332,
        "ml": 0.00017377734184265137,
        "dl": 6.711483001708984e-05,
        "bg": 0.00040477514266967773,
        "m": 0.0001347064971923828,
        "mr": 9.554624557495117e-05,
        "dr": 2.5540590286254883e-05,
        "mc": 0.0002956390380859375,
        "dc": 0.00015270709991455078,
        "bgb": 0.00039768218994140625,
        "lgb": 1.0319054126739502e-05
      },
      "meta": {
        "case_id": "134",
        "arch": "U",
        "fdi": 27,
        "tooth_id": 14,
        "sigma_mm": 5.0,
        "unit": "mm"
      }
    }
  },
  "meta": {
    "root": "C:\\MISC\\Deepcare\\Orthodontics\\datasets\\landmarks_dataset\\cooked\\p0\\samples"
  }
}