{
  "predictions": {
    "t27": {
      "landmarks_local": {
        "mb": [
          1.6869430541992188,
          -5.8039960861206055,
          3.0700035095214844
        ],
        "db": [
          1.5582656860351562,
          -5.5429277420043945,
          -0.719743013381958
        ],
        "ml": [
          -5.863134384155273,
          -2.601848602294922,
          0.815333366394043
        ],
        "dl": [
          -4.591838836669922,
          -3.5532684326171875,
          0.1703934669494629
        ],
        "bg": [
          -2.47222900390625,
          -5.010651588439941,
          -0.2944934368133545
        ],
        "m": [
          -7.31916618347168,
          0.13246726989746094,
          1.4405999183654785
        ],
        "mr": [
          0.10744476318359375,
          -6.55179500579834,
          2.263273239135742
        ],
        "dr": [
          -1.02569580078125,
          -6.268548011779785,
          0.48537302017211914
        ],
        "mc": [
          -7.046777725219727,
          -1.0577888488769531,
          1.8803133964538574
        ],
        "dc": [
          -5.615457534790039,
          1.5925273895263672,
          -1.5161800384521484
        ],
        "bgb": [
          3.5324974060058594,
          -2.24558162689209,
          -0.35906338691711426
        ],
        "lgb": [
          -6.462549209594727,
          3.1381072998046875,
          0.00011014938354492188
        ]
      },
      "landmarks_global": {
        "mb": [
          1.6869430541992188,
          -5.8039960861206055,
          3.0700035095214844
        ],
        "db": [
          1.5582656860351562,
          -5.5429277420043945,
          -0.719743013381958
        ],
        "ml": [
          -5.863134384155273,
          -2.601848602294922,
          0.815333366394043
        ],
        "dl": [
          -4.591838836669922,
          -3.5532684326171875,
          0.1703934669494629
        ],
        "bg": [
          -2.47222900390625,
          -5.010651588439941,
          -0.2944934368133545
        ],
        "m": [
          -7.31916618347168,
          0.13246726989746094,
          1.4405999183654785
        ],
        "mr": [
          0.10744476318359375,
          -6.55179500579834,
          2.263273239135742
        ],
        "dr": [
          -1.02569580078125,
          -6.268548011779785,
          0.48537302017211914
        ],
        "mc": [
          -7.046777725219727,
          -1.0577888488769531,
          1.8803133964538574
        ],
        "dc": [
          -5.615457534790039,
          1.5925273895263672,
          -1.5161800384521484
        ],
        "bgb": [
          3.5324974060058594,
          -2.24558162689209,
          -0.35906338691711426
        ],
        "lgb": [
          -6.462549209594727,
          3.1381072998046875,
          0.00011014938354492188
        ]
      },
      "indices": {
        "mb": 411,
        "db": 2568,
        "ml": 2284,
        "dl": 972,
        "bg": 2621,
        "m": 87,
        "mr": 1270,
        "dr": 72,
        "mc": 9,
        "dc": 1624,
        "bgb": 1347,
        "lgb": 1
      },
      "scores": {
        "mb": 0.7868909239768982,
        "db": 0.5775546431541443,
        "ml": 0.3180997669696808,
        "dl": 0.16269460320472717,
        "bg": 0.6345623731613159,
        "m": 0.6359783411026001,
        "mr": 0.38259226083755493,
        "dr": 0.2272213250398636,
        "mc": 0.34702691435813904,
        "dc": 0.2699054479598999,
        "bgb": 0.6359172463417053,
        "lgb": 0.09944792091846466
      },
      "top1": {
        "mb": 0.7868909239768982,
        "db": 0.5775546431541443,
        "ml": 0.3180997669696808,
        "dl": 0.16269460320472717,
        "bg": 0.6345623731613159,
        "m": 0.6359783411026001,
        "mr": 0.38259226083755493,
        "dr": 0.2272213250398636,
        "mc": 0.34702691435813904,
        "dc": 0.2699054479598999,
        "bgb": 0.6359172463417053,
        "lgb": 0.09944792091846466
      },
      "peak_scores": {
        "mb": 0.7868909239768982,
        "db": 0.5775546431541443,
        "ml": 0.3180997669696808,
        "dl": 0.16269460320472717,
        "bg": 0.6345623731613159,
        "m": 0.6359783411026001,
        "mr": 0.38259226083755493,
        "dr": 0.2272213250398636,
        "mc": 0.34702691435813904,
        "dc": 0.2699054479598999,
        "bgb": 0.6359172463417053,
        "lgb": 0.09944792091846466
      },
      "top2": {
        "mb": 0.7862793803215027,
        "db": 0.5773975253105164,
        "ml": 0.3177362084388733,
        "dl": 0.16248399019241333,
        "bg": 0.6341526508331299,
        "m": 0.6344086527824402,
        "mr": 0.38165798783302307,
        "dr": 0.22714701294898987,
        "mc": 0.34682053327560425,
        "dc": 0.26959463953971863,
        "bgb": 0.6357860565185547,
        "lgb": 0.09941273182630539
      },
      "second_scores": {
        "mb": 0.7862793803215027,
        "db": 0.5773975253105164,
        "ml": 0.3177362084388733,
        "dl": 0.16248399019241333,
        "bg": 0.6341526508331299,
        "m": 0.6344086527824402,
        "mr": 0.38165798783302307,
        "dr": 0.22714701294898987,
        "mc": 0.34682053327560425,
        "dc": 0.26959463953971863,
        "bgb": 0.6357860565185547,
        "lgb": 0.09941273182630539
      },
      "margin": {
        "mb": 0.0006115436553955078,
        "db": 0.0001571178436279297,
        "ml": 0.0003635585308074951,
        "dl": 0.00021061301231384277,
        "bg": 0.00040972232818603516,
        "m": 0.0015696883201599121,
        "mr": 0.0009342730045318604,
        "dr": 7.431209087371826e-05,
        "mc": 0.00020638108253479004,
        "dc": 0.0003108084201812744,
        "bgb": 0.00013118982315063477,
        "lgb": 3.518909215927124e-05
      },
      "meta": {
        "case_id": "135",
        "arch": "U",
        "fdi": 27,
        "tooth_id": 14,
        "sigma_mm": 5.0,
        "unit": "mm"
      }
    }
  },
  "meta": {
    "root": "C:\\MISC\\Deepcare\\Orthodontics\\datasets\\landmarks_dataset\\cooked\\p0\\samples"
  }
}