{
  "predictions": {
    "t27": {
      "landmarks_local": {
        "mb": [
          5.230226516723633,
          1.6607489585876465,
          3.170356273651123
        ],
        "db": [
          2.762269973754883,
          -3.3754212856292725,
          -1.3402371406555176
        ],
        "ml": [
          0.00125885009765625,
          -6.104981422424316,
          0.6835160255432129
        ],
        "dl": [
          -3.652576446533203,
          -3.6513946056365967,
          0.01839303970336914
        ],
        "bg": [
          -6.463201522827148,
          -1.4875679016113281,
          1.4774460792541504
        ],
        "m": [
          -5.497886657714844,
          -0.8393545150756836,
          -0.8925571441650391
        ],
        "mr": [
          -6.695365905761719,
          -1.2853913307189941,
          1.5661191940307617
        ],
        "dr": [
          -1.3191967010498047,
          -4.952264785766602,
          -0.7323904037475586
        ],
        "mc": [
          -6.695365905761719,
          -1.2853913307189941,
          1.5661191940307617
        ],
        "dc": [
          -4.15766716003418,
          -2.2249984741210938,
          -1.010873794555664
        ],
        "bgb": [
          -0.2928447723388672,
          4.354238033294678,
          0.05730295181274414
        ],
        "lgb": [
          -1.8094005584716797,
          -4.8097147941589355,
          -0.5822935104370117
        ]
      },
      "landmarks_global": {
        "mb": [
          5.230226516723633,
          1.6607489585876465,
          3.170356273651123
        ],
        "db": [
          2.762269973754883,
          -3.3754212856292725,
          -1.3402371406555176
        ],
        "ml": [
          0.00125885009765625,
          -6.104981422424316,
          0.6835160255432129
        ],
        "dl": [
          -3.652576446533203,
          -3.6513946056365967,
          0.01839303970336914
        ],
        "bg": [
          -6.463201522827148,
          -1.4875679016113281,
          1.4774460792541504
        ],
        "m": [
          -5.497886657714844,
          -0.8393545150756836,
          -0.8925571441650391
        ],
        "mr": [
          -6.695365905761719,
          -1.2853913307189941,
          1.5661191940307617
        ],
        "dr": [
          -1.3191967010498047,
          -4.952264785766602,
          -0.7323904037475586
        ],
        "mc": [
          -6.695365905761719,
          -1.2853913307189941,
          1.5661191940307617
        ],
        "dc": [
          -4.15766716003418,
          -2.2249984741210938,
          -1.010873794555664
        ],
        "bgb": [
          -0.2928447723388672,
          4.354238033294678,
          0.05730295181274414
        ],
        "lgb": [
          -1.8094005584716797,
          -4.8097147941589355,
          -0.5822935104370117
        ]
      },
      "indices": {
        "mb": 2174,
        "db": 862,
        "ml": 43,
        "dl": 1482,
        "bg": 1529,
        "m": 2445,
        "mr": 267,
        "dr": 1017,
        "mc": 267,
        "dc": 495,
        "bgb": 2833,
        "lgb": 2441
      },
      "scores": {
        "mb": 0.8074176907539368,
        "db": 0.7249459624290466,
        "ml": 0.4352900981903076,
        "dl": 0.24944084882736206,
        "bg": 0.6793273091316223,
        "m": 0.6545214056968689,
        "mr": 0.48136013746261597,
        "dr": 0.2919155955314636,
        "mc": 0.26422515511512756,
        "dc": 0.2809703052043915,
        "bgb": 0.49920424818992615,
        "lgb": 0.12104547023773193
      },
      "top1": {
        "mb": 0.8074176907539368,
        "db": 0.7249459624290466,
        "ml": 0.4352900981903076,
        "dl": 0.24944084882736206,
        "bg": 0.6793273091316223,
        "m": 0.6545214056968689,
        "mr": 0.48136013746261597,
        "dr": 0.2919155955314636,
        "mc": 0.26422515511512756,
        "dc": 0.2809703052043915,
        "bgb": 0.49920424818992615,
        "lgb": 0.12104547023773193
      },
      "peak_scores": {
        "mb": 0.8074176907539368,
        "db": 0.7249459624290466,
        "ml": 0.4352900981903076,
        "dl": 0.24944084882736206,
        "bg": 0.6793273091316223,
        "m": 0.6545214056968689,
        "mr": 0.48136013746261597,
        "dr": 0.2919155955314636,
        "mc": 0.26422515511512756,
        "dc": 0.2809703052043915,
        "bgb": 0.49920424818992615,
        "lgb": 0.12104547023773193
      },
      "top2": {
        "mb": 0.8069401979446411,
        "db": 0.7248044610023499,
        "ml": 0.43408870697021484,
        "dl": 0.24915741384029388,
        "bg": 0.6792975664138794,
        "m": 0.6544414758682251,
        "mr": 0.4775666892528534,
        "dr": 0.29162874817848206,
        "mc": 0.2632976174354553,
        "dc": 0.28035056591033936,
        "bgb": 0.49904635548591614,
        "lgb": 0.12071920931339264
      },
      "second_scores": {
        "mb": 0.8069401979446411,
        "db": 0.7248044610023499,
        "ml": 0.43408870697021484,
        "dl": 0.24915741384029388,
        "bg": 0.6792975664138794,
        "m": 0.6544414758682251,
        "mr": 0.4775666892528534,
        "dr": 0.29162874817848206,
        "mc": 0.2632976174354553,
        "dc": 0.28035056591033936,
        "bgb": 0.49904635548591614,
        "lgb": 0.12071920931339264
      },
      "margin": {
        "mb": 0.0004774928092956543,
        "db": 0.00014150142669677734,
        "ml": 0.0012013912200927734,
        "dl": 0.00028343498706817627,
        "bg": 2.9742717742919922e-05,
        "m": 7.992982864379883e-05,
        "mr": 0.0037934482097625732,
        "dr": 0.0002868473529815674,
        "mc": 0.0009275376796722412,
        "dc": 0.000619739294052124,
        "bgb": 0.00015789270401000977,
        "lgb": 0.00032626092433929443
      },
      "meta": {
        "case_id": "136",
        "arch": "U",
        "fdi": 27,
        "tooth_id": 14,
        "sigma_mm": 5.0,
        "unit": "mm"
      }
    }
  },
  "meta": {
    "root": "C:\\MISC\\Deepcare\\Orthodontics\\datasets\\landmarks_dataset\\cooked\\p0\\samples"
  }
}