{
  "predictions": {
    "t27": {
      "landmarks_local": {
        "mb": [
          -0.0050907135009765625,
          2.0685646533966064,
          5.741091728210449
        ],
        "db": [
          -2.321460723876953,
          -2.428300619125366,
          -2.8768205642700195
        ],
        "ml": [
          -7.019382476806641,
          -1.4673213958740234,
          1.164433479309082
        ],
        "dl": [
          -5.668651580810547,
          -2.279039144515991,
          -3.3985185623168945
        ],
        "bg": [
          -0.6232643127441406,
          0.7766107320785522,
          5.842652320861816
        ],
        "m": [
          -7.019382476806641,
          -1.4673213958740234,
          1.164433479309082
        ],
        "mr": [
          -0.44312095642089844,
          1.4534046649932861,
          5.665898323059082
        ],
        "dr": [
          -2.7904605865478516,
          -1.213075876235962,
          -5.786385536193848
        ],
        "mc": [
          -6.176952362060547,
          -0.8227858543395996,
          2.442471504211426
        ],
        "dc": [
          -2.7904605865478516,
          -1.213075876235962,
          -5.786385536193848
        ],
        "bgb": [
          2.1300487518310547,
          6.405178070068359,
          -0.1277904510498047
        ],
        "lgb": [
          -4.15709114074707,
          -4.092168807983398,
          -1.6249713897705078
        ]
      },
      "landmarks_global": {
        "mb": [
          -0.0050907135009765625,
          2.0685646533966064,
          5.741091728210449
        ],
        "db": [
          -2.321460723876953,
          -2.428300619125366,
          -2.8768205642700195
        ],
        "ml": [
          -7.019382476806641,
          -1.4673213958740234,
          1.164433479309082
        ],
        "dl": [
          -5.668651580810547,
          -2.279039144515991,
          -3.3985185623168945
        ],
        "bg": [
          -0.6232643127441406,
          0.7766107320785522,
          5.842652320861816
        ],
        "m": [
          -7.019382476806641,
          -1.4673213958740234,
          1.164433479309082
        ],
        "mr": [
          -0.44312095642089844,
          1.4534046649932861,
          5.665898323059082
        ],
        "dr": [
          -2.7904605865478516,
          -1.213075876235962,
          -5.786385536193848
        ],
        "mc": [
          -6.176952362060547,
          -0.8227858543395996,
          2.442471504211426
        ],
        "dc": [
          -2.7904605865478516,
          -1.213075876235962,
          -5.786385536193848
        ],
        "bgb": [
          2.1300487518310547,
          6.405178070068359,
          -0.1277904510498047
        ],
        "lgb": [
          -4.15709114074707,
          -4.092168807983398,
          -1.6249713897705078
        ]
      },
      "indices": {
        "mb": 0,
        "db": 2416,
        "ml": 344,
        "dl": 55,
        "bg": 66,
        "m": 344,
        "mr": 259,
        "dr": 1,
        "mc": 152,
        "dc": 1,
        "bgb": 849,
        "lgb": 2251
      },
      "scores": {
        "mb": 0.7813329100608826,
        "db": 0.8629466891288757,
        "ml": 0.3873867094516754,
        "dl": 0.4492217004299164,
        "bg": 0.5114607810974121,
        "m": 0.5977784395217896,
        "mr": 0.37501752376556396,
        "dr": 0.37193942070007324,
        "mc": 0.2858724594116211,
        "dc": 0.6397559642791748,
        "bgb": 0.7863953113555908,
        "lgb": 0.20093905925750732
      },
      "top1": {
        "mb": 0.7813329100608826,
        "db": 0.8629466891288757,
        "ml": 0.3873867094516754,
        "dl": 0.4492217004299164,
        "bg": 0.5114607810974121,
        "m": 0.5977784395217896,
        "mr": 0.37501752376556396,
        "dr": 0.37193942070007324,
        "mc": 0.2858724594116211,
        "dc": 0.6397559642791748,
        "bgb": 0.7863953113555908,
        "lgb": 0.20093905925750732
      },
      "peak_scores": {
        "mb": 0.7813329100608826,
        "db": 0.8629466891288757,
        "ml": 0.3873867094516754,
        "dl": 0.4492217004299164,
        "bg": 0.5114607810974121,
        "m": 0.5977784395217896,
        "mr": 0.37501752376556396,
        "dr": 0.37193942070007324,
        "mc": 0.2858724594116211,
        "dc": 0.6397559642791748,
        "bgb": 0.7863953113555908,
        "lgb": 0.20093905925750732
      },
      "top2": {
        "mb": 0.7813087105751038,
        "db": 0.8629214763641357,
        "ml": 0.38727039098739624,
        "dl": 0.4485733211040497,
        "bg": 0.5112329125404358,
        "m": 0.5962023735046387,
        "mr": 0.3747456669807434,
        "dr": 0.3716817796230316,
        "mc": 0.28534144163131714,
        "dc": 0.6384437084197998,
        "bgb": 0.7857993245124817,
        "lgb": 0.20069926977157593
      },
      "second_scores": {
        "mb": 0.7813087105751038,
        "db": 0.8629214763641357,
        "ml": 0.38727039098739624,
        "dl": 0.4485733211040497,
        "bg": 0.5112329125404358,
        "m": 0.5962023735046387,
        "mr": 0.3747456669807434,
        "dr": 0.3716817796230316,
        "mc": 0.28534144163131714,
        "dc": 0.6384437084197998,
        "bgb": 0.7857993245124817,
        "lgb": 0.20069926977157593
      },
      "margin": {
        "mb": 2.4199485778808594e-05,
        "db": 2.5212764739990234e-05,
        "ml": 0.0001163184642791748,
        "dl": 0.0006483793258666992,
        "bg": 0.00022786855697631836,
        "m": 0.001576066017150879,
        "mr": 0.00027185678482055664,
        "dr": 0.000257641077041626,
        "mc": 0.0005310177803039551,
        "dc": 0.001312255859375,
        "bgb": 0.0005959868431091309,
        "lgb": 0.00023978948593139648
      },
      "meta": {
        "case_id": "137",
        "arch": "U",
        "fdi": 27,
        "tooth_id": 14,
        "sigma_mm": 5.0,
        "unit": "mm"
      }
    }
  },
  "meta": {
    "root": "C:\\MISC\\Deepcare\\Orthodontics\\datasets\\landmarks_dataset\\cooked\\p0\\samples"
  }
}