{
  "predictions": {
    "t27": {
      "landmarks_local": {
        "mb": [
          4.309539794921875,
          -1.5808477401733398,
          4.931674003601074
        ],
        "db": [
          3.2835159301757812,
          -4.8440446853637695,
          -0.5618624687194824
        ],
        "ml": [
          0.08060264587402344,
          -6.3816375732421875,
          1.0836071968078613
        ],
        "dl": [
          0.08060264587402344,
          -6.3816375732421875,
          1.0836071968078613
        ],
        "bg": [
          -5.385204315185547,
          -3.0837740898132324,
          0.3909740447998047
        ],
        "m": [
          -6.404932022094727,
          -1.006134033203125,
          -0.357879638671875
        ],
        "mr": [
          -5.961118698120117,
          -2.902087688446045,
          0.7681941986083984
        ],
        "dr": [
          -0.16192245483398438,
          -5.352907657623291,
          -0.731482982635498
        ],
        "mc": [
          -7.136362075805664,
          -0.6959676742553711,
          0.4542503356933594
        ],
        "dc": [
          -5.321063995361328,
          0.6136112213134766,
          -2.0069894790649414
        ],
        "bgb": [
          -2.3921146392822266,
          -0.19185829162597656,
          -2.7541391849517822
        ],
        "lgb": [
          -6.866884231567383,
          1.8984880447387695,
          -0.17376947402954102
        ]
      },
      "landmarks_global": {
        "mb": [
          4.309539794921875,
          -1.5808477401733398,
          4.931674003601074
        ],
        "db": [
          3.2835159301757812,
          -4.8440446853637695,
          -0.5618624687194824
        ],
        "ml": [
          0.08060264587402344,
          -6.3816375732421875,
          1.0836071968078613
        ],
        "dl": [
          0.08060264587402344,
          -6.3816375732421875,
          1.0836071968078613
        ],
        "bg": [
          -5.385204315185547,
          -3.0837740898132324,
          0.3909740447998047
        ],
        "m": [
          -6.404932022094727,
          -1.006134033203125,
          -0.357879638671875
        ],
        "mr": [
          -5.961118698120117,
          -2.902087688446045,
          0.7681941986083984
        ],
        "dr": [
          -0.16192245483398438,
          -5.352907657623291,
          -0.731482982635498
        ],
        "mc": [
          -7.136362075805664,
          -0.6959676742553711,
          0.4542503356933594
        ],
        "dc": [
          -5.321063995361328,
          0.6136112213134766,
          -2.0069894790649414
        ],
        "bgb": [
          -2.3921146392822266,
          -0.19185829162597656,
          -2.7541391849517822
        ],
        "lgb": [
          -6.866884231567383,
          1.8984880447387695,
          -0.17376947402954102
        ]
      },
      "indices": {
        "mb": 1671,
        "db": 1726,
        "ml": 2534,
        "dl": 2534,
        "bg": 2337,
        "m": 2859,
        "mr": 1041,
        "dr": 2391,
        "mc": 1515,
        "dc": 1520,
        "bgb": 2361,
        "lgb": 1352
      },
      "scores": {
        "mb": 0.8227455019950867,
        "db": 0.6656419634819031,
        "ml": 0.4630791246891022,
        "dl": 0.23256586492061615,
        "bg": 0.6893907189369202,
        "m": 0.6503645181655884,
        "mr": 0.45867571234703064,
        "dr": 0.28214767575263977,
        "mc": 0.2979968190193176,
        "dc": 0.2753085494041443,
        "bgb": 0.5314299464225769,
        "lgb": 0.0855027362704277
      },
      "top1": {
        "mb": 0.8227455019950867,
        "db": 0.6656419634819031,
        "ml": 0.4630791246891022,
        "dl": 0.23256586492061615,
        "bg": 0.6893907189369202,
        "m": 0.6503645181655884,
        "mr": 0.45867571234703064,
        "dr": 0.28214767575263977,
        "mc": 0.2979968190193176,
        "dc": 0.2753085494041443,
        "bgb": 0.5314299464225769,
        "lgb": 0.0855027362704277
      },
      "peak_scores": {
        "mb": 0.8227455019950867,
        "db": 0.6656419634819031,
        "ml": 0.4630791246891022,
        "dl": 0.23256586492061615,
        "bg": 0.6893907189369202,
        "m": 0.6503645181655884,
        "mr": 0.45867571234703064,
        "dr": 0.28214767575263977,
        "mc": 0.2979968190193176,
        "dc": 0.2753085494041443,
        "bgb": 0.5314299464225769,
        "lgb": 0.0855027362704277
      },
      "top2": {
        "mb": 0.8227404952049255,
        "db": 0.6652533411979675,
        "ml": 0.46275654435157776,
        "dl": 0.2324221134185791,
        "bg": 0.689055323600769,
        "m": 0.6488052606582642,
        "mr": 0.457764208316803,
        "dr": 0.2817952334880829,
        "mc": 0.29662245512008667,
        "dc": 0.27481621503829956,
        "bgb": 0.5309324860572815,
        "lgb": 0.08545906841754913
      },
      "second_scores": {
        "mb": 0.8227404952049255,
        "db": 0.6652533411979675,
        "ml": 0.46275654435157776,
        "dl": 0.2324221134185791,
        "bg": 0.689055323600769,
        "m": 0.6488052606582642,
        "mr": 0.457764208316803,
        "dr": 0.2817952334880829,
        "mc": 0.29662245512008667,
        "dc": 0.27481621503829956,
        "bgb": 0.5309324860572815,
        "lgb": 0.08545906841754913
      },
      "margin": {
        "mb": 5.0067901611328125e-06,
        "db": 0.0003886222839355469,
        "ml": 0.00032258033752441406,
        "dl": 0.00014375150203704834,
        "bg": 0.00033539533615112305,
        "m": 0.0015592575073242188,
        "mr": 0.0009115040302276611,
        "dr": 0.00035244226455688477,
        "mc": 0.001374363899230957,
        "dc": 0.0004923343658447266,
        "bgb": 0.0004974603652954102,
        "lgb": 4.366785287857056e-05
      },
      "meta": {
        "case_id": "138",
        "arch": "U",
        "fdi": 27,
        "tooth_id": 14,
        "sigma_mm": 5.0,
        "unit": "mm"
      }
    }
  },
  "meta": {
    "root": "C:\\MISC\\Deepcare\\Orthodontics\\datasets\\landmarks_dataset\\cooked\\p0\\samples"
  }
}