{
  "predictions": {
    "t27": {
      "landmarks_local": {
        "mb": [
          4.612636566162109,
          1.6056113243103027,
          1.8981962203979492
        ],
        "db": [
          1.669290542602539,
          -2.3429057598114014,
          -0.8323104381561279
        ],
        "ml": [
          -1.0896053314208984,
          -4.684332370758057,
          1.8541760444641113
        ],
        "dl": [
          -2.5553359985351562,
          -2.898609161376953,
          0.5580630302429199
        ],
        "bg": [
          -5.401487350463867,
          0.10706377029418945,
          1.0056767463684082
        ],
        "m": [
          -5.24415397644043,
          -0.3777327537536621,
          0.9280028343200684
        ],
        "mr": [
          -5.3306121826171875,
          -0.29848575592041016,
          1.0395898818969727
        ],
        "dr": [
          -0.9553604125976562,
          -3.779458999633789,
          0.314389705657959
        ],
        "mc": [
          -5.5536041259765625,
          0.36188364028930664,
          0.9583230018615723
        ],
        "dc": [
          0.8945026397705078,
          -3.8971424102783203,
          -0.040613651275634766
        ],
        "bgb": [
          -1.4409313201904297,
          4.685100555419922,
          -0.31486034393310547
        ],
        "lgb": [
          -1.8353652954101562,
          -3.667545795440674,
          0.8208761215209961
        ]
      },
      "landmarks_global": {
        "mb": [
          4.612636566162109,
          1.6056113243103027,
          1.8981962203979492
        ],
        "db": [
          1.669290542602539,
          -2.3429057598114014,
          -0.8323104381561279
        ],
        "ml": [
          -1.0896053314208984,
          -4.684332370758057,
          1.8541760444641113
        ],
        "dl": [
          -2.5553359985351562,
          -2.898609161376953,
          0.5580630302429199
        ],
        "bg": [
          -5.401487350463867,
          0.10706377029418945,
          1.0056767463684082
        ],
        "m": [
          -5.24415397644043,
          -0.3777327537536621,
          0.9280028343200684
        ],
        "mr": [
          -5.3306121826171875,
          -0.29848575592041016,
          1.0395898818969727
        ],
        "dr": [
          -0.9553604125976562,
          -3.779458999633789,
          0.314389705657959
        ],
        "mc": [
          -5.5536041259765625,
          0.36188364028930664,
          0.9583230018615723
        ],
        "dc": [
          0.8945026397705078,
          -3.8971424102783203,
          -0.040613651275634766
        ],
        "bgb": [
          -1.4409313201904297,
          4.685100555419922,
          -0.31486034393310547
        ],
        "lgb": [
          -1.8353652954101562,
          -3.667545795440674,
          0.8208761215209961
        ]
      },
      "indices": {
        "mb": 2560,
        "db": 2439,
        "ml": 8,
        "dl": 87,
        "bg": 288,
        "m": 80,
        "mr": 2137,
        "dr": 1891,
        "mc": 1006,
        "dc": 570,
        "bgb": 310,
        "lgb": 853
      },
      "scores": {
        "mb": 0.7833932638168335,
        "db": 0.7595048546791077,
        "ml": 0.40442147850990295,
        "dl": 0.22732968628406525,
        "bg": 0.6572589874267578,
        "m": 0.6215012669563293,
        "mr": 0.39700406789779663,
        "dr": 0.26540127396583557,
        "mc": 0.2077784538269043,
        "dc": 0.24372372031211853,
        "bgb": 0.49159830808639526,
        "lgb": 0.14063525199890137
      },
      "top1": {
        "mb": 0.7833932638168335,
        "db": 0.7595048546791077,
        "ml": 0.40442147850990295,
        "dl": 0.22732968628406525,
        "bg": 0.6572589874267578,
        "m": 0.6215012669563293,
        "mr": 0.39700406789779663,
        "dr": 0.26540127396583557,
        "mc": 0.2077784538269043,
        "dc": 0.24372372031211853,
        "bgb": 0.49159830808639526,
        "lgb": 0.14063525199890137
      },
      "peak_scores": {
        "mb": 0.7833932638168335,
        "db": 0.7595048546791077,
        "ml": 0.40442147850990295,
        "dl": 0.22732968628406525,
        "bg": 0.6572589874267578,
        "m": 0.6215012669563293,
        "mr": 0.39700406789779663,
        "dr": 0.26540127396583557,
        "mc": 0.2077784538269043,
        "dc": 0.24372372031211853,
        "bgb": 0.49159830808639526,
        "lgb": 0.14063525199890137
      },
      "top2": {
        "mb": 0.7833605408668518,
        "db": 0.7591947913169861,
        "ml": 0.4032122492790222,
        "dl": 0.22671963274478912,
        "bg": 0.6564214825630188,
        "m": 0.620949387550354,
        "mr": 0.39636486768722534,
        "dr": 0.26524242758750916,
        "mc": 0.2072884738445282,
        "dc": 0.2435758411884308,
        "bgb": 0.4914296567440033,
        "lgb": 0.14042259752750397
      },
      "second_scores": {
        "mb": 0.7833605408668518,
        "db": 0.7591947913169861,
        "ml": 0.4032122492790222,
        "dl": 0.22671963274478912,
        "bg": 0.6564214825630188,
        "m": 0.620949387550354,
        "mr": 0.39636486768722534,
        "dr": 0.26524242758750916,
        "mc": 0.2072884738445282,
        "dc": 0.2435758411884308,
        "bgb": 0.4914296567440033,
        "lgb": 0.14042259752750397
      },
      "margin": {
        "mb": 3.272294998168945e-05,
        "db": 0.00031006336212158203,
        "ml": 0.0012092292308807373,
        "dl": 0.000610053539276123,
        "bg": 0.0008375048637390137,
        "m": 0.0005518794059753418,
        "mr": 0.0006392002105712891,
        "dr": 0.00015884637832641602,
        "mc": 0.0004899799823760986,
        "dc": 0.00014787912368774414,
        "bgb": 0.00016865134239196777,
        "lgb": 0.0002126544713973999
      },
      "meta": {
        "case_id": "139",
        "arch": "U",
        "fdi": 27,
        "tooth_id": 14,
        "sigma_mm": 5.0,
        "unit": "mm"
      }
    }
  },
  "meta": {
    "root": "C:\\MISC\\Deepcare\\Orthodontics\\datasets\\landmarks_dataset\\cooked\\p0\\samples"
  }
}