{
  "predictions": {
    "t27": {
      "landmarks_local": {
        "mb": [
          1.6688346862792969,
          -5.406068801879883,
          2.538449764251709
        ],
        "db": [
          1.9718570709228516,
          -4.8118133544921875,
          -0.9712634086608887
        ],
        "ml": [
          -4.794910430908203,
          -2.9242753982543945,
          0.25339651107788086
        ],
        "dl": [
          -4.415153503417969,
          -2.944549560546875,
          -0.48859643936157227
        ],
        "bg": [
          -1.2978954315185547,
          -5.142488479614258,
          -0.03901338577270508
        ],
        "m": [
          -6.508955001831055,
          -0.2510528564453125,
          0.5764327049255371
        ],
        "mr": [
          0.3832721710205078,
          -5.729118347167969,
          1.9052162170410156
        ],
        "dr": [
          -4.415153503417969,
          -2.944549560546875,
          -0.48859643936157227
        ],
        "mc": [
          -6.301342010498047,
          -0.7715425491333008,
          0.5927162170410156
        ],
        "dc": [
          -5.062107086181641,
          0.05156517028808594,
          -1.6051132678985596
        ],
        "bgb": [
          3.545919418334961,
          -2.9196949005126953,
          -1.030670166015625
        ],
        "lgb": [
          -5.121999740600586,
          0.6301183700561523,
          -1.5402133464813232
        ]
      },
      "landmarks_global": {
        "mb": [
          1.6688346862792969,
          -5.406068801879883,
          2.538449764251709
        ],
        "db": [
          1.9718570709228516,
          -4.8118133544921875,
          -0.9712634086608887
        ],
        "ml": [
          -4.794910430908203,
          -2.9242753982543945,
          0.25339651107788086
        ],
        "dl": [
          -4.415153503417969,
          -2.944549560546875,
          -0.48859643936157227
        ],
        "bg": [
          -1.2978954315185547,
          -5.142488479614258,
          -0.03901338577270508
        ],
        "m": [
          -6.508955001831055,
          -0.2510528564453125,
          0.5764327049255371
        ],
        "mr": [
          0.3832721710205078,
          -5.729118347167969,
          1.9052162170410156
        ],
        "dr": [
          -4.415153503417969,
          -2.944549560546875,
          -0.48859643936157227
        ],
        "mc": [
          -6.301342010498047,
          -0.7715425491333008,
          0.5927162170410156
        ],
        "dc": [
          -5.062107086181641,
          0.05156517028808594,
          -1.6051132678985596
        ],
        "bgb": [
          3.545919418334961,
          -2.9196949005126953,
          -1.030670166015625
        ],
        "lgb": [
          -5.121999740600586,
          0.6301183700561523,
          -1.5402133464813232
        ]
      },
      "indices": {
        "mb": 2162,
        "db": 2708,
        "ml": 1669,
        "dl": 562,
        "bg": 2551,
        "m": 1577,
        "mr": 2624,
        "dr": 562,
        "mc": 1022,
        "dc": 2994,
        "bgb": 1597,
        "lgb": 904
      },
      "scores": {
        "mb": 0.8018922209739685,
        "db": 0.5240763425827026,
        "ml": 0.3246452510356903,
        "dl": 0.15670670568943024,
        "bg": 0.6524051427841187,
        "m": 0.6373902559280396,
        "mr": 0.37597352266311646,
        "dr": 0.23526711761951447,
        "mc": 0.38433900475502014,
        "dc": 0.300006240606308,
        "bgb": 0.6540880799293518,
        "lgb": 0.10268193483352661
      },
      "top1": {
        "mb": 0.8018922209739685,
        "db": 0.5240763425827026,
        "ml": 0.3246452510356903,
        "dl": 0.15670670568943024,
        "bg": 0.6524051427841187,
        "m": 0.6373902559280396,
        "mr": 0.37597352266311646,
        "dr": 0.23526711761951447,
        "mc": 0.38433900475502014,
        "dc": 0.300006240606308,
        "bgb": 0.6540880799293518,
        "lgb": 0.10268193483352661
      },
      "peak_scores": {
        "mb": 0.8018922209739685,
        "db": 0.5240763425827026,
        "ml": 0.3246452510356903,
        "dl": 0.15670670568943024,
        "bg": 0.6524051427841187,
        "m": 0.6373902559280396,
        "mr": 0.37597352266311646,
        "dr": 0.23526711761951447,
        "mc": 0.38433900475502014,
        "dc": 0.300006240606308,
        "bgb": 0.6540880799293518,
        "lgb": 0.10268193483352661
      },
      "top2": {
        "mb": 0.801306426525116,
        "db": 0.5231663584709167,
        "ml": 0.324584037065506,
        "dl": 0.15648730099201202,
        "bg": 0.6524027585983276,
        "m": 0.6359548568725586,
        "mr": 0.37537112832069397,
        "dr": 0.23498955368995667,
        "mc": 0.3841502070426941,
        "dc": 0.29992789030075073,
        "bgb": 0.6530099511146545,
        "lgb": 0.10262619704008102
      },
      "second_scores": {
        "mb": 0.801306426525116,
        "db": 0.5231663584709167,
        "ml": 0.324584037065506,
        "dl": 0.15648730099201202,
        "bg": 0.6524027585983276,
        "m": 0.6359548568725586,
        "mr": 0.37537112832069397,
        "dr": 0.23498955368995667,
        "mc": 0.3841502070426941,
        "dc": 0.29992789030075073,
        "bgb": 0.6530099511146545,
        "lgb": 0.10262619704008102
      },
      "margin": {
        "mb": 0.0005857944488525391,
        "db": 0.0009099841117858887,
        "ml": 6.121397018432617e-05,
        "dl": 0.0002194046974182129,
        "bg": 2.384185791015625e-06,
        "m": 0.001435399055480957,
        "mr": 0.0006023943424224854,
        "dr": 0.0002775639295578003,
        "mc": 0.0001887977123260498,
        "dc": 7.835030555725098e-05,
        "bgb": 0.0010781288146972656,
        "lgb": 5.573779344558716e-05
      },
      "meta": {
        "case_id": "140",
        "arch": "U",
        "fdi": 27,
        "tooth_id": 14,
        "sigma_mm": 5.0,
        "unit": "mm"
      }
    }
  },
  "meta": {
    "root": "C:\\MISC\\Deepcare\\Orthodontics\\datasets\\landmarks_dataset\\cooked\\p0\\samples"
  }
}