{
  "predictions": {
    "t27": {
      "landmarks_local": {
        "mb": [
          1.5340080261230469,
          -5.816692352294922,
          0.9458189010620117
        ],
        "db": [
          0.07522773742675781,
          -5.668037414550781,
          -0.3546876907348633
        ],
        "ml": [
          -4.336345672607422,
          -3.2974891662597656,
          -0.48881053924560547
        ],
        "dl": [
          -0.10394859313964844,
          -5.483760833740234,
          -0.5719771385192871
        ],
        "bg": [
          2.497323989868164,
          -5.603738784790039,
          1.5087261199951172
        ],
        "m": [
          -5.821619033813477,
          -0.8579616546630859,
          -0.8860139846801758
        ],
        "mr": [
          -5.1366119384765625,
          -2.505605697631836,
          -0.36586713790893555
        ],
        "dr": [
          -0.6097145080566406,
          -5.093101501464844,
          -0.7622575759887695
        ],
        "mc": [
          -5.1366119384765625,
          -2.505605697631836,
          -0.36586713790893555
        ],
        "dc": [
          -3.9090805053710938,
          -0.8876857757568359,
          -1.8398103713989258
        ],
        "bgb": [
          3.592264175415039,
          -4.700185775756836,
          1.9836249351501465
        ],
        "lgb": [
          -5.590709686279297,
          1.6602668762207031,
          -1.0899772644042969
        ]
      },
      "landmarks_global": {
        "mb": [
          1.5340080261230469,
          -5.816692352294922,
          0.9458189010620117
        ],
        "db": [
          0.07522773742675781,
          -5.668037414550781,
          -0.3546876907348633
        ],
        "ml": [
          -4.336345672607422,
          -3.2974891662597656,
          -0.48881053924560547
        ],
        "dl": [
          -0.10394859313964844,
          -5.483760833740234,
          -0.5719771385192871
        ],
        "bg": [
          2.497323989868164,
          -5.603738784790039,
          1.5087261199951172
        ],
        "m": [
          -5.821619033813477,
          -0.8579616546630859,
          -0.8860139846801758
        ],
        "mr": [
          -5.1366119384765625,
          -2.505605697631836,
          -0.36586713790893555
        ],
        "dr": [
          -0.6097145080566406,
          -5.093101501464844,
          -0.7622575759887695
        ],
        "mc": [
          -5.1366119384765625,
          -2.505605697631836,
          -0.36586713790893555
        ],
        "dc": [
          -3.9090805053710938,
          -0.8876857757568359,
          -1.8398103713989258
        ],
        "bgb": [
          3.592264175415039,
          -4.700185775756836,
          1.9836249351501465
        ],
        "lgb": [
          -5.590709686279297,
          1.6602668762207031,
          -1.0899772644042969
        ]
      },
      "indices": {
        "mb": 232,
        "db": 93,
        "ml": 59,
        "dl": 747,
        "bg": 1648,
        "m": 102,
        "mr": 2245,
        "dr": 1254,
        "mc": 2245,
        "dc": 607,
        "bgb": 1016,
        "lgb": 397
      },
      "scores": {
        "mb": 0.6863017678260803,
        "db": 0.43691161274909973,
        "ml": 0.28373757004737854,
        "dl": 0.11784831434488297,
        "bg": 0.5604516863822937,
        "m": 0.5239503979682922,
        "mr": 0.2380770891904831,
        "dr": 0.21656636893749237,
        "mc": 0.5127183198928833,
        "dc": 0.4147806763648987,
        "bgb": 0.6439867615699768,
        "lgb": 0.11565925925970078
      },
      "top1": {
        "mb": 0.6863017678260803,
        "db": 0.43691161274909973,
        "ml": 0.28373757004737854,
        "dl": 0.11784831434488297,
        "bg": 0.5604516863822937,
        "m": 0.5239503979682922,
        "mr": 0.2380770891904831,
        "dr": 0.21656636893749237,
        "mc": 0.5127183198928833,
        "dc": 0.4147806763648987,
        "bgb": 0.6439867615699768,
        "lgb": 0.11565925925970078
      },
      "peak_scores": {
        "mb": 0.6863017678260803,
        "db": 0.43691161274909973,
        "ml": 0.28373757004737854,
        "dl": 0.11784831434488297,
        "bg": 0.5604516863822937,
        "m": 0.5239503979682922,
        "mr": 0.2380770891904831,
        "dr": 0.21656636893749237,
        "mc": 0.5127183198928833,
        "dc": 0.4147806763648987,
        "bgb": 0.6439867615699768,
        "lgb": 0.11565925925970078
      },
      "top2": {
        "mb": 0.6861522793769836,
        "db": 0.4366725981235504,
        "ml": 0.2834353744983673,
        "dl": 0.11747629195451736,
        "bg": 0.5590423345565796,
        "m": 0.5214509963989258,
        "mr": 0.23733243346214294,
        "dr": 0.215081587433815,
        "mc": 0.51165771484375,
        "dc": 0.41451549530029297,
        "bgb": 0.6435177326202393,
        "lgb": 0.11555500328540802
      },
      "second_scores": {
        "mb": 0.6861522793769836,
        "db": 0.4366725981235504,
        "ml": 0.2834353744983673,
        "dl": 0.11747629195451736,
        "bg": 0.5590423345565796,
        "m": 0.5214509963989258,
        "mr": 0.23733243346214294,
        "dr": 0.215081587433815,
        "mc": 0.51165771484375,
        "dc": 0.41451549530029297,
        "bgb": 0.6435177326202393,
        "lgb": 0.11555500328540802
      },
      "margin": {
        "mb": 0.0001494884490966797,
        "db": 0.0002390146255493164,
        "ml": 0.00030219554901123047,
        "dl": 0.0003720223903656006,
        "bg": 0.0014093518257141113,
        "m": 0.002499401569366455,
        "mr": 0.0007446557283401489,
        "dr": 0.0014847815036773682,
        "mc": 0.0010606050491333008,
        "dc": 0.0002651810646057129,
        "bgb": 0.00046902894973754883,
        "lgb": 0.00010425597429275513
      },
      "meta": {
        "case_id": "141",
        "arch": "U",
        "fdi": 27,
        "tooth_id": 14,
        "sigma_mm": 5.0,
        "unit": "mm"
      }
    }
  },
  "meta": {
    "root": "C:\\MISC\\Deepcare\\Orthodontics\\datasets\\landmarks_dataset\\cooked\\p0\\samples"
  }
}