{
  "predictions": {
    "t27": {
      "landmarks_local": {
        "mb": [
          1.0933799743652344,
          -5.166382789611816,
          1.7200562953948975
        ],
        "db": [
          2.4439048767089844,
          -4.432705879211426,
          -0.21379709243774414
        ],
        "ml": [
          -4.748542785644531,
          -2.726442337036133,
          0.35545945167541504
        ],
        "dl": [
          -3.514497756958008,
          -3.0773563385009766,
          -0.9933104515075684
        ],
        "bg": [
          2.249288558959961,
          -4.423382759094238,
          -0.31730055809020996
        ],
        "m": [
          -6.981876373291016,
          -0.2783088684082031,
          0.4925425052642822
        ],
        "mr": [
          -6.217472076416016,
          -2.091695785522461,
          1.5398294925689697
        ],
        "dr": [
          -4.9849700927734375,
          -1.9911060333251953,
          -1.1888139247894287
        ],
        "mc": [
          -7.050373077392578,
          -0.2198619842529297,
          0.6546828746795654
        ],
        "dc": [
          -4.679542541503906,
          -0.9029674530029297,
          -2.560270309448242
        ],
        "bgb": [
          3.5130252838134766,
          -3.863003730773926,
          1.0037195682525635
        ],
        "lgb": [
          -6.276313781738281,
          2.5076522827148438,
          0.21506977081298828
        ]
      },
      "landmarks_global": {
        "mb": [
          1.0933799743652344,
          -5.166382789611816,
          1.7200562953948975
        ],
        "db": [
          2.4439048767089844,
          -4.432705879211426,
          -0.21379709243774414
        ],
        "ml": [
          -4.748542785644531,
          -2.726442337036133,
          0.35545945167541504
        ],
        "dl": [
          -3.514497756958008,
          -3.0773563385009766,
          -0.9933104515075684
        ],
        "bg": [
          2.249288558959961,
          -4.423382759094238,
          -0.31730055809020996
        ],
        "m": [
          -6.981876373291016,
          -0.2783088684082031,
          0.4925425052642822
        ],
        "mr": [
          -6.217472076416016,
          -2.091695785522461,
          1.5398294925689697
        ],
        "dr": [
          -4.9849700927734375,
          -1.9911060333251953,
          -1.1888139247894287
        ],
        "mc": [
          -7.050373077392578,
          -0.2198619842529297,
          0.6546828746795654
        ],
        "dc": [
          -4.679542541503906,
          -0.9029674530029297,
          -2.560270309448242
        ],
        "bgb": [
          3.5130252838134766,
          -3.863003730773926,
          1.0037195682525635
        ],
        "lgb": [
          -6.276313781738281,
          2.5076522827148438,
          0.21506977081298828
        ]
      },
      "indices": {
        "mb": 2473,
        "db": 643,
        "ml": 979,
        "dl": 1336,
        "bg": 2828,
        "m": 2979,
        "mr": 1696,
        "dr": 516,
        "mc": 973,
        "dc": 971,
        "bgb": 836,
        "lgb": 501
      },
      "scores": {
        "mb": 0.7391384840011597,
        "db": 0.45424884557724,
        "ml": 0.3078851103782654,
        "dl": 0.1444101184606552,
        "bg": 0.6320303082466125,
        "m": 0.5919637084007263,
        "mr": 0.2765806019306183,
        "dr": 0.20967723429203033,
        "mc": 0.43549734354019165,
        "dc": 0.3598494827747345,
        "bgb": 0.6580578088760376,
        "lgb": 0.112545445561409
      },
      "top1": {
        "mb": 0.7391384840011597,
        "db": 0.45424884557724,
        "ml": 0.3078851103782654,
        "dl": 0.1444101184606552,
        "bg": 0.6320303082466125,
        "m": 0.5919637084007263,
        "mr": 0.2765806019306183,
        "dr": 0.20967723429203033,
        "mc": 0.43549734354019165,
        "dc": 0.3598494827747345,
        "bgb": 0.6580578088760376,
        "lgb": 0.112545445561409
      },
      "peak_scores": {
        "mb": 0.7391384840011597,
        "db": 0.45424884557724,
        "ml": 0.3078851103782654,
        "dl": 0.1444101184606552,
        "bg": 0.6320303082466125,
        "m": 0.5919637084007263,
        "mr": 0.2765806019306183,
        "dr": 0.20967723429203033,
        "mc": 0.43549734354019165,
        "dc": 0.3598494827747345,
        "bgb": 0.6580578088760376,
        "lgb": 0.112545445561409
      },
      "top2": {
        "mb": 0.738971471786499,
        "db": 0.4540286064147949,
        "ml": 0.3073804974555969,
        "dl": 0.14426273107528687,
        "bg": 0.6319093704223633,
        "m": 0.5919097065925598,
        "mr": 0.276576966047287,
        "dr": 0.2092595100402832,
        "mc": 0.4350112974643707,
        "dc": 0.35939300060272217,
        "bgb": 0.6577122807502747,
        "lgb": 0.11234349757432938
      },
      "second_scores": {
        "mb": 0.738971471786499,
        "db": 0.4540286064147949,
        "ml": 0.3073804974555969,
        "dl": 0.14426273107528687,
        "bg": 0.6319093704223633,
        "m": 0.5919097065925598,
        "mr": 0.276576966047287,
        "dr": 0.2092595100402832,
        "mc": 0.4350112974643707,
        "dc": 0.35939300060272217,
        "bgb": 0.6577122807502747,
        "lgb": 0.11234349757432938
      },
      "margin": {
        "mb": 0.00016701221466064453,
        "db": 0.00022023916244506836,
        "ml": 0.000504612922668457,
        "dl": 0.00014738738536834717,
        "bg": 0.00012093782424926758,
        "m": 5.4001808166503906e-05,
        "mr": 3.635883331298828e-06,
        "dr": 0.00041772425174713135,
        "mc": 0.00048604607582092285,
        "dc": 0.0004564821720123291,
        "bgb": 0.00034552812576293945,
        "lgb": 0.00020194798707962036
      },
      "meta": {
        "case_id": "142",
        "arch": "U",
        "fdi": 27,
        "tooth_id": 14,
        "sigma_mm": 5.0,
        "unit": "mm"
      }
    }
  },
  "meta": {
    "root": "C:\\MISC\\Deepcare\\Orthodontics\\datasets\\landmarks_dataset\\cooked\\p0\\samples"
  }
}