{
  "predictions": {
    "t27": {
      "landmarks_local": {
        "mb": [
          2.2858963012695312,
          -5.213590621948242,
          2.6317033767700195
        ],
        "db": [
          2.061735153198242,
          -4.846097946166992,
          -0.17801642417907715
        ],
        "ml": [
          -5.618165969848633,
          -2.7569217681884766,
          0.7327268123626709
        ],
        "dl": [
          -5.193716049194336,
          -2.306734085083008,
          -0.28607988357543945
        ],
        "bg": [
          0.2978515625,
          -5.278398513793945,
          -0.024100065231323242
        ],
        "m": [
          -7.696664810180664,
          -0.00689697265625,
          1.4971966743469238
        ],
        "mr": [
          1.545949935913086,
          -5.439268112182617,
          2.443800449371338
        ],
        "dr": [
          -5.327348709106445,
          -2.9282913208007812,
          0.5882599353790283
        ],
        "mc": [
          -6.618135452270508,
          -1.8073711395263672,
          1.1723265647888184
        ],
        "dc": [
          -5.956581115722656,
          0.4626016616821289,
          -1.6744599342346191
        ],
        "bgb": [
          3.1633682250976562,
          -3.7846145629882812,
          -0.6994132995605469
        ],
        "lgb": [
          -6.743791580200195,
          1.1020727157592773,
          -0.5393564701080322
        ]
      },
      "landmarks_global": {
        "mb": [
          2.2858963012695312,
          -5.213590621948242,
          2.6317033767700195
        ],
        "db": [
          2.061735153198242,
          -4.846097946166992,
          -0.17801642417907715
        ],
        "ml": [
          -5.618165969848633,
          -2.7569217681884766,
          0.7327268123626709
        ],
        "dl": [
          -5.193716049194336,
          -2.306734085083008,
          -0.28607988357543945
        ],
        "bg": [
          0.2978515625,
          -5.278398513793945,
          -0.024100065231323242
        ],
        "m": [
          -7.696664810180664,
          -0.00689697265625,
          1.4971966743469238
        ],
        "mr": [
          1.545949935913086,
          -5.439268112182617,
          2.443800449371338
        ],
        "dr": [
          -5.327348709106445,
          -2.9282913208007812,
          0.5882599353790283
        ],
        "mc": [
          -6.618135452270508,
          -1.8073711395263672,
          1.1723265647888184
        ],
        "dc": [
          -5.956581115722656,
          0.4626016616821289,
          -1.6744599342346191
        ],
        "bgb": [
          3.1633682250976562,
          -3.7846145629882812,
          -0.6994132995605469
        ],
        "lgb": [
          -6.743791580200195,
          1.1020727157592773,
          -0.5393564701080322
        ]
      },
      "indices": {
        "mb": 1231,
        "db": 2451,
        "ml": 291,
        "dl": 672,
        "bg": 410,
        "m": 1519,
        "mr": 1082,
        "dr": 1403,
        "mc": 244,
        "dc": 2420,
        "bgb": 1682,
        "lgb": 2202
      },
      "scores": {
        "mb": 0.7892967462539673,
        "db": 0.5421623587608337,
        "ml": 0.32739582657814026,
        "dl": 0.16021206974983215,
        "bg": 0.6661309003829956,
        "m": 0.6671136021614075,
        "mr": 0.34415268898010254,
        "dr": 0.2399124801158905,
        "mc": 0.43960097432136536,
        "dc": 0.30703675746917725,
        "bgb": 0.6713567972183228,
        "lgb": 0.10959000140428543
      },
      "top1": {
        "mb": 0.7892967462539673,
        "db": 0.5421623587608337,
        "ml": 0.32739582657814026,
        "dl": 0.16021206974983215,
        "bg": 0.6661309003829956,
        "m": 0.6671136021614075,
        "mr": 0.34415268898010254,
        "dr": 0.2399124801158905,
        "mc": 0.43960097432136536,
        "dc": 0.30703675746917725,
        "bgb": 0.6713567972183228,
        "lgb": 0.10959000140428543
      },
      "peak_scores": {
        "mb": 0.7892967462539673,
        "db": 0.5421623587608337,
        "ml": 0.32739582657814026,
        "dl": 0.16021206974983215,
        "bg": 0.6661309003829956,
        "m": 0.6671136021614075,
        "mr": 0.34415268898010254,
        "dr": 0.2399124801158905,
        "mc": 0.43960097432136536,
        "dc": 0.30703675746917725,
        "bgb": 0.6713567972183228,
        "lgb": 0.10959000140428543
      },
      "top2": {
        "mb": 0.7882968187332153,
        "db": 0.5419439673423767,
        "ml": 0.32677116990089417,
        "dl": 0.15983076393604279,
        "bg": 0.6659578680992126,
        "m": 0.6669957637786865,
        "mr": 0.3422420620918274,
        "dr": 0.23938514292240143,
        "mc": 0.43883007764816284,
        "dc": 0.30698880553245544,
        "bgb": 0.6710176467895508,
        "lgb": 0.10957202315330505
      },
      "second_scores": {
        "mb": 0.7882968187332153,
        "db": 0.5419439673423767,
        "ml": 0.32677116990089417,
        "dl": 0.15983076393604279,
        "bg": 0.6659578680992126,
        "m": 0.6669957637786865,
        "mr": 0.3422420620918274,
        "dr": 0.23938514292240143,
        "mc": 0.43883007764816284,
        "dc": 0.30698880553245544,
        "bgb": 0.6710176467895508,
        "lgb": 0.10957202315330505
      },
      "margin": {
        "mb": 0.0009999275207519531,
        "db": 0.00021839141845703125,
        "ml": 0.0006246566772460938,
        "dl": 0.0003813058137893677,
        "bg": 0.00017303228378295898,
        "m": 0.00011783838272094727,
        "mr": 0.0019106268882751465,
        "dr": 0.0005273371934890747,
        "mc": 0.0007708966732025146,
        "dc": 4.795193672180176e-05,
        "bgb": 0.00033915042877197266,
        "lgb": 1.7978250980377197e-05
      },
      "meta": {
        "case_id": "143",
        "arch": "U",
        "fdi": 27,
        "tooth_id": 14,
        "sigma_mm": 5.0,
        "unit": "mm"
      }
    }
  },
  "meta": {
    "root": "C:\\MISC\\Deepcare\\Orthodontics\\datasets\\landmarks_dataset\\cooked\\p0\\samples"
  }
}