{
  "predictions": {
    "t27": {
      "landmarks_local": {
        "mb": [
          2.2095794677734375,
          -5.916901588439941,
          3.2296175956726074
        ],
        "db": [
          2.7665481567382812,
          -5.444228172302246,
          -1.0569753646850586
        ],
        "ml": [
          -4.637580871582031,
          -3.5797243118286133,
          0.23162078857421875
        ],
        "dl": [
          -3.9682159423828125,
          -2.892268180847168,
          -1.2388687133789062
        ],
        "bg": [
          1.0563030242919922,
          -5.963974952697754,
          -0.31088924407958984
        ],
        "m": [
          -6.049531936645508,
          -0.9315614700317383,
          0.45827436447143555
        ],
        "mr": [
          -5.918207168579102,
          -2.656254768371582,
          2.387167453765869
        ],
        "dr": [
          -4.282899856567383,
          -2.3097143173217773,
          -1.5750560760498047
        ],
        "mc": [
          -5.305280685424805,
          -3.224759101867676,
          1.4573707580566406
        ],
        "dc": [
          -4.059431076049805,
          -0.2738780975341797,
          -2.654562473297119
        ],
        "bgb": [
          3.783966064453125,
          -4.380007743835449,
          -1.6975727081298828
        ],
        "lgb": [
          -4.171897888183594,
          -0.5692844390869141,
          -2.533515691757202
        ]
      },
      "landmarks_global": {
        "mb": [
          2.2095794677734375,
          -5.916901588439941,
          3.2296175956726074
        ],
        "db": [
          2.7665481567382812,
          -5.444228172302246,
          -1.0569753646850586
        ],
        "ml": [
          -4.637580871582031,
          -3.5797243118286133,
          0.23162078857421875
        ],
        "dl": [
          -3.9682159423828125,
          -2.892268180847168,
          -1.2388687133789062
        ],
        "bg": [
          1.0563030242919922,
          -5.963974952697754,
          -0.31088924407958984
        ],
        "m": [
          -6.049531936645508,
          -0.9315614700317383,
          0.45827436447143555
        ],
        "mr": [
          -5.918207168579102,
          -2.656254768371582,
          2.387167453765869
        ],
        "dr": [
          -4.282899856567383,
          -2.3097143173217773,
          -1.5750560760498047
        ],
        "mc": [
          -5.305280685424805,
          -3.224759101867676,
          1.4573707580566406
        ],
        "dc": [
          -4.059431076049805,
          -0.2738780975341797,
          -2.654562473297119
        ],
        "bgb": [
          3.783966064453125,
          -4.380007743835449,
          -1.6975727081298828
        ],
        "lgb": [
          -4.171897888183594,
          -0.5692844390869141,
          -2.533515691757202
        ]
      },
      "indices": {
        "mb": 646,
        "db": 2711,
        "ml": 37,
        "dl": 1433,
        "bg": 798,
        "m": 1704,
        "mr": 596,
        "dr": 1965,
        "mc": 310,
        "dc": 2733,
        "bgb": 1083,
        "lgb": 994
      },
      "scores": {
        "mb": 0.800173819065094,
        "db": 0.5167379975318909,
        "ml": 0.3795483708381653,
        "dl": 0.1638815999031067,
        "bg": 0.6662095189094543,
        "m": 0.5668112635612488,
        "mr": 0.34485653042793274,
        "dr": 0.2568570077419281,
        "mc": 0.4306320548057556,
        "dc": 0.38958245515823364,
        "bgb": 0.6544480323791504,
        "lgb": 0.1024739146232605
      },
      "top1": {
        "mb": 0.800173819065094,
        "db": 0.5167379975318909,
        "ml": 0.3795483708381653,
        "dl": 0.1638815999031067,
        "bg": 0.6662095189094543,
        "m": 0.5668112635612488,
        "mr": 0.34485653042793274,
        "dr": 0.2568570077419281,
        "mc": 0.4306320548057556,
        "dc": 0.38958245515823364,
        "bgb": 0.6544480323791504,
        "lgb": 0.1024739146232605
      },
      "peak_scores": {
        "mb": 0.800173819065094,
        "db": 0.5167379975318909,
        "ml": 0.3795483708381653,
        "dl": 0.1638815999031067,
        "bg": 0.6662095189094543,
        "m": 0.5668112635612488,
        "mr": 0.34485653042793274,
        "dr": 0.2568570077419281,
        "mc": 0.4306320548057556,
        "dc": 0.38958245515823364,
        "bgb": 0.6544480323791504,
        "lgb": 0.1024739146232605
      },
      "top2": {
        "mb": 0.7995405197143555,
        "db": 0.5163006782531738,
        "ml": 0.37804070115089417,
        "dl": 0.16377973556518555,
        "bg": 0.6660167574882507,
        "m": 0.56653892993927,
        "mr": 0.34406885504722595,
        "dr": 0.25677040219306946,
        "mc": 0.4291926920413971,
        "dc": 0.38905954360961914,
        "bgb": 0.6541804671287537,
        "lgb": 0.10244271904230118
      },
      "second_scores": {
        "mb": 0.7995405197143555,
        "db": 0.5163006782531738,
        "ml": 0.37804070115089417,
        "dl": 0.16377973556518555,
        "bg": 0.6660167574882507,
        "m": 0.56653892993927,
        "mr": 0.34406885504722595,
        "dr": 0.25677040219306946,
        "mc": 0.4291926920413971,
        "dc": 0.38905954360961914,
        "bgb": 0.6541804671287537,
        "lgb": 0.10244271904230118
      },
      "margin": {
        "mb": 0.0006332993507385254,
        "db": 0.000437319278717041,
        "ml": 0.0015076696872711182,
        "dl": 0.00010186433792114258,
        "bg": 0.00019276142120361328,
        "m": 0.00027233362197875977,
        "mr": 0.0007876753807067871,
        "dr": 8.660554885864258e-05,
        "mc": 0.0014393627643585205,
        "dc": 0.000522911548614502,
        "bgb": 0.0002675652503967285,
        "lgb": 3.119558095932007e-05
      },
      "meta": {
        "case_id": "144",
        "arch": "U",
        "fdi": 27,
        "tooth_id": 14,
        "sigma_mm": 5.0,
        "unit": "mm"
      }
    }
  },
  "meta": {
    "root": "C:\\MISC\\Deepcare\\Orthodontics\\datasets\\landmarks_dataset\\cooked\\p0\\samples"
  }
}