{
  "predictions": {
    "t27": {
      "landmarks_local": {
        "mb": [
          3.2136974334716797,
          2.645021438598633,
          4.3078765869140625
        ],
        "db": [
          -2.152463912963867,
          -2.4007039070129395,
          -0.8949365615844727
        ],
        "ml": [
          -3.857053756713867,
          -1.3257648944854736,
          3.3601598739624023
        ],
        "dl": [
          -5.470861434936523,
          -0.7020983695983887,
          -2.4645071029663086
        ],
        "bg": [
          2.1904373168945312,
          1.320715069770813,
          4.766160011291504
        ],
        "m": [
          -6.276514053344727,
          -0.22667908668518066,
          1.4031524658203125
        ],
        "mr": [
          -6.052898406982422,
          -0.16503393650054932,
          1.7776031494140625
        ],
        "dr": [
          -3.5218982696533203,
          -0.13635432720184326,
          -4.392118453979492
        ],
        "mc": [
          -5.834985733032227,
          -0.2044374942779541,
          2.1411256790161133
        ],
        "dc": [
          -2.9595489501953125,
          0.01738870143890381,
          -4.638814926147461
        ],
        "bgb": [
          4.051652908325195,
          4.247109889984131,
          -0.8653974533081055
        ],
        "lgb": [
          -5.327756881713867,
          -1.1726303100585938,
          -1.6211929321289062
        ]
      },
      "landmarks_global": {
        "mb": [
          3.2136974334716797,
          2.645021438598633,
          4.3078765869140625
        ],
        "db": [
          -2.152463912963867,
          -2.4007039070129395,
          -0.8949365615844727
        ],
        "ml": [
          -3.857053756713867,
          -1.3257648944854736,
          3.3601598739624023
        ],
        "dl": [
          -5.470861434936523,
          -0.7020983695983887,
          -2.4645071029663086
        ],
        "bg": [
          2.1904373168945312,
          1.320715069770813,
          4.766160011291504
        ],
        "m": [
          -6.276514053344727,
          -0.22667908668518066,
          1.4031524658203125
        ],
        "mr": [
          -6.052898406982422,
          -0.16503393650054932,
          1.7776031494140625
        ],
        "dr": [
          -3.5218982696533203,
          -0.13635432720184326,
          -4.392118453979492
        ],
        "mc": [
          -5.834985733032227,
          -0.2044374942779541,
          2.1411256790161133
        ],
        "dc": [
          -2.9595489501953125,
          0.01738870143890381,
          -4.638814926147461
        ],
        "bgb": [
          4.051652908325195,
          4.247109889984131,
          -0.8653974533081055
        ],
        "lgb": [
          -5.327756881713867,
          -1.1726303100585938,
          -1.6211929321289062
        ]
      },
      "indices": {
        "mb": 102,
        "db": 1758,
        "ml": 2877,
        "dl": 57,
        "bg": 149,
        "m": 549,
        "mr": 15,
        "dr": 1,
        "mc": 448,
        "dc": 223,
        "bgb": 824,
        "lgb": 560
      },
      "scores": {
        "mb": 0.7823220491409302,
        "db": 0.8662869334220886,
        "ml": 0.3779304623603821,
        "dl": 0.4077702760696411,
        "bg": 0.5127599835395813,
        "m": 0.5940717458724976,
        "mr": 0.3615111708641052,
        "dr": 0.3731103241443634,
        "mc": 0.28490203619003296,
        "dc": 0.6266852617263794,
        "bgb": 0.7738375067710876,
        "lgb": 0.1757601946592331
      },
      "top1": {
        "mb": 0.7823220491409302,
        "db": 0.8662869334220886,
        "ml": 0.3779304623603821,
        "dl": 0.4077702760696411,
        "bg": 0.5127599835395813,
        "m": 0.5940717458724976,
        "mr": 0.3615111708641052,
        "dr": 0.3731103241443634,
        "mc": 0.28490203619003296,
        "dc": 0.6266852617263794,
        "bgb": 0.7738375067710876,
        "lgb": 0.1757601946592331
      },
      "peak_scores": {
        "mb": 0.7823220491409302,
        "db": 0.8662869334220886,
        "ml": 0.3779304623603821,
        "dl": 0.4077702760696411,
        "bg": 0.5127599835395813,
        "m": 0.5940717458724976,
        "mr": 0.3615111708641052,
        "dr": 0.3731103241443634,
        "mc": 0.28490203619003296,
        "dc": 0.6266852617263794,
        "bgb": 0.7738375067710876,
        "lgb": 0.1757601946592331
      },
      "top2": {
        "mb": 0.7822806239128113,
        "db": 0.8662053346633911,
        "ml": 0.3772439658641815,
        "dl": 0.40726014971733093,
        "bg": 0.5122182369232178,
        "m": 0.5935283303260803,
        "mr": 0.3603804409503937,
        "dr": 0.37183764576911926,
        "mc": 0.28356966376304626,
        "dc": 0.6265525817871094,
        "bgb": 0.772859513759613,
        "lgb": 0.17516012489795685
      },
      "second_scores": {
        "mb": 0.7822806239128113,
        "db": 0.8662053346633911,
        "ml": 0.3772439658641815,
        "dl": 0.40726014971733093,
        "bg": 0.5122182369232178,
        "m": 0.5935283303260803,
        "mr": 0.3603804409503937,
        "dr": 0.37183764576911926,
        "mc": 0.28356966376304626,
        "dc": 0.6265525817871094,
        "bgb": 0.772859513759613,
        "lgb": 0.17516012489795685
      },
      "margin": {
        "mb": 4.1425228118896484e-05,
        "db": 8.159875869750977e-05,
        "ml": 0.0006864964962005615,
        "dl": 0.0005101263523101807,
        "bg": 0.0005417466163635254,
        "m": 0.0005434155464172363,
        "mr": 0.0011307299137115479,
        "dr": 0.0012726783752441406,
        "mc": 0.0013323724269866943,
        "dc": 0.00013267993927001953,
        "bgb": 0.0009779930114746094,
        "lgb": 0.0006000697612762451
      },
      "meta": {
        "case_id": "145",
        "arch": "U",
        "fdi": 27,
        "tooth_id": 14,
        "sigma_mm": 5.0,
        "unit": "mm"
      }
    }
  },
  "meta": {
    "root": "C:\\MISC\\Deepcare\\Orthodontics\\datasets\\landmarks_dataset\\cooked\\p0\\samples"
  }
}