{
  "predictions": {
    "t27": {
      "landmarks_local": {
        "mb": [
          2.35296630859375,
          -4.543302536010742,
          1.3863012790679932
        ],
        "db": [
          2.35296630859375,
          -4.543302536010742,
          1.3863012790679932
        ],
        "ml": [
          -4.087431907653809,
          -2.3817691802978516,
          0.13594412803649902
        ],
        "dl": [
          -3.9403486251831055,
          -2.3456859588623047,
          0.10950422286987305
        ],
        "bg": [
          3.2999706268310547,
          -4.2489013671875,
          1.7877013683319092
        ],
        "m": [
          -4.087431907653809,
          -2.3817691802978516,
          0.13594412803649902
        ],
        "mr": [
          -4.087431907653809,
          -2.3817691802978516,
          0.13594412803649902
        ],
        "dr": [
          -4.087431907653809,
          -2.3817691802978516,
          0.13594412803649902
        ],
        "mc": [
          -4.087431907653809,
          -2.3817691802978516,
          0.13594412803649902
        ],
        "dc": [
          -3.790431022644043,
          -2.391054153442383,
          0.09510111808776855
        ],
        "bgb": [
          3.4915714263916016,
          -4.12944221496582,
          1.9392077922821045
        ],
        "lgb": [
          -4.756047248840332,
          0.82080078125,
          -0.8268489837646484
        ]
      },
      "landmarks_global": {
        "mb": [
          2.35296630859375,
          -4.543302536010742,
          1.3863012790679932
        ],
        "db": [
          2.35296630859375,
          -4.543302536010742,
          1.3863012790679932
        ],
        "ml": [
          -4.087431907653809,
          -2.3817691802978516,
          0.13594412803649902
        ],
        "dl": [
          -3.9403486251831055,
          -2.3456859588623047,
          0.10950422286987305
        ],
        "bg": [
          3.2999706268310547,
          -4.2489013671875,
          1.7877013683319092
        ],
        "m": [
          -4.087431907653809,
          -2.3817691802978516,
          0.13594412803649902
        ],
        "mr": [
          -4.087431907653809,
          -2.3817691802978516,
          0.13594412803649902
        ],
        "dr": [
          -4.087431907653809,
          -2.3817691802978516,
          0.13594412803649902
        ],
        "mc": [
          -4.087431907653809,
          -2.3817691802978516,
          0.13594412803649902
        ],
        "dc": [
          -3.790431022644043,
          -2.391054153442383,
          0.09510111808776855
        ],
        "bgb": [
          3.4915714263916016,
          -4.12944221496582,
          1.9392077922821045
        ],
        "lgb": [
          -4.756047248840332,
          0.82080078125,
          -0.8268489837646484
        ]
      },
      "indices": {
        "mb": 2,
        "db": 2,
        "ml": 502,
        "dl": 1679,
        "bg": 2370,
        "m": 502,
        "mr": 502,
        "dr": 502,
        "mc": 502,
        "dc": 17,
        "bgb": 32,
        "lgb": 2376
      },
      "scores": {
        "mb": 0.6083674430847168,
        "db": 0.4102804958820343,
        "ml": 0.26142942905426025,
        "dl": 0.1128126010298729,
        "bg": 0.558032751083374,
        "m": 0.5432049632072449,
        "mr": 0.2211209237575531,
        "dr": 0.2307342290878296,
        "mc": 0.5307086706161499,
        "dc": 0.42746931314468384,
        "bgb": 0.6267001032829285,
        "lgb": 0.14796939492225647
      },
      "top1": {
        "mb": 0.6083674430847168,
        "db": 0.4102804958820343,
        "ml": 0.26142942905426025,
        "dl": 0.1128126010298729,
        "bg": 0.558032751083374,
        "m": 0.5432049632072449,
        "mr": 0.2211209237575531,
        "dr": 0.2307342290878296,
        "mc": 0.5307086706161499,
        "dc": 0.42746931314468384,
        "bgb": 0.6267001032829285,
        "lgb": 0.14796939492225647
      },
      "peak_scores": {
        "mb": 0.6083674430847168,
        "db": 0.4102804958820343,
        "ml": 0.26142942905426025,
        "dl": 0.1128126010298729,
        "bg": 0.558032751083374,
        "m": 0.5432049632072449,
        "mr": 0.2211209237575531,
        "dr": 0.2307342290878296,
        "mc": 0.5307086706161499,
        "dc": 0.42746931314468384,
        "bgb": 0.6267001032829285,
        "lgb": 0.14796939492225647
      },
      "top2": {
        "mb": 0.6069557666778564,
        "db": 0.4080888032913208,
        "ml": 0.259502112865448,
        "dl": 0.11280357092618942,
        "bg": 0.557568371295929,
        "m": 0.5421034097671509,
        "mr": 0.217766672372818,
        "dr": 0.2293025702238083,
        "mc": 0.5269420146942139,
        "dc": 0.42738017439842224,
        "bgb": 0.6261022686958313,
        "lgb": 0.1477752923965454
      },
      "second_scores": {
        "mb": 0.6069557666778564,
        "db": 0.4080888032913208,
        "ml": 0.259502112865448,
        "dl": 0.11280357092618942,
        "bg": 0.557568371295929,
        "m": 0.5421034097671509,
        "mr": 0.217766672372818,
        "dr": 0.2293025702238083,
        "mc": 0.5269420146942139,
        "dc": 0.42738017439842224,
        "bgb": 0.6261022686958313,
        "lgb": 0.1477752923965454
      },
      "margin": {
        "mb": 0.0014116764068603516,
        "db": 0.002191692590713501,
        "ml": 0.0019273161888122559,
        "dl": 9.03010368347168e-06,
        "bg": 0.00046437978744506836,
        "m": 0.0011015534400939941,
        "mr": 0.0033542513847351074,
        "dr": 0.0014316588640213013,
        "mc": 0.003766655921936035,
        "dc": 8.913874626159668e-05,
        "bgb": 0.000597834587097168,
        "lgb": 0.00019410252571105957
      },
      "meta": {
        "case_id": "147",
        "arch": "U",
        "fdi": 27,
        "tooth_id": 14,
        "sigma_mm": 5.0,
        "unit": "mm"
      }
    }
  },
  "meta": {
    "root": "C:\\MISC\\Deepcare\\Orthodontics\\datasets\\landmarks_dataset\\cooked\\p0\\samples"
  }
}