{
  "predictions": {
    "t27": {
      "landmarks_local": {
        "mb": [
          1.428375244140625,
          -6.549652099609375,
          1.6310997009277344
        ],
        "db": [
          1.18927001953125,
          -6.665130615234375,
          1.3496627807617188
        ],
        "ml": [
          0.240142822265625,
          -6.628997802734375,
          0.5020790100097656
        ],
        "dl": [
          0.38433837890625,
          -6.356658935546875,
          -0.3599357604980469
        ],
        "bg": [
          2.681549072265625,
          -5.5439453125,
          3.841815948486328
        ],
        "m": [
          -7.42950439453125,
          2.449981689453125,
          0.47690582275390625
        ],
        "mr": [
          -5.469757080078125,
          -3.279541015625,
          -1.3627548217773438
        ],
        "dr": [
          0.240142822265625,
          -6.628997802734375,
          0.5020790100097656
        ],
        "mc": [
          -6.675750732421875,
          -2.02398681640625,
          -0.5228042602539062
        ],
        "dc": [
          -7.033966064453125,
          -1.516937255859375,
          -0.3742256164550781
        ],
        "bgb": [
          3.187957763671875,
          -4.7154541015625,
          -1.2685165405273438
        ],
        "lgb": [
          -7.461944580078125,
          2.64825439453125,
          0.5261421203613281
        ]
      },
      "landmarks_global": {
        "mb": [
          1.428375244140625,
          -6.549652099609375,
          1.6310997009277344
        ],
        "db": [
          1.18927001953125,
          -6.665130615234375,
          1.3496627807617188
        ],
        "ml": [
          0.240142822265625,
          -6.628997802734375,
          0.5020790100097656
        ],
        "dl": [
          0.38433837890625,
          -6.356658935546875,
          -0.3599357604980469
        ],
        "bg": [
          2.681549072265625,
          -5.5439453125,
          3.841815948486328
        ],
        "m": [
          -7.42950439453125,
          2.449981689453125,
          0.47690582275390625
        ],
        "mr": [
          -5.469757080078125,
          -3.279541015625,
          -1.3627548217773438
        ],
        "dr": [
          0.240142822265625,
          -6.628997802734375,
          0.5020790100097656
        ],
        "mc": [
          -6.675750732421875,
          -2.02398681640625,
          -0.5228042602539062
        ],
        "dc": [
          -7.033966064453125,
          -1.516937255859375,
          -0.3742256164550781
        ],
        "bgb": [
          3.187957763671875,
          -4.7154541015625,
          -1.2685165405273438
        ],
        "lgb": [
          -7.461944580078125,
          2.64825439453125,
          0.5261421203613281
        ]
      },
      "indices": {
        "mb": 19,
        "db": 1366,
        "ml": 1214,
        "dl": 2187,
        "bg": 1597,
        "m": 1504,
        "mr": 940,
        "dr": 1214,
        "mc": 1470,
        "dc": 1546,
        "bgb": 1310,
        "lgb": 2743
      },
      "scores": {
        "mb": 0.49020662903785706,
        "db": 0.3150593042373657,
        "ml": 0.18040530383586884,
        "dl": 0.07180644571781158,
        "bg": 0.45280659198760986,
        "m": 0.44216078519821167,
        "mr": 0.17399616539478302,
        "dr": 0.1389763206243515,
        "mc": 0.36441314220428467,
        "dc": 0.3457067012786865,
        "bgb": 0.560273289680481,
        "lgb": 0.10080374032258987
      },
      "top1": {
        "mb": 0.49020662903785706,
        "db": 0.3150593042373657,
        "ml": 0.18040530383586884,
        "dl": 0.07180644571781158,
        "bg": 0.45280659198760986,
        "m": 0.44216078519821167,
        "mr": 0.17399616539478302,
        "dr": 0.1389763206243515,
        "mc": 0.36441314220428467,
        "dc": 0.3457067012786865,
        "bgb": 0.560273289680481,
        "lgb": 0.10080374032258987
      },
      "peak_scores": {
        "mb": 0.49020662903785706,
        "db": 0.3150593042373657,
        "ml": 0.18040530383586884,
        "dl": 0.07180644571781158,
        "bg": 0.45280659198760986,
        "m": 0.44216078519821167,
        "mr": 0.17399616539478302,
        "dr": 0.1389763206243515,
        "mc": 0.36441314220428467,
        "dc": 0.3457067012786865,
        "bgb": 0.560273289680481,
        "lgb": 0.10080374032258987
      },
      "top2": {
        "mb": 0.4901123344898224,
        "db": 0.31505870819091797,
        "ml": 0.18037590384483337,
        "dl": 0.07180410623550415,
        "bg": 0.45277872681617737,
        "m": 0.44215551018714905,
        "mr": 0.17394128441810608,
        "dr": 0.1389663964509964,
        "mc": 0.36438775062561035,
        "dc": 0.3457033634185791,
        "bgb": 0.560241162776947,
        "lgb": 0.10078565031290054
      },
      "second_scores": {
        "mb": 0.4901123344898224,
        "db": 0.31505870819091797,
        "ml": 0.18037590384483337,
        "dl": 0.07180410623550415,
        "bg": 0.45277872681617737,
        "m": 0.44215551018714905,
        "mr": 0.17394128441810608,
        "dr": 0.1389663964509964,
        "mc": 0.36438775062561035,
        "dc": 0.3457033634185791,
        "bgb": 0.560241162776947,
        "lgb": 0.10078565031290054
      },
      "margin": {
        "mb": 9.429454803466797e-05,
        "db": 5.960464477539062e-07,
        "ml": 2.9399991035461426e-05,
        "dl": 2.339482307434082e-06,
        "bg": 2.7865171432495117e-05,
        "m": 5.27501106262207e-06,
        "mr": 5.488097667694092e-05,
        "dr": 9.924173355102539e-06,
        "mc": 2.5391578674316406e-05,
        "dc": 3.337860107421875e-06,
        "bgb": 3.212690353393555e-05,
        "lgb": 1.8090009689331055e-05
      },
      "meta": {
        "case_id": "148",
        "arch": "U",
        "fdi": 27,
        "tooth_id": 14,
        "sigma_mm": 5.0,
        "unit": "mm"
      }
    }
  },
  "meta": {
    "root": "C:\\MISC\\Deepcare\\Orthodontics\\datasets\\landmarks_dataset\\cooked\\p0\\samples"
  }
}