{
  "predictions": {
    "t27": {
      "landmarks_local": {
        "mb": [
          0.3487663269042969,
          1.835585594177246,
          5.181601524353027
        ],
        "db": [
          3.358325958251953,
          0.8702445030212402,
          -3.343679428100586
        ],
        "ml": [
          -5.785118103027344,
          -1.1101083755493164,
          1.5444326400756836
        ],
        "dl": [
          -3.5972137451171875,
          -1.3514165878295898,
          -4.801919937133789
        ],
        "bg": [
          2.5143070220947266,
          3.8439221382141113,
          4.324007987976074
        ],
        "m": [
          -6.788373947143555,
          -0.02419424057006836,
          0.7990150451660156
        ],
        "mr": [
          -5.590251922607422,
          0.10337972640991211,
          2.750563621520996
        ],
        "dr": [
          -2.8981399536132812,
          -0.8132228851318359,
          -5.602617263793945
        ],
        "mc": [
          -5.590251922607422,
          0.10337972640991211,
          2.750563621520996
        ],
        "dc": [
          -2.6939697265625,
          -0.6631927490234375,
          -5.715520858764648
        ],
        "bgb": [
          3.4572219848632812,
          4.536293983459473,
          2.5180702209472656
        ],
        "lgb": [
          -3.5299072265625,
          -2.6702194213867188,
          -2.0831737518310547
        ]
      },
      "landmarks_global": {
        "mb": [
          0.3487663269042969,
          1.835585594177246,
          5.181601524353027
        ],
        "db": [
          3.358325958251953,
          0.8702445030212402,
          -3.343679428100586
        ],
        "ml": [
          -5.785118103027344,
          -1.1101083755493164,
          1.5444326400756836
        ],
        "dl": [
          -3.5972137451171875,
          -1.3514165878295898,
          -4.801919937133789
        ],
        "bg": [
          2.5143070220947266,
          3.8439221382141113,
          4.324007987976074
        ],
        "m": [
          -6.788373947143555,
          -0.02419424057006836,
          0.7990150451660156
        ],
        "mr": [
          -5.590251922607422,
          0.10337972640991211,
          2.750563621520996
        ],
        "dr": [
          -2.8981399536132812,
          -0.8132228851318359,
          -5.602617263793945
        ],
        "mc": [
          -5.590251922607422,
          0.10337972640991211,
          2.750563621520996
        ],
        "dc": [
          -2.6939697265625,
          -0.6631927490234375,
          -5.715520858764648
        ],
        "bgb": [
          3.4572219848632812,
          4.536293983459473,
          2.5180702209472656
        ],
        "lgb": [
          -3.5299072265625,
          -2.6702194213867188,
          -2.0831737518310547
        ]
      },
      "indices": {
        "mb": 692,
        "db": 1381,
        "ml": 1287,
        "dl": 87,
        "bg": 1204,
        "m": 989,
        "mr": 2,
        "dr": 1,
        "mc": 2,
        "dc": 1980,
        "bgb": 359,
        "lgb": 366
      },
      "scores": {
        "mb": 0.7448527812957764,
        "db": 0.8724636435508728,
        "ml": 0.3630548119544983,
        "dl": 0.554401159286499,
        "bg": 0.4900485575199127,
        "m": 0.5555235147476196,
        "mr": 0.366501122713089,
        "dr": 0.46567821502685547,
        "mc": 0.3164471983909607,
        "dc": 0.7305577993392944,
        "bgb": 0.7224594354629517,
        "lgb": 0.1856723129749298
      },
      "top1": {
        "mb": 0.7448527812957764,
        "db": 0.8724636435508728,
        "ml": 0.3630548119544983,
        "dl": 0.554401159286499,
        "bg": 0.4900485575199127,
        "m": 0.5555235147476196,
        "mr": 0.366501122713089,
        "dr": 0.46567821502685547,
        "mc": 0.3164471983909607,
        "dc": 0.7305577993392944,
        "bgb": 0.7224594354629517,
        "lgb": 0.1856723129749298
      },
      "peak_scores": {
        "mb": 0.7448527812957764,
        "db": 0.8724636435508728,
        "ml": 0.3630548119544983,
        "dl": 0.554401159286499,
        "bg": 0.4900485575199127,
        "m": 0.5555235147476196,
        "mr": 0.366501122713089,
        "dr": 0.46567821502685547,
        "mc": 0.3164471983909607,
        "dc": 0.7305577993392944,
        "bgb": 0.7224594354629517,
        "lgb": 0.1856723129749298
      },
      "top2": {
        "mb": 0.7447685599327087,
        "db": 0.8721681237220764,
        "ml": 0.36304041743278503,
        "dl": 0.553279459476471,
        "bg": 0.4891946315765381,
        "m": 0.5548377633094788,
        "mr": 0.3649074137210846,
        "dr": 0.46544432640075684,
        "mc": 0.31606191396713257,
        "dc": 0.7302272319793701,
        "bgb": 0.721484363079071,
        "lgb": 0.1856636255979538
      },
      "second_scores": {
        "mb": 0.7447685599327087,
        "db": 0.8721681237220764,
        "ml": 0.36304041743278503,
        "dl": 0.553279459476471,
        "bg": 0.4891946315765381,
        "m": 0.5548377633094788,
        "mr": 0.3649074137210846,
        "dr": 0.46544432640075684,
        "mc": 0.31606191396713257,
        "dc": 0.7302272319793701,
        "bgb": 0.721484363079071,
        "lgb": 0.1856636255979538
      },
      "margin": {
        "mb": 8.422136306762695e-05,
        "db": 0.0002955198287963867,
        "ml": 1.4394521713256836e-05,
        "dl": 0.0011216998100280762,
        "bg": 0.0008539259433746338,
        "m": 0.0006857514381408691,
        "mr": 0.0015937089920043945,
        "dr": 0.0002338886260986328,
        "mc": 0.000385284423828125,
        "dc": 0.0003305673599243164,
        "bgb": 0.0009750723838806152,
        "lgb": 8.687376976013184e-06
      },
      "meta": {
        "case_id": "150",
        "arch": "U",
        "fdi": 27,
        "tooth_id": 14,
        "sigma_mm": 5.0,
        "unit": "mm"
      }
    }
  },
  "meta": {
    "root": "C:\\MISC\\Deepcare\\Orthodontics\\datasets\\landmarks_dataset\\cooked\\p0\\samples"
  }
}