{
  "AP_Offset_Mode": "grouped",
  "AP_Offset_mm": 6.2657931180714765,
  "AP_Offset_Groups": {
    "incisor": 7.049314684998016,
    "canine": 6.2657931180714765,
    "molar": 3.2450949533171567
  },
  "AP_Offset_Debug": {
    "pairs": [
      [
        "11ma",
        "41ma",
        8.620028924919417
      ],
      [
        "21ma",
        "31ma",
        7.822636491417597
      ],
      [
        "12ma",
        "42ma",
        6.241893584476369
      ],
      [
        "22ma",
        "32ma",
        6.2759928785784345
      ],
      [
        "13m",
        "43dc",
        6.343538937490973
      ],
      [
        "23m",
        "33dc",
        6.1880472986519806
      ],
      [
        "16mb",
        "46bg",
        3.682038786464876
      ],
      [
        "26mb",
        "36bg",
        2.8081511201694376
      ]
    ],
    "used_pairs": [
      [
        "11ma",
        "41ma",
        8.620028924919417
      ],
      [
        "21ma",
        "31ma",
        7.822636491417597
      ],
      [
        "12ma",
        "42ma",
        6.241893584476369
      ],
      [
        "22ma",
        "32ma",
        6.2759928785784345
      ],
      [
        "13m",
        "43dc",
        6.343538937490973
      ],
      [
        "23m",
        "33dc",
        6.1880472986519806
      ],
      [
        "16mb",
        "46bg",
        3.682038786464876
      ],
      [
        "26mb",
        "36bg",
        2.8081511201694376
      ]
    ],
    "IQR_mm": null,
    "n": 8,
    "groups": {
      "incisor": {
        "pairs": [
          [
            "11ma",
            "41ma",
            8.620028924919417
          ],
          [
            "21ma",
            "31ma",
            7.822636491417597
          ],
          [
            "12ma",
            "42ma",
            6.241893584476369
          ],
          [
            "22ma",
            "32ma",
            6.2759928785784345
          ]
        ],
        "used_pairs": [
          [
            "11ma",
            "41ma",
            8.620028924919417
          ],
          [
            "21ma",
            "31ma",
            7.822636491417597
          ],
          [
            "12ma",
            "42ma",
            6.241893584476369
          ],
          [
            "22ma",
            "32ma",
            6.2759928785784345
          ]
        ],
        "median": 7.049314684998016,
        "IQR_mm": 1.7545165447401345,
        "n": 4
      },
      "canine": {
        "pairs": [
          [
            "13m",
            "43dc",
            6.343538937490973
          ],
          [
            "23m",
            "33dc",
            6.1880472986519806
          ]
        ],
        "used_pairs": [
          [
            "13m",
            "43dc",
            6.343538937490973
          ],
          [
            "23m",
            "33dc",
            6.1880472986519806
          ]
        ],
        "median": 6.2657931180714765,
        "IQR_mm": 0.07774581941949688,
        "n": 2
      },
      "molar": {
        "pairs": [
          [
            "16mb",
            "46bg",
            3.682038786464876
          ],
          [
            "26mb",
            "36bg",
            2.8081511201694376
          ]
        ],
        "used_pairs": [
          [
            "16mb",
            "46bg",
            3.682038786464876
          ],
          [
            "26mb",
            "36bg",
            2.8081511201694376
          ]
        ],
        "median": 3.2450949533171567,
        "IQR_mm": 0.4369438331477191,
        "n": 2
      }
    },
    "group_medians": {
      "incisor": 7.049314684998016,
      "canine": 6.2657931180714765,
      "molar": 3.2450949533171567
    },
    "mode": "grouped",
    "hard_clip_mm": 12.0,
    "offset_mm": 6.2657931180714765
  },
  "Arch_Form": "方圆形",
  "Arch_Width": "上颌：前段偏窄、中段正常、后段偏宽；下颌：前段偏窄、中段正常、后段偏宽",
  "Bolton_Ratio": "前牙比:0.78 全牙比:0.91",
  "Canine_Relationship_Right": "中性",
  "Canine_Relationship_Left": "中性",
  "Crossbite": "无",
  "Crowding_Up": 4.3,
  "Crowding_Down": 7.4,
  "Curve_of_Spee": "1.7mm",
  "Midline_Alignment": "上牙列正 下牙列左偏0.5mm",
  "Molar_Relationship_Right": "远中",
  "Molar_Relationship_Left": "远中",
  "Overbite": "6.4mm Ⅲ度深覆𬌗",
  "Overjet": "2.2mm 正常覆盖"
}