epoch,train_loss,val_loss,val_dsc,val_dsc_perm,lr
1,4.362454716364542,2.6383696873982747,0.036454649712637684,0.0410663295750593,0.001
