{
  "mode": "per_group",
  "targets": [
    "central"
  ],
  "summaries": [
    {
      "target": "central",
      "mode": "per_group",
      "num_samples": 1154,
      "analyzed_teeth": [
        "t11",
        "t21",
        "t31",
        "t41"
      ],
      "C": 15,
      "L": 7,
      "coord_mm": {
        "mean": 2.273860454559326,
        "median": 1.4623980522155762,
        "pck@1mm": 0.38400594206486754,
        "pck@2mm": 0.5976726912602129,
        "pck@3mm": 0.7219608814062887
      },
      "heatmap_mse": {
        "mean": 0.025527747347950935,
        "median": 0.021273259073495865
      }
    }
  ],
  "overall": {
    "mean_error": 2.273860454559326,
    "mean_p2mm": null
  }
}