{
  "mode": "per_tooth",
  "targets": [
    "t31"
  ],
  "summaries": [
    {
      "target": "t31",
      "mode": "per_tooth",
      "num_samples": 282,
      "analyzed_teeth": [
        "t31"
      ],
      "C": 15,
      "L": 7,
      "coord_mm": {
        "mean": 1.624712586402893,
        "median": 0.7777151465415955,
        "pck@1mm": 0.5906788247213779,
        "pck@2mm": 0.7760891590678825,
        "pck@3mm": 0.8439716312056738
      },
      "heatmap_mse": {
        "mean": 0.017910053953528404,
        "median": 0.0157012939453125
      }
    }
  ],
  "overall": {
    "mean_error": 1.624712586402893,
    "mean_p2mm": null
  }
}