epoch,train_loss,val_loss,val_dsc,val_dsc_perm,val_sen,val_ppv,lr
1,2.706951,2.996523,0.034981,0.034981,0.066667,0.023711,1.000000e-02
10,0.399755,0.402283,0.998359,0.998359,0.998843,0.997885,1.000000e-02
20,0.366421,0.366553,1.000000,1.000000,1.000000,1.000000,1.000000e-02
30,0.363972,0.364020,1.000000,1.000000,1.000000,1.000000,1.000000e-02
40,0.363621,0.363630,1.000000,1.000000,1.000000,1.000000,1.000000e-02
