epoch,train_loss,val_loss,val_dsc,lr
1,3.8558890144030253,3.8805120468139647,0.04694915778565396,0.001
