{
  "AP_Offset_Mode": "grouped",
  "AP_Offset_mm": 1.4016623787076092,
  "AP_Offset_Groups": {
    "incisor": 0.8439341695337479,
    "canine": 6.833473553843287,
    "molar": 1.4016623787076092
  },
  "AP_Offset_Debug": {
    "pairs": [
      [
        "11ma",
        "41ma",
        3.3678683886494736
      ],
      [
        "21ma",
        "31ma",
        2.163861745160847
      ],
      [
        "12ma",
        "42ma",
        -2.1560790217529706
      ],
      [
        "22ma",
        "32ma",
        -0.4759934060933513
      ],
      [
        "13m",
        "43dc",
        6.826071635610076
      ],
      [
        "23m",
        "33dc",
        6.840875472076499
      ],
      [
        "16mb",
        "46bg",
        1.8825939542210435
      ],
      [
        "26mb",
        "36bg",
        0.920730803194175
      ]
    ],
    "used_pairs": [
      [
        "11ma",
        "41ma",
        3.3678683886494736
      ],
      [
        "21ma",
        "31ma",
        2.163861745160847
      ],
      [
        "12ma",
        "42ma",
        -2.1560790217529706
      ],
      [
        "22ma",
        "32ma",
        -0.4759934060933513
      ],
      [
        "13m",
        "43dc",
        6.826071635610076
      ],
      [
        "23m",
        "33dc",
        6.840875472076499
      ],
      [
        "16mb",
        "46bg",
        1.8825939542210435
      ],
      [
        "26mb",
        "36bg",
        0.920730803194175
      ]
    ],
    "IQR_mm": null,
    "n": 8,
    "groups": {
      "incisor": {
        "pairs": [
          [
            "11ma",
            "41ma",
            3.3678683886494736
          ],
          [
            "21ma",
            "31ma",
            2.163861745160847
          ],
          [
            "12ma",
            "42ma",
            -2.1560790217529706
          ],
          [
            "22ma",
            "32ma",
            -0.4759934060933513
          ]
        ],
        "used_pairs": [
          [
            "11ma",
            "41ma",
            3.3678683886494736
          ],
          [
            "21ma",
            "31ma",
            2.163861745160847
          ],
          [
            "12ma",
            "42ma",
            -2.1560790217529706
          ],
          [
            "22ma",
            "32ma",
            -0.4759934060933513
          ]
        ],
        "median": 0.8439341695337479,
        "IQR_mm": 3.36087821604126,
        "n": 4
      },
      "canine": {
        "pairs": [
          [
            "13m",
            "43dc",
            6.826071635610076
          ],
          [
            "23m",
            "33dc",
            6.840875472076499
          ]
        ],
        "used_pairs": [
          [
            "13m",
            "43dc",
            6.826071635610076
          ],
          [
            "23m",
            "33dc",
            6.840875472076499
          ]
        ],
        "median": 6.833473553843287,
        "IQR_mm": 0.007401918233211013,
        "n": 2
      },
      "molar": {
        "pairs": [
          [
            "16mb",
            "46bg",
            1.8825939542210435
          ],
          [
            "26mb",
            "36bg",
            0.920730803194175
          ]
        ],
        "used_pairs": [
          [
            "16mb",
            "46bg",
            1.8825939542210435
          ],
          [
            "26mb",
            "36bg",
            0.920730803194175
          ]
        ],
        "median": 1.4016623787076092,
        "IQR_mm": 0.48093157551343424,
        "n": 2
      }
    },
    "group_medians": {
      "incisor": 0.8439341695337479,
      "canine": 6.833473553843287,
      "molar": 1.4016623787076092
    },
    "mode": "grouped",
    "hard_clip_mm": 12.0,
    "offset_mm": 1.4016623787076092
  },
  "Arch_Form": "尖圆形",
  "Arch_Width": "上颌：前段正常、中段正常、后段正常；下颌：前段偏窄、中段偏宽、后段正常",
  "Bolton_Ratio": "前牙比:0.82 全牙比:0.94",
  "Canine_Relationship_Right": "中性",
  "Canine_Relationship_Left": "中性",
  "Crossbite": "无",
  "Crowding_Up": -1.3,
  "Crowding_Down": 7.5,
  "Curve_of_Spee": "1.9mm",
  "Midline_Alignment": "上牙列正 下牙列右偏0.4mm",
  "Molar_Relationship_Right": "中性",
  "Molar_Relationship_Left": "远中",
  "Overbite": "1.2mm 正常覆𬌗",
  "Overjet": "1.6mm 正常覆盖"
}