{
  "AP_Offset_Mode": "grouped",
  "AP_Offset_mm": 3.351657086832047,
  "AP_Offset_Groups": {
    "incisor": 3.8353011658271576,
    "canine": 3.351657086832047,
    "molar": 1.399189922553978
  },
  "AP_Offset_Debug": {
    "pairs": [
      [
        "11ma",
        "41ma",
        5.753629651622973
      ],
      [
        "21ma",
        "31ma",
        5.273910860621231
      ],
      [
        "12ma",
        "42ma",
        -2.1965173999317202
      ],
      [
        "22ma",
        "32ma",
        2.3966914710330838
      ],
      [
        "13m",
        "43dc",
        4.726771008544946
      ],
      [
        "23m",
        "33dc",
        1.976543165119148
      ],
      [
        "16mb",
        "46bg",
        2.2754951429653687
      ],
      [
        "26mb",
        "36bg",
        0.5228847021425871
      ]
    ],
    "used_pairs": [
      [
        "11ma",
        "41ma",
        5.753629651622973
      ],
      [
        "21ma",
        "31ma",
        5.273910860621231
      ],
      [
        "12ma",
        "42ma",
        -2.1965173999317202
      ],
      [
        "22ma",
        "32ma",
        2.3966914710330838
      ],
      [
        "13m",
        "43dc",
        4.726771008544946
      ],
      [
        "23m",
        "33dc",
        1.976543165119148
      ],
      [
        "16mb",
        "46bg",
        2.2754951429653687
      ],
      [
        "26mb",
        "36bg",
        0.5228847021425871
      ]
    ],
    "IQR_mm": null,
    "n": 8,
    "groups": {
      "incisor": {
        "pairs": [
          [
            "11ma",
            "41ma",
            5.753629651622973
          ],
          [
            "21ma",
            "31ma",
            5.273910860621231
          ],
          [
            "12ma",
            "42ma",
            -2.1965173999317202
          ],
          [
            "22ma",
            "32ma",
            2.3966914710330838
          ]
        ],
        "used_pairs": [
          [
            "11ma",
            "41ma",
            5.753629651622973
          ],
          [
            "21ma",
            "31ma",
            5.273910860621231
          ],
          [
            "12ma",
            "42ma",
            -2.1965173999317202
          ],
          [
            "22ma",
            "32ma",
            2.3966914710330838
          ]
        ],
        "median": 3.8353011658271576,
        "IQR_mm": 4.145451305079783,
        "n": 4
      },
      "canine": {
        "pairs": [
          [
            "13m",
            "43dc",
            4.726771008544946
          ],
          [
            "23m",
            "33dc",
            1.976543165119148
          ]
        ],
        "used_pairs": [
          [
            "13m",
            "43dc",
            4.726771008544946
          ],
          [
            "23m",
            "33dc",
            1.976543165119148
          ]
        ],
        "median": 3.351657086832047,
        "IQR_mm": 1.3751139217128996,
        "n": 2
      },
      "molar": {
        "pairs": [
          [
            "16mb",
            "46bg",
            2.2754951429653687
          ],
          [
            "26mb",
            "36bg",
            0.5228847021425871
          ]
        ],
        "used_pairs": [
          [
            "16mb",
            "46bg",
            2.2754951429653687
          ],
          [
            "26mb",
            "36bg",
            0.5228847021425871
          ]
        ],
        "median": 1.399189922553978,
        "IQR_mm": 0.8763052204113908,
        "n": 2
      }
    },
    "group_medians": {
      "incisor": 3.8353011658271576,
      "canine": 3.351657086832047,
      "molar": 1.399189922553978
    },
    "mode": "grouped",
    "hard_clip_mm": 12.0,
    "offset_mm": 3.351657086832047
  },
  "Arch_Form": "尖圆形",
  "Arch_Width": "上颌：前段正常、中段偏宽、后段偏宽；下颌：前段正常、中段偏宽、后段偏宽",
  "Bolton_Ratio": "前牙比:0.75 全牙比:0.91",
  "Canine_Relationship_Right": "远中",
  "Canine_Relationship_Left": "近中",
  "Crossbite": "无",
  "Crowding_Up": -1.9,
  "Crowding_Down": 5.6,
  "Curve_of_Spee": "1.4mm",
  "Midline_Alignment": "上牙列正 下牙列左偏0.2mm",
  "Molar_Relationship_Right": "近中",
  "Molar_Relationship_Left": "远中尖对尖",
  "Overbite": "3.2mm Ⅰ度深覆𬌗",
  "Overjet": "1.5mm 正常覆盖"
}