{
  "AP_Offset_Mode": "grouped",
  "AP_Offset_mm": 1.8600989046371517,
  "AP_Offset_Groups": {
    "incisor": 1.8600989046371517,
    "canine": 2.474845732493989,
    "molar": -0.005873122898377048
  },
  "AP_Offset_Debug": {
    "pairs": [
      [
        "11ma",
        "41ma",
        2.351920259368318
      ],
      [
        "21ma",
        "31ma",
        4.015847329122318
      ],
      [
        "12ma",
        "42ma",
        1.3682775499059852
      ],
      [
        "22ma",
        "32ma",
        0.18333828053862655
      ],
      [
        "13m",
        "43dc",
        1.8969552754583567
      ],
      [
        "23m",
        "33dc",
        3.0527361895296217
      ],
      [
        "16mb",
        "46bg",
        0.4777999997124738
      ],
      [
        "26mb",
        "36bg",
        -0.4895462455092279
      ]
    ],
    "used_pairs": [
      [
        "11ma",
        "41ma",
        2.351920259368318
      ],
      [
        "21ma",
        "31ma",
        4.015847329122318
      ],
      [
        "12ma",
        "42ma",
        1.3682775499059852
      ],
      [
        "22ma",
        "32ma",
        0.18333828053862655
      ],
      [
        "13m",
        "43dc",
        1.8969552754583567
      ],
      [
        "23m",
        "33dc",
        3.0527361895296217
      ],
      [
        "16mb",
        "46bg",
        0.4777999997124738
      ],
      [
        "26mb",
        "36bg",
        -0.4895462455092279
      ]
    ],
    "IQR_mm": null,
    "n": 8,
    "groups": {
      "incisor": {
        "pairs": [
          [
            "11ma",
            "41ma",
            2.351920259368318
          ],
          [
            "21ma",
            "31ma",
            4.015847329122318
          ],
          [
            "12ma",
            "42ma",
            1.3682775499059852
          ],
          [
            "22ma",
            "32ma",
            0.18333828053862655
          ]
        ],
        "used_pairs": [
          [
            "11ma",
            "41ma",
            2.351920259368318
          ],
          [
            "21ma",
            "31ma",
            4.015847329122318
          ],
          [
            "12ma",
            "42ma",
            1.3682775499059852
          ],
          [
            "22ma",
            "32ma",
            0.18333828053862655
          ]
        ],
        "median": 1.8600989046371517,
        "IQR_mm": 1.6958592942426725,
        "n": 4
      },
      "canine": {
        "pairs": [
          [
            "13m",
            "43dc",
            1.8969552754583567
          ],
          [
            "23m",
            "33dc",
            3.0527361895296217
          ]
        ],
        "used_pairs": [
          [
            "13m",
            "43dc",
            1.8969552754583567
          ],
          [
            "23m",
            "33dc",
            3.0527361895296217
          ]
        ],
        "median": 2.474845732493989,
        "IQR_mm": 0.5778904570356325,
        "n": 2
      },
      "molar": {
        "pairs": [
          [
            "16mb",
            "46bg",
            0.4777999997124738
          ],
          [
            "26mb",
            "36bg",
            -0.4895462455092279
          ]
        ],
        "used_pairs": [
          [
            "16mb",
            "46bg",
            0.4777999997124738
          ],
          [
            "26mb",
            "36bg",
            -0.4895462455092279
          ]
        ],
        "median": -0.005873122898377048,
        "IQR_mm": 0.4836731226108508,
        "n": 2
      }
    },
    "group_medians": {
      "incisor": 1.8600989046371517,
      "canine": 2.474845732493989,
      "molar": -0.005873122898377048
    },
    "mode": "grouped",
    "hard_clip_mm": 12.0,
    "offset_mm": 1.8600989046371517
  },
  "Arch_Form": "卵圆形",
  "Arch_Width": "上颌：前段正常、中段偏宽、后段偏宽；下颌：前段偏窄、中段正常、后段正常",
  "Bolton_Ratio": "前牙比:0.82 全牙比:0.94",
  "Canine_Relationship_Right": "近中",
  "Canine_Relationship_Left": "远中",
  "Crossbite": "左侧正锁（累及第一前磨牙）",
  "Crowding_Up": 3.0,
  "Crowding_Down": 12.9,
  "Curve_of_Spee": "2.3mm",
  "Midline_Alignment": "上牙列正 下牙列右偏0.2mm",
  "Molar_Relationship_Right": "远中",
  "Molar_Relationship_Left": "远中尖对尖",
  "Overbite": "2.3mm 正常覆𬌗",
  "Overjet": "2.2mm 正常覆盖"
}