{
  "cases": [
    "29",
    "44",
    "54",
    "58",
    "97"
  ],
  "per_case": {
    "29": {
      "max_label": "46dl",
      "max_err": 1.5887322425842285,
      "min_label": "24lgb",
      "min_err": 0.019444668665528297,
      "mean": 0.29359768050114726,
      "p95": 0.6867701619863505
    },
    "44": {
      "max_label": "12mc",
      "max_err": 6.5769429206848145,
      "min_label": "33bgb",
      "min_err": 0.014875153079628944,
      "mean": 0.3245153713925574,
      "p95": 0.7422819048166275
    },
    "54": {
      "max_label": "25lgb",
      "max_err": 1.5874524116516113,
      "min_label": "24mc",
      "min_err": 0.0024405077565461397,
      "mean": 0.27173237991614696,
      "p95": 0.7903952389955515
    },
    "58": {
      "max_label": "41da",
      "max_err": 6.101526260375977,
      "min_label": "32m",
      "min_err": 0.00713038956746459,
      "mean": 0.5383952371146317,
      "p95": 1.5139221012592305
    },
    "97": {
      "max_label": "26bgb",
      "max_err": 5.9760847091674805,
      "min_label": "27bg",
      "min_err": 0.010775932110846043,
      "mean": 0.4736258601655298,
      "p95": 1.0017640113830566
    }
  },
  "label_mean_max": {
    "label": "41dc",
    "avg_err": 2.5121221587061884
  },
  "label_mean_min": {
    "label": "32ma",
    "avg_err": 0.0768972747027874
  },
  "avg_of_case_max_err": 4.366147708892822,
  "avg_of_case_min_err": 0.010933330236002802
}