epoch,train_loss,val_loss,val_dsc,val_dsc_perm,lr
1,2.2645234137773516,2.1395786960919696,0.0962135883509035,0.0984970517376002,0.0005
2,1.9258868048588436,2.2938250144322714,0.08006882743143016,0.07684070875226634,0.00048778860081564085
3,1.7561678518851598,1.903264005978902,0.23885496886711274,0.22660581877448055,0.00045234974009654937
