{
  "AP_Offset_Mode": "grouped",
  "AP_Offset_mm": 3.3961573096550417,
  "AP_Offset_Groups": {
    "incisor": 3.4188059086134537,
    "canine": 3.3961573096550417,
    "molar": 2.6856304005969065
  },
  "AP_Offset_Debug": {
    "pairs": [
      [
        "11ma",
        "41ma",
        3.9167362902414964
      ],
      [
        "21ma",
        "31ma",
        4.223692977328947
      ],
      [
        "12ma",
        "42ma",
        2.68675766952021
      ],
      [
        "22ma",
        "32ma",
        2.920875526985411
      ],
      [
        "13m",
        "43dc",
        3.1269431045655924
      ],
      [
        "23m",
        "33dc",
        3.665371514744491
      ],
      [
        "16mb",
        "46bg",
        2.585660466736801
      ],
      [
        "26mb",
        "36bg",
        2.785600334457012
      ]
    ],
    "used_pairs": [
      [
        "11ma",
        "41ma",
        3.9167362902414964
      ],
      [
        "21ma",
        "31ma",
        4.223692977328947
      ],
      [
        "12ma",
        "42ma",
        2.68675766952021
      ],
      [
        "22ma",
        "32ma",
        2.920875526985411
      ],
      [
        "13m",
        "43dc",
        3.1269431045655924
      ],
      [
        "23m",
        "33dc",
        3.665371514744491
      ],
      [
        "16mb",
        "46bg",
        2.585660466736801
      ],
      [
        "26mb",
        "36bg",
        2.785600334457012
      ]
    ],
    "IQR_mm": null,
    "n": 8,
    "groups": {
      "incisor": {
        "pairs": [
          [
            "11ma",
            "41ma",
            3.9167362902414964
          ],
          [
            "21ma",
            "31ma",
            4.223692977328947
          ],
          [
            "12ma",
            "42ma",
            2.68675766952021
          ],
          [
            "22ma",
            "32ma",
            2.920875526985411
          ]
        ],
        "used_pairs": [
          [
            "11ma",
            "41ma",
            3.9167362902414964
          ],
          [
            "21ma",
            "31ma",
            4.223692977328947
          ],
          [
            "12ma",
            "42ma",
            2.68675766952021
          ],
          [
            "22ma",
            "32ma",
            2.920875526985411
          ]
        ],
        "median": 3.4188059086134537,
        "IQR_mm": 1.1311293993942484,
        "n": 4
      },
      "canine": {
        "pairs": [
          [
            "13m",
            "43dc",
            3.1269431045655924
          ],
          [
            "23m",
            "33dc",
            3.665371514744491
          ]
        ],
        "used_pairs": [
          [
            "13m",
            "43dc",
            3.1269431045655924
          ],
          [
            "23m",
            "33dc",
            3.665371514744491
          ]
        ],
        "median": 3.3961573096550417,
        "IQR_mm": 0.26921420508944927,
        "n": 2
      },
      "molar": {
        "pairs": [
          [
            "16mb",
            "46bg",
            2.585660466736801
          ],
          [
            "26mb",
            "36bg",
            2.785600334457012
          ]
        ],
        "used_pairs": [
          [
            "16mb",
            "46bg",
            2.585660466736801
          ],
          [
            "26mb",
            "36bg",
            2.785600334457012
          ]
        ],
        "median": 2.6856304005969065,
        "IQR_mm": 0.09996993386010544,
        "n": 2
      }
    },
    "group_medians": {
      "incisor": 3.4188059086134537,
      "canine": 3.3961573096550417,
      "molar": 2.6856304005969065
    },
    "mode": "grouped",
    "hard_clip_mm": 12.0,
    "offset_mm": 3.3961573096550417
  },
  "Arch_Form": "尖圆形",
  "Arch_Width": "上颌：前段正常、中段偏宽、后段偏宽；下颌：前段正常、中段偏宽、后段偏宽",
  "Bolton_Ratio": "前牙比:0.80 全牙比:0.96",
  "Canine_Relationship_Right": "中性",
  "Canine_Relationship_Left": "中性",
  "Crossbite": "无",
  "Crowding_Up": 4.5,
  "Crowding_Down": 10.2,
  "Curve_of_Spee": "3.0mm",
  "Midline_Alignment": "上牙列正 下牙列左偏0.4mm",
  "Molar_Relationship_Right": "远中",
  "Molar_Relationship_Left": "远中",
  "Overbite": "4.0mm Ⅱ度深覆𬌗",
  "Overjet": "0.4mm 对刃"
}